Cluster ID,变更簇编号,Trade date,交易日,Product code,品种代码,Product name (English),品种名称（中文）,Parameter (English),参数（中文）,Old value,变更前值,New value,变更后值,Affected contracts,受影响合约,Affected contract count,受影响合约数,Active contract count,当日活跃合约数,Affected share,受影响占比,Scope class,范围分类,Near-expiry contract count,临近到期合约数,Long-gap field count,长间隔字段数,Interpretation limit,解释边界
v15_cluster_0000056,v15_cluster_0000056,20131010,20131010,BU,BU,Bitumen,石油沥青,Price-limit ratio,涨跌停板幅度,0.08,0.08,0.04,0.04,bu1402;bu1403;bu1406;bu1409;bu1412;bu1503;bu1506;bu1509,bu1402;bu1403;bu1406;bu1409;bu1412;bu1503;bu1506;bu1509,8,8,8,8,1.0,1.0,all_active_contracts,覆盖当日全部活跃合约,0,0,0,0,Descriptive cluster only; it is not automatically classified as a notice-driven or causal policy event.,仅为描述性变更簇，不自动认定为公告驱动或因果政策事件。
v15_cluster_0000177,v15_cluster_0000177,20131119,20131119,BU,BU,Bitumen,石油沥青,Price-limit ratio,涨跌停板幅度,0.08,0.08,0.04,0.04,bu1405,bu1405,1,1,10,10,0.1,0.1,single_contract,单一合约,0,0,0,0,Descriptive cluster only; it is not automatically classified as a notice-driven or causal policy event.,仅为描述性变更簇，不自动认定为公告驱动或因果政策事件。
v15_cluster_0000268,v15_cluster_0000268,20131227,20131227,BU,BU,Bitumen,石油沥青,Price-limit ratio,涨跌停板幅度,0.08,0.08,0.04,0.04,bu1512,bu1512,1,1,11,11,0.09090909090909091,0.09090909090909091,single_contract,单一合约,0,0,0,0,Descriptive cluster only; it is not automatically classified as a notice-driven or causal policy event.,仅为描述性变更簇，不自动认定为公告驱动或因果政策事件。
v15_cluster_0000281,v15_cluster_0000281,20140102,20140102,BU,BU,Bitumen,石油沥青,General-position margin ratio,一般持仓交易保证金比例,0.06,0.06,0.1,0.1,bu1402,bu1402,1,1,11,11,0.09090909090909091,0.09090909090909091,single_contract,单一合约,0,0,0,0,Descriptive cluster only; it is not automatically classified as a notice-driven or causal policy event.,仅为描述性变更簇，不自动认定为公告驱动或因果政策事件。
v15_cluster_0000282,v15_cluster_0000282,20140102,20140102,BU,BU,Bitumen,石油沥青,Hedge-position margin ratio,套保持仓交易保证金比例,0.06,0.06,0.1,0.1,bu1402,bu1402,1,1,11,11,0.09090909090909091,0.09090909090909091,single_contract,单一合约,0,0,0,0,Descriptive cluster only; it is not automatically classified as a notice-driven or causal policy event.,仅为描述性变更簇，不自动认定为公告驱动或因果政策事件。
v15_cluster_0000360,v15_cluster_0000360,20140130,20140130,BU,BU,Bitumen,石油沥青,General-position margin ratio,一般持仓交易保证金比例,0.06,0.06,0.08,0.08,bu1403;bu1404;bu1405;bu1406;bu1407;bu1409;bu1412;bu1503;bu1506;bu1509;bu1512,bu1403;bu1404;bu1405;bu1406;bu1407;bu1409;bu1412;bu1503;bu1506;bu1509;bu1512,11,11,12,12,0.9166666666666666,0.9166666666666666,majority_of_active_contracts,覆盖当日多数活跃合约,0,0,0,0,Descriptive cluster only; it is not automatically classified as a notice-driven or causal policy event.,仅为描述性变更簇，不自动认定为公告驱动或因果政策事件。
v15_cluster_0000361,v15_cluster_0000361,20140130,20140130,BU,BU,Bitumen,石油沥青,Hedge-position margin ratio,套保持仓交易保证金比例,0.06,0.06,0.08,0.08,bu1403;bu1404;bu1405;bu1406;bu1407;bu1409;bu1412;bu1503;bu1506;bu1509;bu1512,bu1403;bu1404;bu1405;bu1406;bu1407;bu1409;bu1412;bu1503;bu1506;bu1509;bu1512,11,11,12,12,0.9166666666666666,0.9166666666666666,majority_of_active_contracts,覆盖当日多数活跃合约,0,0,0,0,Descriptive cluster only; it is not automatically classified as a notice-driven or causal policy event.,仅为描述性变更簇，不自动认定为公告驱动或因果政策事件。
v15_cluster_0000362,v15_cluster_0000362,20140130,20140130,BU,BU,Bitumen,石油沥青,Price-limit ratio,涨跌停板幅度,0.04,0.04,0.05,0.05,bu1402;bu1403;bu1404;bu1405;bu1406;bu1409;bu1412;bu1503;bu1506;bu1509;bu1512,bu1402;bu1403;bu1404;bu1405;bu1406;bu1409;bu1412;bu1503;bu1506;bu1509;bu1512,11,11,12,12,0.9166666666666666,0.9166666666666666,majority_of_active_contracts,覆盖当日多数活跃合约,1,1,0,0,Descriptive cluster only; it is not automatically classified as a notice-driven or causal policy event.,仅为描述性变更簇，不自动认定为公告驱动或因果政策事件。
v15_cluster_0000395,v15_cluster_0000395,20140207,20140207,BU,BU,Bitumen,石油沥青,General-position margin ratio,一般持仓交易保证金比例,0.08,0.08,0.1,0.1,bu1403,bu1403,1,1,12,12,0.08333333333333333,0.08333333333333333,single_contract,单一合约,0,0,0,0,Descriptive cluster only; it is not automatically classified as a notice-driven or causal policy event.,仅为描述性变更簇，不自动认定为公告驱动或因果政策事件。
v15_cluster_0000396,v15_cluster_0000396,20140207,20140207,BU,BU,Bitumen,石油沥青,General-position margin ratio,一般持仓交易保证金比例,0.1,0.1,0.15,0.15,bu1402,bu1402,1,1,12,12,0.08333333333333333,0.08333333333333333,single_contract,单一合约,1,1,0,0,Descriptive cluster only; it is not automatically classified as a notice-driven or causal policy event.,仅为描述性变更簇，不自动认定为公告驱动或因果政策事件。
v15_cluster_0000397,v15_cluster_0000397,20140207,20140207,BU,BU,Bitumen,石油沥青,Hedge-position margin ratio,套保持仓交易保证金比例,0.08,0.08,0.1,0.1,bu1403,bu1403,1,1,12,12,0.08333333333333333,0.08333333333333333,single_contract,单一合约,0,0,0,0,Descriptive cluster only; it is not automatically classified as a notice-driven or causal policy event.,仅为描述性变更簇，不自动认定为公告驱动或因果政策事件。
v15_cluster_0000398,v15_cluster_0000398,20140207,20140207,BU,BU,Bitumen,石油沥青,Hedge-position margin ratio,套保持仓交易保证金比例,0.1,0.1,0.15,0.15,bu1402,bu1402,1,1,12,12,0.08333333333333333,0.08333333333333333,single_contract,单一合约,1,1,0,0,Descriptive cluster only; it is not automatically classified as a notice-driven or causal policy event.,仅为描述性变更簇，不自动认定为公告驱动或因果政策事件。
v15_cluster_0000428,v15_cluster_0000428,20140210,20140210,BU,BU,Bitumen,石油沥青,General-position margin ratio,一般持仓交易保证金比例,0.08,0.08,0.06,0.06,bu1404;bu1405;bu1406;bu1407;bu1409;bu1412;bu1503;bu1506;bu1509;bu1512,bu1404;bu1405;bu1406;bu1407;bu1409;bu1412;bu1503;bu1506;bu1509;bu1512,10,10,12,12,0.8333333333333334,0.8333333333333334,majority_of_active_contracts,覆盖当日多数活跃合约,0,0,0,0,Descriptive cluster only; it is not automatically classified as a notice-driven or causal policy event.,仅为描述性变更簇，不自动认定为公告驱动或因果政策事件。
v15_cluster_0000429,v15_cluster_0000429,20140210,20140210,BU,BU,Bitumen,石油沥青,Hedge-position margin ratio,套保持仓交易保证金比例,0.08,0.08,0.06,0.06,bu1404;bu1405;bu1406;bu1407;bu1409;bu1412;bu1503;bu1506;bu1509;bu1512,bu1404;bu1405;bu1406;bu1407;bu1409;bu1412;bu1503;bu1506;bu1509;bu1512,10,10,12,12,0.8333333333333334,0.8333333333333334,majority_of_active_contracts,覆盖当日多数活跃合约,0,0,0,0,Descriptive cluster only; it is not automatically classified as a notice-driven or causal policy event.,仅为描述性变更簇，不自动认定为公告驱动或因果政策事件。
v15_cluster_0000430,v15_cluster_0000430,20140210,20140210,BU,BU,Bitumen,石油沥青,Price-limit ratio,涨跌停板幅度,0.05,0.05,0.04,0.04,bu1402;bu1403;bu1404;bu1405;bu1406;bu1409;bu1412;bu1503;bu1506;bu1509;bu1512,bu1402;bu1403;bu1404;bu1405;bu1406;bu1409;bu1412;bu1503;bu1506;bu1509;bu1512,11,11,12,12,0.9166666666666666,0.9166666666666666,majority_of_active_contracts,覆盖当日多数活跃合约,1,1,0,0,Descriptive cluster only; it is not automatically classified as a notice-driven or causal policy event.,仅为描述性变更簇，不自动认定为公告驱动或因果政策事件。
v15_cluster_0000462,v15_cluster_0000462,20140213,20140213,BU,BU,Bitumen,石油沥青,General-position margin ratio,一般持仓交易保证金比例,0.15,0.15,0.2,0.2,bu1402,bu1402,1,1,12,12,0.08333333333333333,0.08333333333333333,single_contract,单一合约,1,1,0,0,Descriptive cluster only; it is not automatically classified as a notice-driven or causal policy event.,仅为描述性变更簇，不自动认定为公告驱动或因果政策事件。
v15_cluster_0000463,v15_cluster_0000463,20140213,20140213,BU,BU,Bitumen,石油沥青,Hedge-position margin ratio,套保持仓交易保证金比例,0.15,0.15,0.2,0.2,bu1402,bu1402,1,1,12,12,0.08333333333333333,0.08333333333333333,single_contract,单一合约,1,1,0,0,Descriptive cluster only; it is not automatically classified as a notice-driven or causal policy event.,仅为描述性变更簇，不自动认定为公告驱动或因果政策事件。
v15_cluster_0000506,v15_cluster_0000506,20140227,20140227,BU,BU,Bitumen,石油沥青,Price-limit ratio,涨跌停板幅度,0.08,0.08,0.04,0.04,bu1408,bu1408,1,1,12,12,0.08333333333333333,0.08333333333333333,single_contract,单一合约,0,0,0,0,Descriptive cluster only; it is not automatically classified as a notice-driven or causal policy event.,仅为描述性变更簇，不自动认定为公告驱动或因果政策事件。
v15_cluster_0000522,v15_cluster_0000522,20140303,20140303,BU,BU,Bitumen,石油沥青,General-position margin ratio,一般持仓交易保证金比例,0.06,0.06,0.1,0.1,bu1404,bu1404,1,1,12,12,0.08333333333333333,0.08333333333333333,single_contract,单一合约,0,0,0,0,Descriptive cluster only; it is not automatically classified as a notice-driven or causal policy event.,仅为描述性变更簇，不自动认定为公告驱动或因果政策事件。
v15_cluster_0000523,v15_cluster_0000523,20140303,20140303,BU,BU,Bitumen,石油沥青,General-position margin ratio,一般持仓交易保证金比例,0.1,0.1,0.15,0.15,bu1403,bu1403,1,1,12,12,0.08333333333333333,0.08333333333333333,single_contract,单一合约,1,1,0,0,Descriptive cluster only; it is not automatically classified as a notice-driven or causal policy event.,仅为描述性变更簇，不自动认定为公告驱动或因果政策事件。
v15_cluster_0000524,v15_cluster_0000524,20140303,20140303,BU,BU,Bitumen,石油沥青,Hedge-position margin ratio,套保持仓交易保证金比例,0.06,0.06,0.1,0.1,bu1404,bu1404,1,1,12,12,0.08333333333333333,0.08333333333333333,single_contract,单一合约,0,0,0,0,Descriptive cluster only; it is not automatically classified as a notice-driven or causal policy event.,仅为描述性变更簇，不自动认定为公告驱动或因果政策事件。
v15_cluster_0000525,v15_cluster_0000525,20140303,20140303,BU,BU,Bitumen,石油沥青,Hedge-position margin ratio,套保持仓交易保证金比例,0.1,0.1,0.15,0.15,bu1403,bu1403,1,1,12,12,0.08333333333333333,0.08333333333333333,single_contract,单一合约,1,1,0,0,Descriptive cluster only; it is not automatically classified as a notice-driven or causal policy event.,仅为描述性变更簇，不自动认定为公告驱动或因果政策事件。
v15_cluster_0000564,v15_cluster_0000564,20140311,20140311,BU,BU,Bitumen,石油沥青,Price-limit ratio,涨跌停板幅度,0.08,0.08,0.04,0.04,bu1407,bu1407,1,1,12,12,0.08333333333333333,0.08333333333333333,single_contract,单一合约,0,0,0,0,Descriptive cluster only; it is not automatically classified as a notice-driven or causal policy event.,仅为描述性变更簇，不自动认定为公告驱动或因果政策事件。
v15_cluster_0000595,v15_cluster_0000595,20140313,20140313,BU,BU,Bitumen,石油沥青,General-position margin ratio,一般持仓交易保证金比例,0.15,0.15,0.2,0.2,bu1403,bu1403,1,1,12,12,0.08333333333333333,0.08333333333333333,single_contract,单一合约,1,1,0,0,Descriptive cluster only; it is not automatically classified as a notice-driven or causal policy event.,仅为描述性变更簇，不自动认定为公告驱动或因果政策事件。
v15_cluster_0000596,v15_cluster_0000596,20140313,20140313,BU,BU,Bitumen,石油沥青,Hedge-position margin ratio,套保持仓交易保证金比例,0.15,0.15,0.2,0.2,bu1403,bu1403,1,1,12,12,0.08333333333333333,0.08333333333333333,single_contract,单一合约,1,1,0,0,Descriptive cluster only; it is not automatically classified as a notice-driven or causal policy event.,仅为描述性变更簇，不自动认定为公告驱动或因果政策事件。
v15_cluster_0000658,v15_cluster_0000658,20140401,20140401,BU,BU,Bitumen,石油沥青,General-position margin ratio,一般持仓交易保证金比例,0.06,0.06,0.1,0.1,bu1405,bu1405,1,1,12,12,0.08333333333333333,0.08333333333333333,single_contract,单一合约,0,0,0,0,Descriptive cluster only; it is not automatically classified as a notice-driven or causal policy event.,仅为描述性变更簇，不自动认定为公告驱动或因果政策事件。
v15_cluster_0000659,v15_cluster_0000659,20140401,20140401,BU,BU,Bitumen,石油沥青,General-position margin ratio,一般持仓交易保证金比例,0.1,0.1,0.15,0.15,bu1404,bu1404,1,1,12,12,0.08333333333333333,0.08333333333333333,single_contract,单一合约,1,1,0,0,Descriptive cluster only; it is not automatically classified as a notice-driven or causal policy event.,仅为描述性变更簇，不自动认定为公告驱动或因果政策事件。
v15_cluster_0000660,v15_cluster_0000660,20140401,20140401,BU,BU,Bitumen,石油沥青,Hedge-position margin ratio,套保持仓交易保证金比例,0.06,0.06,0.1,0.1,bu1405,bu1405,1,1,12,12,0.08333333333333333,0.08333333333333333,single_contract,单一合约,0,0,0,0,Descriptive cluster only; it is not automatically classified as a notice-driven or causal policy event.,仅为描述性变更簇，不自动认定为公告驱动或因果政策事件。
v15_cluster_0000661,v15_cluster_0000661,20140401,20140401,BU,BU,Bitumen,石油沥青,Hedge-position margin ratio,套保持仓交易保证金比例,0.1,0.1,0.15,0.15,bu1404,bu1404,1,1,12,12,0.08333333333333333,0.08333333333333333,single_contract,单一合约,1,1,0,0,Descriptive cluster only; it is not automatically classified as a notice-driven or causal policy event.,仅为描述性变更簇，不自动认定为公告驱动或因果政策事件。
v15_cluster_0000696,v15_cluster_0000696,20140411,20140411,BU,BU,Bitumen,石油沥青,General-position margin ratio,一般持仓交易保证金比例,0.15,0.15,0.2,0.2,bu1404,bu1404,1,1,12,12,0.08333333333333333,0.08333333333333333,single_contract,单一合约,1,1,0,0,Descriptive cluster only; it is not automatically classified as a notice-driven or causal policy event.,仅为描述性变更簇，不自动认定为公告驱动或因果政策事件。
v15_cluster_0000697,v15_cluster_0000697,20140411,20140411,BU,BU,Bitumen,石油沥青,Hedge-position margin ratio,套保持仓交易保证金比例,0.15,0.15,0.2,0.2,bu1404,bu1404,1,1,12,12,0.08333333333333333,0.08333333333333333,single_contract,单一合约,1,1,0,0,Descriptive cluster only; it is not automatically classified as a notice-driven or causal policy event.,仅为描述性变更簇，不自动认定为公告驱动或因果政策事件。
v15_cluster_0000763,v15_cluster_0000763,20140505,20140505,BU,BU,Bitumen,石油沥青,General-position margin ratio,一般持仓交易保证金比例,0.06,0.06,0.1,0.1,bu1406,bu1406,1,1,12,12,0.08333333333333333,0.08333333333333333,single_contract,单一合约,0,0,0,0,Descriptive cluster only; it is not automatically classified as a notice-driven or causal policy event.,仅为描述性变更簇，不自动认定为公告驱动或因果政策事件。
v15_cluster_0000764,v15_cluster_0000764,20140505,20140505,BU,BU,Bitumen,石油沥青,General-position margin ratio,一般持仓交易保证金比例,0.1,0.1,0.15,0.15,bu1405,bu1405,1,1,12,12,0.08333333333333333,0.08333333333333333,single_contract,单一合约,1,1,0,0,Descriptive cluster only; it is not automatically classified as a notice-driven or causal policy event.,仅为描述性变更簇，不自动认定为公告驱动或因果政策事件。
v15_cluster_0000765,v15_cluster_0000765,20140505,20140505,BU,BU,Bitumen,石油沥青,Hedge-position margin ratio,套保持仓交易保证金比例,0.06,0.06,0.1,0.1,bu1406,bu1406,1,1,12,12,0.08333333333333333,0.08333333333333333,single_contract,单一合约,0,0,0,0,Descriptive cluster only; it is not automatically classified as a notice-driven or causal policy event.,仅为描述性变更簇，不自动认定为公告驱动或因果政策事件。
v15_cluster_0000766,v15_cluster_0000766,20140505,20140505,BU,BU,Bitumen,石油沥青,Hedge-position margin ratio,套保持仓交易保证金比例,0.1,0.1,0.15,0.15,bu1405,bu1405,1,1,12,12,0.08333333333333333,0.08333333333333333,single_contract,单一合约,1,1,0,0,Descriptive cluster only; it is not automatically classified as a notice-driven or causal policy event.,仅为描述性变更簇，不自动认定为公告驱动或因果政策事件。
v15_cluster_0000820,v15_cluster_0000820,20140513,20140513,BU,BU,Bitumen,石油沥青,General-position margin ratio,一般持仓交易保证金比例,0.15,0.15,0.2,0.2,bu1405,bu1405,1,1,12,12,0.08333333333333333,0.08333333333333333,single_contract,单一合约,1,1,0,0,Descriptive cluster only; it is not automatically classified as a notice-driven or causal policy event.,仅为描述性变更簇，不自动认定为公告驱动或因果政策事件。
v15_cluster_0000821,v15_cluster_0000821,20140513,20140513,BU,BU,Bitumen,石油沥青,Hedge-position margin ratio,套保持仓交易保证金比例,0.15,0.15,0.2,0.2,bu1405,bu1405,1,1,12,12,0.08333333333333333,0.08333333333333333,single_contract,单一合约,1,1,0,0,Descriptive cluster only; it is not automatically classified as a notice-driven or causal policy event.,仅为描述性变更簇，不自动认定为公告驱动或因果政策事件。
v15_cluster_0000866,v15_cluster_0000866,20140528,20140528,BU,BU,Bitumen,石油沥青,Price-limit ratio,涨跌停板幅度,0.08,0.08,0.04,0.04,bu1410,bu1410,1,1,12,12,0.08333333333333333,0.08333333333333333,single_contract,单一合约,0,0,0,0,Descriptive cluster only; it is not automatically classified as a notice-driven or causal policy event.,仅为描述性变更簇，不自动认定为公告驱动或因果政策事件。
v15_cluster_0000888,v15_cluster_0000888,20140603,20140603,BU,BU,Bitumen,石油沥青,General-position margin ratio,一般持仓交易保证金比例,0.06,0.06,0.1,0.1,bu1407,bu1407,1,1,12,12,0.08333333333333333,0.08333333333333333,single_contract,单一合约,0,0,0,0,Descriptive cluster only; it is not automatically classified as a notice-driven or causal policy event.,仅为描述性变更簇，不自动认定为公告驱动或因果政策事件。
v15_cluster_0000889,v15_cluster_0000889,20140603,20140603,BU,BU,Bitumen,石油沥青,General-position margin ratio,一般持仓交易保证金比例,0.1,0.1,0.15,0.15,bu1406,bu1406,1,1,12,12,0.08333333333333333,0.08333333333333333,single_contract,单一合约,1,1,0,0,Descriptive cluster only; it is not automatically classified as a notice-driven or causal policy event.,仅为描述性变更簇，不自动认定为公告驱动或因果政策事件。
v15_cluster_0000890,v15_cluster_0000890,20140603,20140603,BU,BU,Bitumen,石油沥青,Hedge-position margin ratio,套保持仓交易保证金比例,0.06,0.06,0.1,0.1,bu1407,bu1407,1,1,12,12,0.08333333333333333,0.08333333333333333,single_contract,单一合约,0,0,0,0,Descriptive cluster only; it is not automatically classified as a notice-driven or causal policy event.,仅为描述性变更簇，不自动认定为公告驱动或因果政策事件。
v15_cluster_0000891,v15_cluster_0000891,20140603,20140603,BU,BU,Bitumen,石油沥青,Hedge-position margin ratio,套保持仓交易保证金比例,0.1,0.1,0.15,0.15,bu1406,bu1406,1,1,12,12,0.08333333333333333,0.08333333333333333,single_contract,单一合约,1,1,0,0,Descriptive cluster only; it is not automatically classified as a notice-driven or causal policy event.,仅为描述性变更簇，不自动认定为公告驱动或因果政策事件。
v15_cluster_0000921,v15_cluster_0000921,20140604,20140604,BU,BU,Bitumen,石油沥青,General-position margin ratio,一般持仓交易保证金比例,0.06,0.06,0.05,0.05,bu1408;bu1409;bu1410;bu1411;bu1412;bu1503;bu1506;bu1509;bu1512;bu1603,bu1408;bu1409;bu1410;bu1411;bu1412;bu1503;bu1506;bu1509;bu1512;bu1603,10,10,12,12,0.8333333333333334,0.8333333333333334,majority_of_active_contracts,覆盖当日多数活跃合约,0,0,0,0,Descriptive cluster only; it is not automatically classified as a notice-driven or causal policy event.,仅为描述性变更簇，不自动认定为公告驱动或因果政策事件。
v15_cluster_0000922,v15_cluster_0000922,20140604,20140604,BU,BU,Bitumen,石油沥青,Hedge-position margin ratio,套保持仓交易保证金比例,0.06,0.06,0.05,0.05,bu1408;bu1409;bu1410;bu1411;bu1412;bu1503;bu1506;bu1509;bu1512;bu1603,bu1408;bu1409;bu1410;bu1411;bu1412;bu1503;bu1506;bu1509;bu1512;bu1603,10,10,12,12,0.8333333333333334,0.8333333333333334,majority_of_active_contracts,覆盖当日多数活跃合约,0,0,0,0,Descriptive cluster only; it is not automatically classified as a notice-driven or causal policy event.,仅为描述性变更簇，不自动认定为公告驱动或因果政策事件。
v15_cluster_0000952,v15_cluster_0000952,20140612,20140612,BU,BU,Bitumen,石油沥青,General-position margin ratio,一般持仓交易保证金比例,0.15,0.15,0.2,0.2,bu1406,bu1406,1,1,12,12,0.08333333333333333,0.08333333333333333,single_contract,单一合约,1,1,0,0,Descriptive cluster only; it is not automatically classified as a notice-driven or causal policy event.,仅为描述性变更簇，不自动认定为公告驱动或因果政策事件。
v15_cluster_0000953,v15_cluster_0000953,20140612,20140612,BU,BU,Bitumen,石油沥青,Hedge-position margin ratio,套保持仓交易保证金比例,0.15,0.15,0.2,0.2,bu1406,bu1406,1,1,12,12,0.08333333333333333,0.08333333333333333,single_contract,单一合约,1,1,0,0,Descriptive cluster only; it is not automatically classified as a notice-driven or causal policy event.,仅为描述性变更簇，不自动认定为公告驱动或因果政策事件。
v15_cluster_0001001,v15_cluster_0001001,20140701,20140701,BU,BU,Bitumen,石油沥青,General-position margin ratio,一般持仓交易保证金比例,0.05,0.05,0.1,0.1,bu1408,bu1408,1,1,12,12,0.08333333333333333,0.08333333333333333,single_contract,单一合约,0,0,0,0,Descriptive cluster only; it is not automatically classified as a notice-driven or causal policy event.,仅为描述性变更簇，不自动认定为公告驱动或因果政策事件。
v15_cluster_0001002,v15_cluster_0001002,20140701,20140701,BU,BU,Bitumen,石油沥青,General-position margin ratio,一般持仓交易保证金比例,0.1,0.1,0.15,0.15,bu1407,bu1407,1,1,12,12,0.08333333333333333,0.08333333333333333,single_contract,单一合约,1,1,0,0,Descriptive cluster only; it is not automatically classified as a notice-driven or causal policy event.,仅为描述性变更簇，不自动认定为公告驱动或因果政策事件。
v15_cluster_0001003,v15_cluster_0001003,20140701,20140701,BU,BU,Bitumen,石油沥青,Hedge-position margin ratio,套保持仓交易保证金比例,0.05,0.05,0.1,0.1,bu1408,bu1408,1,1,12,12,0.08333333333333333,0.08333333333333333,single_contract,单一合约,0,0,0,0,Descriptive cluster only; it is not automatically classified as a notice-driven or causal policy event.,仅为描述性变更簇，不自动认定为公告驱动或因果政策事件。
v15_cluster_0001004,v15_cluster_0001004,20140701,20140701,BU,BU,Bitumen,石油沥青,Hedge-position margin ratio,套保持仓交易保证金比例,0.1,0.1,0.15,0.15,bu1407,bu1407,1,1,12,12,0.08333333333333333,0.08333333333333333,single_contract,单一合约,1,1,0,0,Descriptive cluster only; it is not automatically classified as a notice-driven or causal policy event.,仅为描述性变更簇，不自动认定为公告驱动或因果政策事件。
v15_cluster_0001050,v15_cluster_0001050,20140711,20140711,BU,BU,Bitumen,石油沥青,General-position margin ratio,一般持仓交易保证金比例,0.15,0.15,0.2,0.2,bu1407,bu1407,1,1,12,12,0.08333333333333333,0.08333333333333333,single_contract,单一合约,1,1,0,0,Descriptive cluster only; it is not automatically classified as a notice-driven or causal policy event.,仅为描述性变更簇，不自动认定为公告驱动或因果政策事件。
v15_cluster_0001051,v15_cluster_0001051,20140711,20140711,BU,BU,Bitumen,石油沥青,Hedge-position margin ratio,套保持仓交易保证金比例,0.15,0.15,0.2,0.2,bu1407,bu1407,1,1,12,12,0.08333333333333333,0.08333333333333333,single_contract,单一合约,1,1,0,0,Descriptive cluster only; it is not automatically classified as a notice-driven or causal policy event.,仅为描述性变更簇，不自动认定为公告驱动或因果政策事件。
v15_cluster_0001092,v15_cluster_0001092,20140724,20140724,BU,BU,Bitumen,石油沥青,Price-limit ratio,涨跌停板幅度,0.08,0.08,0.04,0.04,bu1501,bu1501,1,1,12,12,0.08333333333333333,0.08333333333333333,single_contract,单一合约,0,0,0,0,Descriptive cluster only; it is not automatically classified as a notice-driven or causal policy event.,仅为描述性变更簇，不自动认定为公告驱动或因果政策事件。
v15_cluster_0001094,v15_cluster_0001094,20140728,20140728,BU,BU,Bitumen,石油沥青,Price-limit ratio,涨跌停板幅度,0.08,0.08,0.04,0.04,bu1606,bu1606,1,1,12,12,0.08333333333333333,0.08333333333333333,single_contract,单一合约,0,0,0,0,Descriptive cluster only; it is not automatically classified as a notice-driven or causal policy event.,仅为描述性变更簇，不自动认定为公告驱动或因果政策事件。
v15_cluster_0001132,v15_cluster_0001132,20140801,20140801,BU,BU,Bitumen,石油沥青,General-position margin ratio,一般持仓交易保证金比例,0.05,0.05,0.1,0.1,bu1409,bu1409,1,1,12,12,0.08333333333333333,0.08333333333333333,single_contract,单一合约,0,0,0,0,Descriptive cluster only; it is not automatically classified as a notice-driven or causal policy event.,仅为描述性变更簇，不自动认定为公告驱动或因果政策事件。
v15_cluster_0001133,v15_cluster_0001133,20140801,20140801,BU,BU,Bitumen,石油沥青,General-position margin ratio,一般持仓交易保证金比例,0.1,0.1,0.15,0.15,bu1408,bu1408,1,1,12,12,0.08333333333333333,0.08333333333333333,single_contract,单一合约,1,1,0,0,Descriptive cluster only; it is not automatically classified as a notice-driven or causal policy event.,仅为描述性变更簇，不自动认定为公告驱动或因果政策事件。
v15_cluster_0001134,v15_cluster_0001134,20140801,20140801,BU,BU,Bitumen,石油沥青,Hedge-position margin ratio,套保持仓交易保证金比例,0.05,0.05,0.1,0.1,bu1409,bu1409,1,1,12,12,0.08333333333333333,0.08333333333333333,single_contract,单一合约,0,0,0,0,Descriptive cluster only; it is not automatically classified as a notice-driven or causal policy event.,仅为描述性变更簇，不自动认定为公告驱动或因果政策事件。
v15_cluster_0001135,v15_cluster_0001135,20140801,20140801,BU,BU,Bitumen,石油沥青,Hedge-position margin ratio,套保持仓交易保证金比例,0.1,0.1,0.15,0.15,bu1408,bu1408,1,1,12,12,0.08333333333333333,0.08333333333333333,single_contract,单一合约,1,1,0,0,Descriptive cluster only; it is not automatically classified as a notice-driven or causal policy event.,仅为描述性变更簇，不自动认定为公告驱动或因果政策事件。
v15_cluster_0001181,v15_cluster_0001181,20140813,20140813,BU,BU,Bitumen,石油沥青,General-position margin ratio,一般持仓交易保证金比例,0.15,0.15,0.2,0.2,bu1408,bu1408,1,1,12,12,0.08333333333333333,0.08333333333333333,single_contract,单一合约,1,1,0,0,Descriptive cluster only; it is not automatically classified as a notice-driven or causal policy event.,仅为描述性变更簇，不自动认定为公告驱动或因果政策事件。
v15_cluster_0001182,v15_cluster_0001182,20140813,20140813,BU,BU,Bitumen,石油沥青,Hedge-position margin ratio,套保持仓交易保证金比例,0.15,0.15,0.2,0.2,bu1408,bu1408,1,1,12,12,0.08333333333333333,0.08333333333333333,single_contract,单一合约,1,1,0,0,Descriptive cluster only; it is not automatically classified as a notice-driven or causal policy event.,仅为描述性变更簇，不自动认定为公告驱动或因果政策事件。
v15_cluster_0001233,v15_cluster_0001233,20140901,20140901,BU,BU,Bitumen,石油沥青,General-position margin ratio,一般持仓交易保证金比例,0.05,0.05,0.1,0.1,bu1410,bu1410,1,1,12,12,0.08333333333333333,0.08333333333333333,single_contract,单一合约,0,0,0,0,Descriptive cluster only; it is not automatically classified as a notice-driven or causal policy event.,仅为描述性变更簇，不自动认定为公告驱动或因果政策事件。
v15_cluster_0001234,v15_cluster_0001234,20140901,20140901,BU,BU,Bitumen,石油沥青,General-position margin ratio,一般持仓交易保证金比例,0.1,0.1,0.15,0.15,bu1409,bu1409,1,1,12,12,0.08333333333333333,0.08333333333333333,single_contract,单一合约,1,1,0,0,Descriptive cluster only; it is not automatically classified as a notice-driven or causal policy event.,仅为描述性变更簇，不自动认定为公告驱动或因果政策事件。
v15_cluster_0001235,v15_cluster_0001235,20140901,20140901,BU,BU,Bitumen,石油沥青,Hedge-position margin ratio,套保持仓交易保证金比例,0.05,0.05,0.1,0.1,bu1410,bu1410,1,1,12,12,0.08333333333333333,0.08333333333333333,single_contract,单一合约,0,0,0,0,Descriptive cluster only; it is not automatically classified as a notice-driven or causal policy event.,仅为描述性变更簇，不自动认定为公告驱动或因果政策事件。
v15_cluster_0001236,v15_cluster_0001236,20140901,20140901,BU,BU,Bitumen,石油沥青,Hedge-position margin ratio,套保持仓交易保证金比例,0.1,0.1,0.15,0.15,bu1409,bu1409,1,1,12,12,0.08333333333333333,0.08333333333333333,single_contract,单一合约,1,1,0,0,Descriptive cluster only; it is not automatically classified as a notice-driven or causal policy event.,仅为描述性变更簇，不自动认定为公告驱动或因果政策事件。
v15_cluster_0001290,v15_cluster_0001290,20140911,20140911,BU,BU,Bitumen,石油沥青,General-position margin ratio,一般持仓交易保证金比例,0.15,0.15,0.2,0.2,bu1409,bu1409,1,1,12,12,0.08333333333333333,0.08333333333333333,single_contract,单一合约,1,1,0,0,Descriptive cluster only; it is not automatically classified as a notice-driven or causal policy event.,仅为描述性变更簇，不自动认定为公告驱动或因果政策事件。
v15_cluster_0001291,v15_cluster_0001291,20140911,20140911,BU,BU,Bitumen,石油沥青,Hedge-position margin ratio,套保持仓交易保证金比例,0.15,0.15,0.2,0.2,bu1409,bu1409,1,1,12,12,0.08333333333333333,0.08333333333333333,single_contract,单一合约,1,1,0,0,Descriptive cluster only; it is not automatically classified as a notice-driven or causal policy event.,仅为描述性变更簇，不自动认定为公告驱动或因果政策事件。
v15_cluster_0001365,v15_cluster_0001365,20140930,20140930,BU,BU,Bitumen,石油沥青,General-position margin ratio,一般持仓交易保证金比例,0.05,0.05,0.09,0.09,bu1411;bu1412;bu1501;bu1502;bu1503;bu1506;bu1509;bu1512;bu1603;bu1606;bu1609,bu1411;bu1412;bu1501;bu1502;bu1503;bu1506;bu1509;bu1512;bu1603;bu1606;bu1609,11,11,12,12,0.9166666666666666,0.9166666666666666,majority_of_active_contracts,覆盖当日多数活跃合约,0,0,0,0,Descriptive cluster only; it is not automatically classified as a notice-driven or causal policy event.,仅为描述性变更簇，不自动认定为公告驱动或因果政策事件。
v15_cluster_0001366,v15_cluster_0001366,20140930,20140930,BU,BU,Bitumen,石油沥青,Hedge-position margin ratio,套保持仓交易保证金比例,0.05,0.05,0.09,0.09,bu1411;bu1412;bu1501;bu1502;bu1503;bu1506;bu1509;bu1512;bu1603;bu1606;bu1609,bu1411;bu1412;bu1501;bu1502;bu1503;bu1506;bu1509;bu1512;bu1603;bu1606;bu1609,11,11,12,12,0.9166666666666666,0.9166666666666666,majority_of_active_contracts,覆盖当日多数活跃合约,0,0,0,0,Descriptive cluster only; it is not automatically classified as a notice-driven or causal policy event.,仅为描述性变更簇，不自动认定为公告驱动或因果政策事件。
v15_cluster_0001367,v15_cluster_0001367,20140930,20140930,BU,BU,Bitumen,石油沥青,Price-limit ratio,涨跌停板幅度,0.04,0.04,0.06,0.06,bu1410;bu1412;bu1501;bu1503;bu1506;bu1509;bu1512;bu1606,bu1410;bu1412;bu1501;bu1503;bu1506;bu1509;bu1512;bu1606,8,8,12,12,0.6666666666666666,0.6666666666666666,majority_of_active_contracts,覆盖当日多数活跃合约,1,1,0,0,Descriptive cluster only; it is not automatically classified as a notice-driven or causal policy event.,仅为描述性变更簇，不自动认定为公告驱动或因果政策事件。
v15_cluster_0001400,v15_cluster_0001400,20141008,20141008,BU,BU,Bitumen,石油沥青,General-position margin ratio,一般持仓交易保证金比例,0.09,0.09,0.1,0.1,bu1411,bu1411,1,1,12,12,0.08333333333333333,0.08333333333333333,single_contract,单一合约,0,0,0,0,Descriptive cluster only; it is not automatically classified as a notice-driven or causal policy event.,仅为描述性变更簇，不自动认定为公告驱动或因果政策事件。
v15_cluster_0001401,v15_cluster_0001401,20141008,20141008,BU,BU,Bitumen,石油沥青,General-position margin ratio,一般持仓交易保证金比例,0.1,0.1,0.15,0.15,bu1410,bu1410,1,1,12,12,0.08333333333333333,0.08333333333333333,single_contract,单一合约,1,1,0,0,Descriptive cluster only; it is not automatically classified as a notice-driven or causal policy event.,仅为描述性变更簇，不自动认定为公告驱动或因果政策事件。
v15_cluster_0001402,v15_cluster_0001402,20141008,20141008,BU,BU,Bitumen,石油沥青,Hedge-position margin ratio,套保持仓交易保证金比例,0.09,0.09,0.1,0.1,bu1411,bu1411,1,1,12,12,0.08333333333333333,0.08333333333333333,single_contract,单一合约,0,0,0,0,Descriptive cluster only; it is not automatically classified as a notice-driven or causal policy event.,仅为描述性变更簇，不自动认定为公告驱动或因果政策事件。
v15_cluster_0001403,v15_cluster_0001403,20141008,20141008,BU,BU,Bitumen,石油沥青,Hedge-position margin ratio,套保持仓交易保证金比例,0.1,0.1,0.15,0.15,bu1410,bu1410,1,1,12,12,0.08333333333333333,0.08333333333333333,single_contract,单一合约,1,1,0,0,Descriptive cluster only; it is not automatically classified as a notice-driven or causal policy event.,仅为描述性变更簇，不自动认定为公告驱动或因果政策事件。
v15_cluster_0001439,v15_cluster_0001439,20141009,20141009,BU,BU,Bitumen,石油沥青,General-position margin ratio,一般持仓交易保证金比例,0.09,0.09,0.05,0.05,bu1412;bu1501;bu1502;bu1503;bu1506;bu1509;bu1512;bu1603;bu1606;bu1609,bu1412;bu1501;bu1502;bu1503;bu1506;bu1509;bu1512;bu1603;bu1606;bu1609,10,10,12,12,0.8333333333333334,0.8333333333333334,majority_of_active_contracts,覆盖当日多数活跃合约,0,0,0,0,Descriptive cluster only; it is not automatically classified as a notice-driven or causal policy event.,仅为描述性变更簇，不自动认定为公告驱动或因果政策事件。
v15_cluster_0001440,v15_cluster_0001440,20141009,20141009,BU,BU,Bitumen,石油沥青,Hedge-position margin ratio,套保持仓交易保证金比例,0.09,0.09,0.05,0.05,bu1412;bu1501;bu1502;bu1503;bu1506;bu1509;bu1512;bu1603;bu1606;bu1609,bu1412;bu1501;bu1502;bu1503;bu1506;bu1509;bu1512;bu1603;bu1606;bu1609,10,10,12,12,0.8333333333333334,0.8333333333333334,majority_of_active_contracts,覆盖当日多数活跃合约,0,0,0,0,Descriptive cluster only; it is not automatically classified as a notice-driven or causal policy event.,仅为描述性变更簇，不自动认定为公告驱动或因果政策事件。
v15_cluster_0001441,v15_cluster_0001441,20141009,20141009,BU,BU,Bitumen,石油沥青,Price-limit ratio,涨跌停板幅度,0.06,0.06,0.04,0.04,bu1410;bu1412;bu1501;bu1503;bu1506;bu1509;bu1512;bu1606,bu1410;bu1412;bu1501;bu1503;bu1506;bu1509;bu1512;bu1606,8,8,12,12,0.6666666666666666,0.6666666666666666,majority_of_active_contracts,覆盖当日多数活跃合约,1,1,0,0,Descriptive cluster only; it is not automatically classified as a notice-driven or causal policy event.,仅为描述性变更簇，不自动认定为公告驱动或因果政策事件。
v15_cluster_0001476,v15_cluster_0001476,20141013,20141013,BU,BU,Bitumen,石油沥青,General-position margin ratio,一般持仓交易保证金比例,0.15,0.15,0.2,0.2,bu1410,bu1410,1,1,12,12,0.08333333333333333,0.08333333333333333,single_contract,单一合约,1,1,0,0,Descriptive cluster only; it is not automatically classified as a notice-driven or causal policy event.,仅为描述性变更簇，不自动认定为公告驱动或因果政策事件。
v15_cluster_0001477,v15_cluster_0001477,20141013,20141013,BU,BU,Bitumen,石油沥青,Hedge-position margin ratio,套保持仓交易保证金比例,0.15,0.15,0.2,0.2,bu1410,bu1410,1,1,12,12,0.08333333333333333,0.08333333333333333,single_contract,单一合约,1,1,0,0,Descriptive cluster only; it is not automatically classified as a notice-driven or causal policy event.,仅为描述性变更簇，不自动认定为公告驱动或因果政策事件。
v15_cluster_0001546,v15_cluster_0001546,20141103,20141103,BU,BU,Bitumen,石油沥青,General-position margin ratio,一般持仓交易保证金比例,0.05,0.05,0.1,0.1,bu1412,bu1412,1,1,12,12,0.08333333333333333,0.08333333333333333,single_contract,单一合约,0,0,0,0,Descriptive cluster only; it is not automatically classified as a notice-driven or causal policy event.,仅为描述性变更簇，不自动认定为公告驱动或因果政策事件。
v15_cluster_0001547,v15_cluster_0001547,20141103,20141103,BU,BU,Bitumen,石油沥青,General-position margin ratio,一般持仓交易保证金比例,0.1,0.1,0.15,0.15,bu1411,bu1411,1,1,12,12,0.08333333333333333,0.08333333333333333,single_contract,单一合约,1,1,0,0,Descriptive cluster only; it is not automatically classified as a notice-driven or causal policy event.,仅为描述性变更簇，不自动认定为公告驱动或因果政策事件。
v15_cluster_0001548,v15_cluster_0001548,20141103,20141103,BU,BU,Bitumen,石油沥青,Hedge-position margin ratio,套保持仓交易保证金比例,0.05,0.05,0.1,0.1,bu1412,bu1412,1,1,12,12,0.08333333333333333,0.08333333333333333,single_contract,单一合约,0,0,0,0,Descriptive cluster only; it is not automatically classified as a notice-driven or causal policy event.,仅为描述性变更簇，不自动认定为公告驱动或因果政策事件。
v15_cluster_0001549,v15_cluster_0001549,20141103,20141103,BU,BU,Bitumen,石油沥青,Hedge-position margin ratio,套保持仓交易保证金比例,0.1,0.1,0.15,0.15,bu1411,bu1411,1,1,12,12,0.08333333333333333,0.08333333333333333,single_contract,单一合约,1,1,0,0,Descriptive cluster only; it is not automatically classified as a notice-driven or causal policy event.,仅为描述性变更簇，不自动认定为公告驱动或因果政策事件。
v15_cluster_0001605,v15_cluster_0001605,20141113,20141113,BU,BU,Bitumen,石油沥青,General-position margin ratio,一般持仓交易保证金比例,0.15,0.15,0.2,0.2,bu1411,bu1411,1,1,12,12,0.08333333333333333,0.08333333333333333,single_contract,单一合约,1,1,0,0,Descriptive cluster only; it is not automatically classified as a notice-driven or causal policy event.,仅为描述性变更簇，不自动认定为公告驱动或因果政策事件。
v15_cluster_0001606,v15_cluster_0001606,20141113,20141113,BU,BU,Bitumen,石油沥青,Hedge-position margin ratio,套保持仓交易保证金比例,0.15,0.15,0.2,0.2,bu1411,bu1411,1,1,12,12,0.08333333333333333,0.08333333333333333,single_contract,单一合约,1,1,0,0,Descriptive cluster only; it is not automatically classified as a notice-driven or causal policy event.,仅为描述性变更簇，不自动认定为公告驱动或因果政策事件。
v15_cluster_0001625,v15_cluster_0001625,20141117,20141117,BU,BU,Bitumen,石油沥青,Price-limit ratio,涨跌停板幅度,0.08,0.08,0.04,0.04,bu1411,bu1411,1,1,12,12,0.08333333333333333,0.08333333333333333,single_contract,单一合约,1,1,0,0,Descriptive cluster only; it is not automatically classified as a notice-driven or causal policy event.,仅为描述性变更簇，不自动认定为公告驱动或因果政策事件。
v15_cluster_0001632,v15_cluster_0001632,20141120,20141120,BU,BU,Bitumen,石油沥青,General-position margin ratio,一般持仓交易保证金比例,0.05,0.05,0.09,0.09,bu1503,bu1503,1,1,12,12,0.08333333333333333,0.08333333333333333,single_contract,单一合约,0,0,0,0,Descriptive cluster only; it is not automatically classified as a notice-driven or causal policy event.,仅为描述性变更簇，不自动认定为公告驱动或因果政策事件。
v15_cluster_0001633,v15_cluster_0001633,20141120,20141120,BU,BU,Bitumen,石油沥青,Hedge-position margin ratio,套保持仓交易保证金比例,0.05,0.05,0.09,0.09,bu1503,bu1503,1,1,12,12,0.08333333333333333,0.08333333333333333,single_contract,单一合约,0,0,0,0,Descriptive cluster only; it is not automatically classified as a notice-driven or causal policy event.,仅为描述性变更簇，不自动认定为公告驱动或因果政策事件。
v15_cluster_0001634,v15_cluster_0001634,20141120,20141120,BU,BU,Bitumen,石油沥青,Price-limit ratio,涨跌停板幅度,0.04,0.04,0.07,0.07,bu1503,bu1503,1,1,12,12,0.08333333333333333,0.08333333333333333,single_contract,单一合约,0,0,0,0,Descriptive cluster only; it is not automatically classified as a notice-driven or causal policy event.,仅为描述性变更簇，不自动认定为公告驱动或因果政策事件。
v15_cluster_0001638,v15_cluster_0001638,20141121,20141121,BU,BU,Bitumen,石油沥青,General-position margin ratio,一般持仓交易保证金比例,0.09,0.09,0.05,0.05,bu1503,bu1503,1,1,12,12,0.08333333333333333,0.08333333333333333,single_contract,单一合约,0,0,0,0,Descriptive cluster only; it is not automatically classified as a notice-driven or causal policy event.,仅为描述性变更簇，不自动认定为公告驱动或因果政策事件。
v15_cluster_0001639,v15_cluster_0001639,20141121,20141121,BU,BU,Bitumen,石油沥青,Hedge-position margin ratio,套保持仓交易保证金比例,0.09,0.09,0.05,0.05,bu1503,bu1503,1,1,12,12,0.08333333333333333,0.08333333333333333,single_contract,单一合约,0,0,0,0,Descriptive cluster only; it is not automatically classified as a notice-driven or causal policy event.,仅为描述性变更簇，不自动认定为公告驱动或因果政策事件。
v15_cluster_0001640,v15_cluster_0001640,20141121,20141121,BU,BU,Bitumen,石油沥青,Price-limit ratio,涨跌停板幅度,0.07,0.07,0.04,0.04,bu1503,bu1503,1,1,12,12,0.08333333333333333,0.08333333333333333,single_contract,单一合约,0,0,0,0,Descriptive cluster only; it is not automatically classified as a notice-driven or causal policy event.,仅为描述性变更簇，不自动认定为公告驱动或因果政策事件。
v15_cluster_0001669,v15_cluster_0001669,20141201,20141201,BU,BU,Bitumen,石油沥青,General-position margin ratio,一般持仓交易保证金比例,0.05,0.05,0.1,0.1,bu1501,bu1501,1,1,12,12,0.08333333333333333,0.08333333333333333,single_contract,单一合约,0,0,0,0,Descriptive cluster only; it is not automatically classified as a notice-driven or causal policy event.,仅为描述性变更簇，不自动认定为公告驱动或因果政策事件。
v15_cluster_0001670,v15_cluster_0001670,20141201,20141201,BU,BU,Bitumen,石油沥青,General-position margin ratio,一般持仓交易保证金比例,0.1,0.1,0.15,0.15,bu1412,bu1412,1,1,12,12,0.08333333333333333,0.08333333333333333,single_contract,单一合约,1,1,0,0,Descriptive cluster only; it is not automatically classified as a notice-driven or causal policy event.,仅为描述性变更簇，不自动认定为公告驱动或因果政策事件。
v15_cluster_0001671,v15_cluster_0001671,20141201,20141201,BU,BU,Bitumen,石油沥青,Hedge-position margin ratio,套保持仓交易保证金比例,0.05,0.05,0.1,0.1,bu1501,bu1501,1,1,12,12,0.08333333333333333,0.08333333333333333,single_contract,单一合约,0,0,0,0,Descriptive cluster only; it is not automatically classified as a notice-driven or causal policy event.,仅为描述性变更簇，不自动认定为公告驱动或因果政策事件。
v15_cluster_0001672,v15_cluster_0001672,20141201,20141201,BU,BU,Bitumen,石油沥青,Hedge-position margin ratio,套保持仓交易保证金比例,0.1,0.1,0.15,0.15,bu1412,bu1412,1,1,12,12,0.08333333333333333,0.08333333333333333,single_contract,单一合约,1,1,0,0,Descriptive cluster only; it is not automatically classified as a notice-driven or causal policy event.,仅为描述性变更簇，不自动认定为公告驱动或因果政策事件。
v15_cluster_0001729,v15_cluster_0001729,20141208,20141208,BU,BU,Bitumen,石油沥青,Price-limit ratio,涨跌停板幅度,0.04,0.04,0.07,0.07,bu1412,bu1412,1,1,12,12,0.08333333333333333,0.08333333333333333,single_contract,单一合约,1,1,0,0,Descriptive cluster only; it is not automatically classified as a notice-driven or causal policy event.,仅为描述性变更簇，不自动认定为公告驱动或因果政策事件。
v15_cluster_0001733,v15_cluster_0001733,20141209,20141209,BU,BU,Bitumen,石油沥青,Price-limit ratio,涨跌停板幅度,0.07,0.07,0.04,0.04,bu1412,bu1412,1,1,12,12,0.08333333333333333,0.08333333333333333,single_contract,单一合约,1,1,0,0,Descriptive cluster only; it is not automatically classified as a notice-driven or causal policy event.,仅为描述性变更簇，不自动认定为公告驱动或因果政策事件。
v15_cluster_0001734,v15_cluster_0001734,20141209,20141209,BU,BU,Bitumen,石油沥青,Price-limit ratio,涨跌停板幅度,0.08,0.08,0.04,0.04,bu1603,bu1603,1,1,12,12,0.08333333333333333,0.08333333333333333,single_contract,单一合约,0,0,0,0,Descriptive cluster only; it is not automatically classified as a notice-driven or causal policy event.,仅为描述性变更簇，不自动认定为公告驱动或因果政策事件。
v15_cluster_0001749,v15_cluster_0001749,20141211,20141211,BU,BU,Bitumen,石油沥青,General-position margin ratio,一般持仓交易保证金比例,0.15,0.15,0.2,0.2,bu1412,bu1412,1,1,12,12,0.08333333333333333,0.08333333333333333,single_contract,单一合约,1,1,0,0,Descriptive cluster only; it is not automatically classified as a notice-driven or causal policy event.,仅为描述性变更簇，不自动认定为公告驱动或因果政策事件。
v15_cluster_0001750,v15_cluster_0001750,20141211,20141211,BU,BU,Bitumen,石油沥青,Hedge-position margin ratio,套保持仓交易保证金比例,0.15,0.15,0.2,0.2,bu1412,bu1412,1,1,12,12,0.08333333333333333,0.08333333333333333,single_contract,单一合约,1,1,0,0,Descriptive cluster only; it is not automatically classified as a notice-driven or causal policy event.,仅为描述性变更簇，不自动认定为公告驱动或因果政策事件。
v15_cluster_0001785,v15_cluster_0001785,20141222,20141222,BU,BU,Bitumen,石油沥青,Price-limit ratio,涨跌停板幅度,0.08,0.08,0.04,0.04,bu1612,bu1612,1,1,12,12,0.08333333333333333,0.08333333333333333,single_contract,单一合约,0,0,0,0,Descriptive cluster only; it is not automatically classified as a notice-driven or causal policy event.,仅为描述性变更簇，不自动认定为公告驱动或因果政策事件。
v15_cluster_0001792,v15_cluster_0001792,20141224,20141224,BU,BU,Bitumen,石油沥青,Price-limit ratio,涨跌停板幅度,0.08,0.08,0.04,0.04,bu1609,bu1609,1,1,12,12,0.08333333333333333,0.08333333333333333,single_contract,单一合约,0,0,0,0,Descriptive cluster only; it is not automatically classified as a notice-driven or causal policy event.,仅为描述性变更簇，不自动认定为公告驱动或因果政策事件。
v15_cluster_0001793,v15_cluster_0001793,20141226,20141226,BU,BU,Bitumen,石油沥青,General-position margin ratio,一般持仓交易保证金比例,0.05,0.05,0.09,0.09,bu1609,bu1609,1,1,12,12,0.08333333333333333,0.08333333333333333,single_contract,单一合约,0,0,0,0,Descriptive cluster only; it is not automatically classified as a notice-driven or causal policy event.,仅为描述性变更簇，不自动认定为公告驱动或因果政策事件。
v15_cluster_0001794,v15_cluster_0001794,20141226,20141226,BU,BU,Bitumen,石油沥青,Hedge-position margin ratio,套保持仓交易保证金比例,0.05,0.05,0.09,0.09,bu1609,bu1609,1,1,12,12,0.08333333333333333,0.08333333333333333,single_contract,单一合约,0,0,0,0,Descriptive cluster only; it is not automatically classified as a notice-driven or causal policy event.,仅为描述性变更簇，不自动认定为公告驱动或因果政策事件。
v15_cluster_0001795,v15_cluster_0001795,20141226,20141226,BU,BU,Bitumen,石油沥青,Price-limit ratio,涨跌停板幅度,0.04,0.04,0.07,0.07,bu1609,bu1609,1,1,12,12,0.08333333333333333,0.08333333333333333,single_contract,单一合约,0,0,0,0,Descriptive cluster only; it is not automatically classified as a notice-driven or causal policy event.,仅为描述性变更簇，不自动认定为公告驱动或因果政策事件。
v15_cluster_0001796,v15_cluster_0001796,20141229,20141229,BU,BU,Bitumen,石油沥青,General-position margin ratio,一般持仓交易保证金比例,0.09,0.09,0.05,0.05,bu1609,bu1609,1,1,12,12,0.08333333333333333,0.08333333333333333,single_contract,单一合约,0,0,0,0,Descriptive cluster only; it is not automatically classified as a notice-driven or causal policy event.,仅为描述性变更簇，不自动认定为公告驱动或因果政策事件。
v15_cluster_0001797,v15_cluster_0001797,20141229,20141229,BU,BU,Bitumen,石油沥青,Hedge-position margin ratio,套保持仓交易保证金比例,0.09,0.09,0.05,0.05,bu1609,bu1609,1,1,12,12,0.08333333333333333,0.08333333333333333,single_contract,单一合约,0,0,0,0,Descriptive cluster only; it is not automatically classified as a notice-driven or causal policy event.,仅为描述性变更簇，不自动认定为公告驱动或因果政策事件。
v15_cluster_0001798,v15_cluster_0001798,20141229,20141229,BU,BU,Bitumen,石油沥青,Price-limit ratio,涨跌停板幅度,0.07,0.07,0.04,0.04,bu1609,bu1609,1,1,12,12,0.08333333333333333,0.08333333333333333,single_contract,单一合约,0,0,0,0,Descriptive cluster only; it is not automatically classified as a notice-driven or causal policy event.,仅为描述性变更簇，不自动认定为公告驱动或因果政策事件。
v15_cluster_0001807,v15_cluster_0001807,20141231,20141231,BU,BU,Bitumen,石油沥青,General-position margin ratio,一般持仓交易保证金比例,0.05,0.05,0.07,0.07,bu1502;bu1503;bu1504;bu1505;bu1506;bu1509;bu1512;bu1603;bu1606;bu1609;bu1612,bu1502;bu1503;bu1504;bu1505;bu1506;bu1509;bu1512;bu1603;bu1606;bu1609;bu1612,11,11,12,12,0.9166666666666666,0.9166666666666666,majority_of_active_contracts,覆盖当日多数活跃合约,0,0,0,0,Descriptive cluster only; it is not automatically classified as a notice-driven or causal policy event.,仅为描述性变更簇，不自动认定为公告驱动或因果政策事件。
v15_cluster_0001808,v15_cluster_0001808,20141231,20141231,BU,BU,Bitumen,石油沥青,Hedge-position margin ratio,套保持仓交易保证金比例,0.05,0.05,0.07,0.07,bu1502;bu1503;bu1504;bu1505;bu1506;bu1509;bu1512;bu1603;bu1606;bu1609;bu1612,bu1502;bu1503;bu1504;bu1505;bu1506;bu1509;bu1512;bu1603;bu1606;bu1609;bu1612,11,11,12,12,0.9166666666666666,0.9166666666666666,majority_of_active_contracts,覆盖当日多数活跃合约,0,0,0,0,Descriptive cluster only; it is not automatically classified as a notice-driven or causal policy event.,仅为描述性变更簇，不自动认定为公告驱动或因果政策事件。
v15_cluster_0001809,v15_cluster_0001809,20141231,20141231,BU,BU,Bitumen,石油沥青,Price-limit ratio,涨跌停板幅度,0.04,0.04,0.05,0.05,bu1501;bu1503;bu1506;bu1509;bu1512;bu1603;bu1606;bu1609;bu1612,bu1501;bu1503;bu1506;bu1509;bu1512;bu1603;bu1606;bu1609;bu1612,9,9,12,12,0.75,0.75,majority_of_active_contracts,覆盖当日多数活跃合约,1,1,0,0,Descriptive cluster only; it is not automatically classified as a notice-driven or causal policy event.,仅为描述性变更簇，不自动认定为公告驱动或因果政策事件。
v15_cluster_0001810,v15_cluster_0001810,20141231,20141231,BU,BU,Bitumen,石油沥青,Price-limit ratio,涨跌停板幅度,0.08,0.08,0.1,0.1,bu1502;bu1504;bu1505,bu1502;bu1504;bu1505,3,3,12,12,0.25,0.25,multiple_contracts_partial,覆盖多个但非多数合约,0,0,0,0,Descriptive cluster only; it is not automatically classified as a notice-driven or causal policy event.,仅为描述性变更簇，不自动认定为公告驱动或因果政策事件。
v15_cluster_0001833,v15_cluster_0001833,20150105,20150105,BU,BU,Bitumen,石油沥青,General-position margin ratio,一般持仓交易保证金比例,0.07,0.07,0.1,0.1,bu1502,bu1502,1,1,12,12,0.08333333333333333,0.08333333333333333,single_contract,单一合约,0,0,0,0,Descriptive cluster only; it is not automatically classified as a notice-driven or causal policy event.,仅为描述性变更簇，不自动认定为公告驱动或因果政策事件。
v15_cluster_0001834,v15_cluster_0001834,20150105,20150105,BU,BU,Bitumen,石油沥青,General-position margin ratio,一般持仓交易保证金比例,0.1,0.1,0.15,0.15,bu1501,bu1501,1,1,12,12,0.08333333333333333,0.08333333333333333,single_contract,单一合约,1,1,0,0,Descriptive cluster only; it is not automatically classified as a notice-driven or causal policy event.,仅为描述性变更簇，不自动认定为公告驱动或因果政策事件。
v15_cluster_0001835,v15_cluster_0001835,20150105,20150105,BU,BU,Bitumen,石油沥青,Hedge-position margin ratio,套保持仓交易保证金比例,0.07,0.07,0.1,0.1,bu1502,bu1502,1,1,12,12,0.08333333333333333,0.08333333333333333,single_contract,单一合约,0,0,0,0,Descriptive cluster only; it is not automatically classified as a notice-driven or causal policy event.,仅为描述性变更簇，不自动认定为公告驱动或因果政策事件。
v15_cluster_0001836,v15_cluster_0001836,20150105,20150105,BU,BU,Bitumen,石油沥青,Hedge-position margin ratio,套保持仓交易保证金比例,0.1,0.1,0.15,0.15,bu1501,bu1501,1,1,12,12,0.08333333333333333,0.08333333333333333,single_contract,单一合约,1,1,0,0,Descriptive cluster only; it is not automatically classified as a notice-driven or causal policy event.,仅为描述性变更簇，不自动认定为公告驱动或因果政策事件。
v15_cluster_0001868,v15_cluster_0001868,20150108,20150108,BU,BU,Bitumen,石油沥青,Price-limit ratio,涨跌停板幅度,0.1,0.1,0.05,0.05,bu1504,bu1504,1,1,12,12,0.08333333333333333,0.08333333333333333,single_contract,单一合约,0,0,0,0,Descriptive cluster only; it is not automatically classified as a notice-driven or causal policy event.,仅为描述性变更簇，不自动认定为公告驱动或因果政策事件。
v15_cluster_0001870,v15_cluster_0001870,20150112,20150112,BU,BU,Bitumen,石油沥青,General-position margin ratio,一般持仓交易保证金比例,0.07,0.07,0.1,0.1,bu1506,bu1506,1,1,12,12,0.08333333333333333,0.08333333333333333,single_contract,单一合约,0,0,0,0,Descriptive cluster only; it is not automatically classified as a notice-driven or causal policy event.,仅为描述性变更簇，不自动认定为公告驱动或因果政策事件。
v15_cluster_0001871,v15_cluster_0001871,20150112,20150112,BU,BU,Bitumen,石油沥青,Hedge-position margin ratio,套保持仓交易保证金比例,0.07,0.07,0.1,0.1,bu1506,bu1506,1,1,12,12,0.08333333333333333,0.08333333333333333,single_contract,单一合约,0,0,0,0,Descriptive cluster only; it is not automatically classified as a notice-driven or causal policy event.,仅为描述性变更簇，不自动认定为公告驱动或因果政策事件。
v15_cluster_0001872,v15_cluster_0001872,20150112,20150112,BU,BU,Bitumen,石油沥青,Price-limit ratio,涨跌停板幅度,0.05,0.05,0.08,0.08,bu1506,bu1506,1,1,12,12,0.08333333333333333,0.08333333333333333,single_contract,单一合约,0,0,0,0,Descriptive cluster only; it is not automatically classified as a notice-driven or causal policy event.,仅为描述性变更簇，不自动认定为公告驱动或因果政策事件。
v15_cluster_0001879,v15_cluster_0001879,20150113,20150113,BU,BU,Bitumen,石油沥青,General-position margin ratio,一般持仓交易保证金比例,0.1,0.1,0.07,0.07,bu1506,bu1506,1,1,12,12,0.08333333333333333,0.08333333333333333,single_contract,单一合约,0,0,0,0,Descriptive cluster only; it is not automatically classified as a notice-driven or causal policy event.,仅为描述性变更簇，不自动认定为公告驱动或因果政策事件。
v15_cluster_0001880,v15_cluster_0001880,20150113,20150113,BU,BU,Bitumen,石油沥青,General-position margin ratio,一般持仓交易保证金比例,0.15,0.15,0.2,0.2,bu1501,bu1501,1,1,12,12,0.08333333333333333,0.08333333333333333,single_contract,单一合约,1,1,0,0,Descriptive cluster only; it is not automatically classified as a notice-driven or causal policy event.,仅为描述性变更簇，不自动认定为公告驱动或因果政策事件。
v15_cluster_0001881,v15_cluster_0001881,20150113,20150113,BU,BU,Bitumen,石油沥青,Hedge-position margin ratio,套保持仓交易保证金比例,0.1,0.1,0.07,0.07,bu1506,bu1506,1,1,12,12,0.08333333333333333,0.08333333333333333,single_contract,单一合约,0,0,0,0,Descriptive cluster only; it is not automatically classified as a notice-driven or causal policy event.,仅为描述性变更簇，不自动认定为公告驱动或因果政策事件。
v15_cluster_0001882,v15_cluster_0001882,20150113,20150113,BU,BU,Bitumen,石油沥青,Hedge-position margin ratio,套保持仓交易保证金比例,0.15,0.15,0.2,0.2,bu1501,bu1501,1,1,12,12,0.08333333333333333,0.08333333333333333,single_contract,单一合约,1,1,0,0,Descriptive cluster only; it is not automatically classified as a notice-driven or causal policy event.,仅为描述性变更簇，不自动认定为公告驱动或因果政策事件。
v15_cluster_0001883,v15_cluster_0001883,20150113,20150113,BU,BU,Bitumen,石油沥青,Price-limit ratio,涨跌停板幅度,0.08,0.08,0.05,0.05,bu1506,bu1506,1,1,12,12,0.08333333333333333,0.08333333333333333,single_contract,单一合约,0,0,0,0,Descriptive cluster only; it is not automatically classified as a notice-driven or causal policy event.,仅为描述性变更簇，不自动认定为公告驱动或因果政策事件。
v15_cluster_0001899,v15_cluster_0001899,20150114,20150114,BU,BU,Bitumen,石油沥青,General-position margin ratio,一般持仓交易保证金比例,0.07,0.07,0.1,0.1,bu1506,bu1506,1,1,12,12,0.08333333333333333,0.08333333333333333,single_contract,单一合约,0,0,0,0,Descriptive cluster only; it is not automatically classified as a notice-driven or causal policy event.,仅为描述性变更簇，不自动认定为公告驱动或因果政策事件。
v15_cluster_0001900,v15_cluster_0001900,20150114,20150114,BU,BU,Bitumen,石油沥青,Hedge-position margin ratio,套保持仓交易保证金比例,0.07,0.07,0.1,0.1,bu1506,bu1506,1,1,12,12,0.08333333333333333,0.08333333333333333,single_contract,单一合约,0,0,0,0,Descriptive cluster only; it is not automatically classified as a notice-driven or causal policy event.,仅为描述性变更簇，不自动认定为公告驱动或因果政策事件。
v15_cluster_0001901,v15_cluster_0001901,20150114,20150114,BU,BU,Bitumen,石油沥青,Price-limit ratio,涨跌停板幅度,0.05,0.05,0.08,0.08,bu1506,bu1506,1,1,12,12,0.08333333333333333,0.08333333333333333,single_contract,单一合约,0,0,0,0,Descriptive cluster only; it is not automatically classified as a notice-driven or causal policy event.,仅为描述性变更簇，不自动认定为公告驱动或因果政策事件。
v15_cluster_0001903,v15_cluster_0001903,20150115,20150115,BU,BU,Bitumen,石油沥青,General-position margin ratio,一般持仓交易保证金比例,0.07,0.07,0.1,0.1,bu1509,bu1509,1,1,12,12,0.08333333333333333,0.08333333333333333,single_contract,单一合约,0,0,0,0,Descriptive cluster only; it is not automatically classified as a notice-driven or causal policy event.,仅为描述性变更簇，不自动认定为公告驱动或因果政策事件。
v15_cluster_0001904,v15_cluster_0001904,20150115,20150115,BU,BU,Bitumen,石油沥青,General-position margin ratio,一般持仓交易保证金比例,0.1,0.1,0.07,0.07,bu1506,bu1506,1,1,12,12,0.08333333333333333,0.08333333333333333,single_contract,单一合约,0,0,0,0,Descriptive cluster only; it is not automatically classified as a notice-driven or causal policy event.,仅为描述性变更簇，不自动认定为公告驱动或因果政策事件。
v15_cluster_0001905,v15_cluster_0001905,20150115,20150115,BU,BU,Bitumen,石油沥青,Hedge-position margin ratio,套保持仓交易保证金比例,0.07,0.07,0.1,0.1,bu1509,bu1509,1,1,12,12,0.08333333333333333,0.08333333333333333,single_contract,单一合约,0,0,0,0,Descriptive cluster only; it is not automatically classified as a notice-driven or causal policy event.,仅为描述性变更簇，不自动认定为公告驱动或因果政策事件。
v15_cluster_0001906,v15_cluster_0001906,20150115,20150115,BU,BU,Bitumen,石油沥青,Hedge-position margin ratio,套保持仓交易保证金比例,0.1,0.1,0.07,0.07,bu1506,bu1506,1,1,12,12,0.08333333333333333,0.08333333333333333,single_contract,单一合约,0,0,0,0,Descriptive cluster only; it is not automatically classified as a notice-driven or causal policy event.,仅为描述性变更簇，不自动认定为公告驱动或因果政策事件。
v15_cluster_0001907,v15_cluster_0001907,20150115,20150115,BU,BU,Bitumen,石油沥青,Price-limit ratio,涨跌停板幅度,0.05,0.05,0.08,0.08,bu1509,bu1509,1,1,12,12,0.08333333333333333,0.08333333333333333,single_contract,单一合约,0,0,0,0,Descriptive cluster only; it is not automatically classified as a notice-driven or causal policy event.,仅为描述性变更簇，不自动认定为公告驱动或因果政策事件。
v15_cluster_0001908,v15_cluster_0001908,20150115,20150115,BU,BU,Bitumen,石油沥青,Price-limit ratio,涨跌停板幅度,0.08,0.08,0.05,0.05,bu1506,bu1506,1,1,12,12,0.08333333333333333,0.08333333333333333,single_contract,单一合约,0,0,0,0,Descriptive cluster only; it is not automatically classified as a notice-driven or causal policy event.,仅为描述性变更簇，不自动认定为公告驱动或因果政策事件。
v15_cluster_0001915,v15_cluster_0001915,20150116,20150116,BU,BU,Bitumen,石油沥青,General-position margin ratio,一般持仓交易保证金比例,0.1,0.1,0.07,0.07,bu1509,bu1509,1,1,12,12,0.08333333333333333,0.08333333333333333,single_contract,单一合约,0,0,0,0,Descriptive cluster only; it is not automatically classified as a notice-driven or causal policy event.,仅为描述性变更簇，不自动认定为公告驱动或因果政策事件。
v15_cluster_0001916,v15_cluster_0001916,20150116,20150116,BU,BU,Bitumen,石油沥青,Hedge-position margin ratio,套保持仓交易保证金比例,0.1,0.1,0.07,0.07,bu1509,bu1509,1,1,12,12,0.08333333333333333,0.08333333333333333,single_contract,单一合约,0,0,0,0,Descriptive cluster only; it is not automatically classified as a notice-driven or causal policy event.,仅为描述性变更簇，不自动认定为公告驱动或因果政策事件。
v15_cluster_0001917,v15_cluster_0001917,20150116,20150116,BU,BU,Bitumen,石油沥青,Price-limit ratio,涨跌停板幅度,0.08,0.08,0.05,0.05,bu1509,bu1509,1,1,12,12,0.08333333333333333,0.08333333333333333,single_contract,单一合约,0,0,0,0,Descriptive cluster only; it is not automatically classified as a notice-driven or causal policy event.,仅为描述性变更簇，不自动认定为公告驱动或因果政策事件。
v15_cluster_0001931,v15_cluster_0001931,20150120,20150120,BU,BU,Bitumen,石油沥青,Price-limit ratio,涨跌停板幅度,0.1,0.1,0.05,0.05,bu1505,bu1505,1,1,12,12,0.08333333333333333,0.08333333333333333,single_contract,单一合约,0,0,0,0,Descriptive cluster only; it is not automatically classified as a notice-driven or causal policy event.,仅为描述性变更簇，不自动认定为公告驱动或因果政策事件。
v15_cluster_0001932,v15_cluster_0001932,20150121,20150121,BU,BU,Bitumen,石油沥青,General-position margin ratio,一般持仓交易保证金比例,0.07,0.07,0.1,0.1,bu1612,bu1612,1,1,12,12,0.08333333333333333,0.08333333333333333,single_contract,单一合约,0,0,0,0,Descriptive cluster only; it is not automatically classified as a notice-driven or causal policy event.,仅为描述性变更簇，不自动认定为公告驱动或因果政策事件。
v15_cluster_0001933,v15_cluster_0001933,20150121,20150121,BU,BU,Bitumen,石油沥青,Hedge-position margin ratio,套保持仓交易保证金比例,0.07,0.07,0.1,0.1,bu1612,bu1612,1,1,12,12,0.08333333333333333,0.08333333333333333,single_contract,单一合约,0,0,0,0,Descriptive cluster only; it is not automatically classified as a notice-driven or causal policy event.,仅为描述性变更簇，不自动认定为公告驱动或因果政策事件。
v15_cluster_0001934,v15_cluster_0001934,20150121,20150121,BU,BU,Bitumen,石油沥青,Price-limit ratio,涨跌停板幅度,0.05,0.05,0.08,0.08,bu1612,bu1612,1,1,12,12,0.08333333333333333,0.08333333333333333,single_contract,单一合约,0,0,0,0,Descriptive cluster only; it is not automatically classified as a notice-driven or causal policy event.,仅为描述性变更簇，不自动认定为公告驱动或因果政策事件。
v15_cluster_0001939,v15_cluster_0001939,20150122,20150122,BU,BU,Bitumen,石油沥青,General-position margin ratio,一般持仓交易保证金比例,0.1,0.1,0.07,0.07,bu1612,bu1612,1,1,12,12,0.08333333333333333,0.08333333333333333,single_contract,单一合约,0,0,0,0,Descriptive cluster only; it is not automatically classified as a notice-driven or causal policy event.,仅为描述性变更簇，不自动认定为公告驱动或因果政策事件。
v15_cluster_0001940,v15_cluster_0001940,20150122,20150122,BU,BU,Bitumen,石油沥青,Hedge-position margin ratio,套保持仓交易保证金比例,0.1,0.1,0.07,0.07,bu1612,bu1612,1,1,12,12,0.08333333333333333,0.08333333333333333,single_contract,单一合约,0,0,0,0,Descriptive cluster only; it is not automatically classified as a notice-driven or causal policy event.,仅为描述性变更簇，不自动认定为公告驱动或因果政策事件。
v15_cluster_0001941,v15_cluster_0001941,20150122,20150122,BU,BU,Bitumen,石油沥青,Price-limit ratio,涨跌停板幅度,0.08,0.08,0.05,0.05,bu1612,bu1612,1,1,12,12,0.08333333333333333,0.08333333333333333,single_contract,单一合约,0,0,0,0,Descriptive cluster only; it is not automatically classified as a notice-driven or causal policy event.,仅为描述性变更簇，不自动认定为公告驱动或因果政策事件。
v15_cluster_0001942,v15_cluster_0001942,20150123,20150123,BU,BU,Bitumen,石油沥青,General-position margin ratio,一般持仓交易保证金比例,0.07,0.07,0.1,0.1,bu1503,bu1503,1,1,12,12,0.08333333333333333,0.08333333333333333,single_contract,单一合约,0,0,0,0,Descriptive cluster only; it is not automatically classified as a notice-driven or causal policy event.,仅为描述性变更簇，不自动认定为公告驱动或因果政策事件。
v15_cluster_0001943,v15_cluster_0001943,20150123,20150123,BU,BU,Bitumen,石油沥青,Hedge-position margin ratio,套保持仓交易保证金比例,0.07,0.07,0.1,0.1,bu1503,bu1503,1,1,12,12,0.08333333333333333,0.08333333333333333,single_contract,单一合约,0,0,0,0,Descriptive cluster only; it is not automatically classified as a notice-driven or causal policy event.,仅为描述性变更簇，不自动认定为公告驱动或因果政策事件。
v15_cluster_0001944,v15_cluster_0001944,20150123,20150123,BU,BU,Bitumen,石油沥青,Price-limit ratio,涨跌停板幅度,0.05,0.05,0.08,0.08,bu1503,bu1503,1,1,12,12,0.08333333333333333,0.08333333333333333,single_contract,单一合约,0,0,0,0,Descriptive cluster only; it is not automatically classified as a notice-driven or causal policy event.,仅为描述性变更簇，不自动认定为公告驱动或因果政策事件。
v15_cluster_0001946,v15_cluster_0001946,20150126,20150126,BU,BU,Bitumen,石油沥青,General-position margin ratio,一般持仓交易保证金比例,0.1,0.1,0.07,0.07,bu1503,bu1503,1,1,12,12,0.08333333333333333,0.08333333333333333,single_contract,单一合约,0,0,0,0,Descriptive cluster only; it is not automatically classified as a notice-driven or causal policy event.,仅为描述性变更簇，不自动认定为公告驱动或因果政策事件。
v15_cluster_0001947,v15_cluster_0001947,20150126,20150126,BU,BU,Bitumen,石油沥青,Hedge-position margin ratio,套保持仓交易保证金比例,0.1,0.1,0.07,0.07,bu1503,bu1503,1,1,12,12,0.08333333333333333,0.08333333333333333,single_contract,单一合约,0,0,0,0,Descriptive cluster only; it is not automatically classified as a notice-driven or causal policy event.,仅为描述性变更簇，不自动认定为公告驱动或因果政策事件。
v15_cluster_0001948,v15_cluster_0001948,20150126,20150126,BU,BU,Bitumen,石油沥青,Price-limit ratio,涨跌停板幅度,0.08,0.08,0.05,0.05,bu1503,bu1503,1,1,12,12,0.08333333333333333,0.08333333333333333,single_contract,单一合约,0,0,0,0,Descriptive cluster only; it is not automatically classified as a notice-driven or causal policy event.,仅为描述性变更簇，不自动认定为公告驱动或因果政策事件。
v15_cluster_0001951,v15_cluster_0001951,20150127,20150127,BU,BU,Bitumen,石油沥青,General-position margin ratio,一般持仓交易保证金比例,0.07,0.07,0.1,0.1,bu1509,bu1509,1,1,12,12,0.08333333333333333,0.08333333333333333,single_contract,单一合约,0,0,0,0,Descriptive cluster only; it is not automatically classified as a notice-driven or causal policy event.,仅为描述性变更簇，不自动认定为公告驱动或因果政策事件。
v15_cluster_0001952,v15_cluster_0001952,20150127,20150127,BU,BU,Bitumen,石油沥青,Hedge-position margin ratio,套保持仓交易保证金比例,0.07,0.07,0.1,0.1,bu1509,bu1509,1,1,12,12,0.08333333333333333,0.08333333333333333,single_contract,单一合约,0,0,0,0,Descriptive cluster only; it is not automatically classified as a notice-driven or causal policy event.,仅为描述性变更簇，不自动认定为公告驱动或因果政策事件。
v15_cluster_0001953,v15_cluster_0001953,20150127,20150127,BU,BU,Bitumen,石油沥青,Price-limit ratio,涨跌停板幅度,0.05,0.05,0.08,0.08,bu1509,bu1509,1,1,12,12,0.08333333333333333,0.08333333333333333,single_contract,单一合约,0,0,0,0,Descriptive cluster only; it is not automatically classified as a notice-driven or causal policy event.,仅为描述性变更簇，不自动认定为公告驱动或因果政策事件。
v15_cluster_0001956,v15_cluster_0001956,20150128,20150128,BU,BU,Bitumen,石油沥青,General-position margin ratio,一般持仓交易保证金比例,0.1,0.1,0.07,0.07,bu1509,bu1509,1,1,12,12,0.08333333333333333,0.08333333333333333,single_contract,单一合约,0,0,0,0,Descriptive cluster only; it is not automatically classified as a notice-driven or causal policy event.,仅为描述性变更簇，不自动认定为公告驱动或因果政策事件。
v15_cluster_0001957,v15_cluster_0001957,20150128,20150128,BU,BU,Bitumen,石油沥青,Hedge-position margin ratio,套保持仓交易保证金比例,0.1,0.1,0.07,0.07,bu1509,bu1509,1,1,12,12,0.08333333333333333,0.08333333333333333,single_contract,单一合约,0,0,0,0,Descriptive cluster only; it is not automatically classified as a notice-driven or causal policy event.,仅为描述性变更簇，不自动认定为公告驱动或因果政策事件。
v15_cluster_0001958,v15_cluster_0001958,20150128,20150128,BU,BU,Bitumen,石油沥青,Price-limit ratio,涨跌停板幅度,0.08,0.08,0.05,0.05,bu1509,bu1509,1,1,12,12,0.08333333333333333,0.08333333333333333,single_contract,单一合约,0,0,0,0,Descriptive cluster only; it is not automatically classified as a notice-driven or causal policy event.,仅为描述性变更簇，不自动认定为公告驱动或因果政策事件。
v15_cluster_0001971,v15_cluster_0001971,20150202,20150202,BU,BU,Bitumen,石油沥青,General-position margin ratio,一般持仓交易保证金比例,0.07,0.07,0.1,0.1,bu1503,bu1503,1,1,12,12,0.08333333333333333,0.08333333333333333,single_contract,单一合约,0,0,0,0,Descriptive cluster only; it is not automatically classified as a notice-driven or causal policy event.,仅为描述性变更簇，不自动认定为公告驱动或因果政策事件。
v15_cluster_0001972,v15_cluster_0001972,20150202,20150202,BU,BU,Bitumen,石油沥青,General-position margin ratio,一般持仓交易保证金比例,0.1,0.1,0.15,0.15,bu1502,bu1502,1,1,12,12,0.08333333333333333,0.08333333333333333,single_contract,单一合约,1,1,0,0,Descriptive cluster only; it is not automatically classified as a notice-driven or causal policy event.,仅为描述性变更簇，不自动认定为公告驱动或因果政策事件。
v15_cluster_0001973,v15_cluster_0001973,20150202,20150202,BU,BU,Bitumen,石油沥青,Hedge-position margin ratio,套保持仓交易保证金比例,0.07,0.07,0.1,0.1,bu1503,bu1503,1,1,12,12,0.08333333333333333,0.08333333333333333,single_contract,单一合约,0,0,0,0,Descriptive cluster only; it is not automatically classified as a notice-driven or causal policy event.,仅为描述性变更簇，不自动认定为公告驱动或因果政策事件。
v15_cluster_0001974,v15_cluster_0001974,20150202,20150202,BU,BU,Bitumen,石油沥青,Hedge-position margin ratio,套保持仓交易保证金比例,0.1,0.1,0.15,0.15,bu1502,bu1502,1,1,12,12,0.08333333333333333,0.08333333333333333,single_contract,单一合约,1,1,0,0,Descriptive cluster only; it is not automatically classified as a notice-driven or causal policy event.,仅为描述性变更簇，不自动认定为公告驱动或因果政策事件。
v15_cluster_0002011,v15_cluster_0002011,20150206,20150206,BU,BU,Bitumen,石油沥青,General-position margin ratio,一般持仓交易保证金比例,0.15,0.15,0.2,0.2,bu1502,bu1502,1,1,12,12,0.08333333333333333,0.08333333333333333,single_contract,单一合约,1,1,0,0,Descriptive cluster only; it is not automatically classified as a notice-driven or causal policy event.,仅为描述性变更簇，不自动认定为公告驱动或因果政策事件。
v15_cluster_0002012,v15_cluster_0002012,20150206,20150206,BU,BU,Bitumen,石油沥青,Hedge-position margin ratio,套保持仓交易保证金比例,0.15,0.15,0.2,0.2,bu1502,bu1502,1,1,12,12,0.08333333333333333,0.08333333333333333,single_contract,单一合约,1,1,0,0,Descriptive cluster only; it is not automatically classified as a notice-driven or causal policy event.,仅为描述性变更簇，不自动认定为公告驱动或因果政策事件。
v15_cluster_0002025,v15_cluster_0002025,20150210,20150210,BU,BU,Bitumen,石油沥青,Price-limit ratio,涨跌停板幅度,0.1,0.1,0.05,0.05,bu1502,bu1502,1,1,12,12,0.08333333333333333,0.08333333333333333,single_contract,单一合约,1,1,0,0,Descriptive cluster only; it is not automatically classified as a notice-driven or causal policy event.,仅为描述性变更簇，不自动认定为公告驱动或因果政策事件。
v15_cluster_0002036,v15_cluster_0002036,20150216,20150216,BU,BU,Bitumen,石油沥青,Price-limit ratio,涨跌停板幅度,0.1,0.1,0.05,0.05,bu1507,bu1507,1,1,12,12,0.08333333333333333,0.08333333333333333,single_contract,单一合约,0,0,0,0,Descriptive cluster only; it is not automatically classified as a notice-driven or causal policy event.,仅为描述性变更簇，不自动认定为公告驱动或因果政策事件。
v15_cluster_0002053,v15_cluster_0002053,20150217,20150217,BU,BU,Bitumen,石油沥青,General-position margin ratio,一般持仓交易保证金比例,0.07,0.07,0.1,0.1,bu1504;bu1505;bu1506;bu1507;bu1508;bu1509;bu1512;bu1603;bu1606;bu1609;bu1612,bu1504;bu1505;bu1506;bu1507;bu1508;bu1509;bu1512;bu1603;bu1606;bu1609;bu1612,11,11,12,12,0.9166666666666666,0.9166666666666666,majority_of_active_contracts,覆盖当日多数活跃合约,0,0,0,0,Descriptive cluster only; it is not automatically classified as a notice-driven or causal policy event.,仅为描述性变更簇，不自动认定为公告驱动或因果政策事件。
v15_cluster_0002054,v15_cluster_0002054,20150217,20150217,BU,BU,Bitumen,石油沥青,Hedge-position margin ratio,套保持仓交易保证金比例,0.07,0.07,0.1,0.1,bu1504;bu1505;bu1506;bu1507;bu1508;bu1509;bu1512;bu1603;bu1606;bu1609;bu1612,bu1504;bu1505;bu1506;bu1507;bu1508;bu1509;bu1512;bu1603;bu1606;bu1609;bu1612,11,11,12,12,0.9166666666666666,0.9166666666666666,majority_of_active_contracts,覆盖当日多数活跃合约,0,0,0,0,Descriptive cluster only; it is not automatically classified as a notice-driven or causal policy event.,仅为描述性变更簇，不自动认定为公告驱动或因果政策事件。
v15_cluster_0002055,v15_cluster_0002055,20150217,20150217,BU,BU,Bitumen,石油沥青,Price-limit ratio,涨跌停板幅度,0.05,0.05,0.07,0.07,bu1503;bu1504;bu1505;bu1506;bu1507;bu1509;bu1512;bu1603;bu1606;bu1609;bu1612,bu1503;bu1504;bu1505;bu1506;bu1507;bu1509;bu1512;bu1603;bu1606;bu1609;bu1612,11,11,12,12,0.9166666666666666,0.9166666666666666,majority_of_active_contracts,覆盖当日多数活跃合约,1,1,0,0,Descriptive cluster only; it is not automatically classified as a notice-driven or causal policy event.,仅为描述性变更簇，不自动认定为公告驱动或因果政策事件。
v15_cluster_0002103,v15_cluster_0002103,20150226,20150226,BU,BU,Bitumen,石油沥青,General-position margin ratio,一般持仓交易保证金比例,0.1,0.1,0.07,0.07,bu1504;bu1505;bu1506;bu1507;bu1508;bu1509;bu1512;bu1603;bu1606;bu1609;bu1612,bu1504;bu1505;bu1506;bu1507;bu1508;bu1509;bu1512;bu1603;bu1606;bu1609;bu1612,11,11,12,12,0.9166666666666666,0.9166666666666666,majority_of_active_contracts,覆盖当日多数活跃合约,0,0,0,0,Descriptive cluster only; it is not automatically classified as a notice-driven or causal policy event.,仅为描述性变更簇，不自动认定为公告驱动或因果政策事件。
v15_cluster_0002104,v15_cluster_0002104,20150226,20150226,BU,BU,Bitumen,石油沥青,Hedge-position margin ratio,套保持仓交易保证金比例,0.1,0.1,0.07,0.07,bu1504;bu1505;bu1506;bu1507;bu1508;bu1509;bu1512;bu1603;bu1606;bu1609;bu1612,bu1504;bu1505;bu1506;bu1507;bu1508;bu1509;bu1512;bu1603;bu1606;bu1609;bu1612,11,11,12,12,0.9166666666666666,0.9166666666666666,majority_of_active_contracts,覆盖当日多数活跃合约,0,0,0,0,Descriptive cluster only; it is not automatically classified as a notice-driven or causal policy event.,仅为描述性变更簇，不自动认定为公告驱动或因果政策事件。
v15_cluster_0002105,v15_cluster_0002105,20150226,20150226,BU,BU,Bitumen,石油沥青,Price-limit ratio,涨跌停板幅度,0.07,0.07,0.05,0.05,bu1503;bu1504;bu1505;bu1506;bu1507;bu1509;bu1512;bu1603;bu1606;bu1609;bu1612,bu1503;bu1504;bu1505;bu1506;bu1507;bu1509;bu1512;bu1603;bu1606;bu1609;bu1612,11,11,12,12,0.9166666666666666,0.9166666666666666,majority_of_active_contracts,覆盖当日多数活跃合约,1,1,0,0,Descriptive cluster only; it is not automatically classified as a notice-driven or causal policy event.,仅为描述性变更簇，不自动认定为公告驱动或因果政策事件。
v15_cluster_0002137,v15_cluster_0002137,20150227,20150227,BU,BU,Bitumen,石油沥青,General-position margin ratio,一般持仓交易保证金比例,0.07,0.07,0.1,0.1,bu1505,bu1505,1,1,12,12,0.08333333333333333,0.08333333333333333,single_contract,单一合约,0,0,0,0,Descriptive cluster only; it is not automatically classified as a notice-driven or causal policy event.,仅为描述性变更簇，不自动认定为公告驱动或因果政策事件。
v15_cluster_0002138,v15_cluster_0002138,20150227,20150227,BU,BU,Bitumen,石油沥青,Hedge-position margin ratio,套保持仓交易保证金比例,0.07,0.07,0.1,0.1,bu1505,bu1505,1,1,12,12,0.08333333333333333,0.08333333333333333,single_contract,单一合约,0,0,0,0,Descriptive cluster only; it is not automatically classified as a notice-driven or causal policy event.,仅为描述性变更簇，不自动认定为公告驱动或因果政策事件。
v15_cluster_0002139,v15_cluster_0002139,20150227,20150227,BU,BU,Bitumen,石油沥青,Price-limit ratio,涨跌停板幅度,0.05,0.05,0.08,0.08,bu1505,bu1505,1,1,12,12,0.08333333333333333,0.08333333333333333,single_contract,单一合约,0,0,0,0,Descriptive cluster only; it is not automatically classified as a notice-driven or causal policy event.,仅为描述性变更簇，不自动认定为公告驱动或因果政策事件。
v15_cluster_0002157,v15_cluster_0002157,20150302,20150302,BU,BU,Bitumen,石油沥青,General-position margin ratio,一般持仓交易保证金比例,0.07,0.07,0.1,0.1,bu1504,bu1504,1,1,12,12,0.08333333333333333,0.08333333333333333,single_contract,单一合约,0,0,0,0,Descriptive cluster only; it is not automatically classified as a notice-driven or causal policy event.,仅为描述性变更簇，不自动认定为公告驱动或因果政策事件。
v15_cluster_0002158,v15_cluster_0002158,20150302,20150302,BU,BU,Bitumen,石油沥青,General-position margin ratio,一般持仓交易保证金比例,0.1,0.1,0.07,0.07,bu1505,bu1505,1,1,12,12,0.08333333333333333,0.08333333333333333,single_contract,单一合约,0,0,0,0,Descriptive cluster only; it is not automatically classified as a notice-driven or causal policy event.,仅为描述性变更簇，不自动认定为公告驱动或因果政策事件。
v15_cluster_0002159,v15_cluster_0002159,20150302,20150302,BU,BU,Bitumen,石油沥青,General-position margin ratio,一般持仓交易保证金比例,0.1,0.1,0.15,0.15,bu1503,bu1503,1,1,12,12,0.08333333333333333,0.08333333333333333,single_contract,单一合约,1,1,0,0,Descriptive cluster only; it is not automatically classified as a notice-driven or causal policy event.,仅为描述性变更簇，不自动认定为公告驱动或因果政策事件。
v15_cluster_0002160,v15_cluster_0002160,20150302,20150302,BU,BU,Bitumen,石油沥青,Hedge-position margin ratio,套保持仓交易保证金比例,0.07,0.07,0.1,0.1,bu1504,bu1504,1,1,12,12,0.08333333333333333,0.08333333333333333,single_contract,单一合约,0,0,0,0,Descriptive cluster only; it is not automatically classified as a notice-driven or causal policy event.,仅为描述性变更簇，不自动认定为公告驱动或因果政策事件。
v15_cluster_0002161,v15_cluster_0002161,20150302,20150302,BU,BU,Bitumen,石油沥青,Hedge-position margin ratio,套保持仓交易保证金比例,0.1,0.1,0.07,0.07,bu1505,bu1505,1,1,12,12,0.08333333333333333,0.08333333333333333,single_contract,单一合约,0,0,0,0,Descriptive cluster only; it is not automatically classified as a notice-driven or causal policy event.,仅为描述性变更簇，不自动认定为公告驱动或因果政策事件。
v15_cluster_0002162,v15_cluster_0002162,20150302,20150302,BU,BU,Bitumen,石油沥青,Hedge-position margin ratio,套保持仓交易保证金比例,0.1,0.1,0.15,0.15,bu1503,bu1503,1,1,12,12,0.08333333333333333,0.08333333333333333,single_contract,单一合约,1,1,0,0,Descriptive cluster only; it is not automatically classified as a notice-driven or causal policy event.,仅为描述性变更簇，不自动认定为公告驱动或因果政策事件。
v15_cluster_0002163,v15_cluster_0002163,20150302,20150302,BU,BU,Bitumen,石油沥青,Price-limit ratio,涨跌停板幅度,0.08,0.08,0.05,0.05,bu1505,bu1505,1,1,12,12,0.08333333333333333,0.08333333333333333,single_contract,单一合约,0,0,0,0,Descriptive cluster only; it is not automatically classified as a notice-driven or causal policy event.,仅为描述性变更簇，不自动认定为公告驱动或因果政策事件。
v15_cluster_0002194,v15_cluster_0002194,20150303,20150303,BU,BU,Bitumen,石油沥青,General-position margin ratio,一般持仓交易保证金比例,0.07,0.07,0.1,0.1,bu1505,bu1505,1,1,12,12,0.08333333333333333,0.08333333333333333,single_contract,单一合约,0,0,0,0,Descriptive cluster only; it is not automatically classified as a notice-driven or causal policy event.,仅为描述性变更簇，不自动认定为公告驱动或因果政策事件。
v15_cluster_0002195,v15_cluster_0002195,20150303,20150303,BU,BU,Bitumen,石油沥青,Hedge-position margin ratio,套保持仓交易保证金比例,0.07,0.07,0.1,0.1,bu1505,bu1505,1,1,12,12,0.08333333333333333,0.08333333333333333,single_contract,单一合约,0,0,0,0,Descriptive cluster only; it is not automatically classified as a notice-driven or causal policy event.,仅为描述性变更簇，不自动认定为公告驱动或因果政策事件。
v15_cluster_0002196,v15_cluster_0002196,20150303,20150303,BU,BU,Bitumen,石油沥青,Price-limit ratio,涨跌停板幅度,0.05,0.05,0.08,0.08,bu1505,bu1505,1,1,12,12,0.08333333333333333,0.08333333333333333,single_contract,单一合约,0,0,0,0,Descriptive cluster only; it is not automatically classified as a notice-driven or causal policy event.,仅为描述性变更簇，不自动认定为公告驱动或因果政策事件。
v15_cluster_0002198,v15_cluster_0002198,20150304,20150304,BU,BU,Bitumen,石油沥青,General-position margin ratio,一般持仓交易保证金比例,0.1,0.1,0.07,0.07,bu1505,bu1505,1,1,12,12,0.08333333333333333,0.08333333333333333,single_contract,单一合约,0,0,0,0,Descriptive cluster only; it is not automatically classified as a notice-driven or causal policy event.,仅为描述性变更簇，不自动认定为公告驱动或因果政策事件。
v15_cluster_0002199,v15_cluster_0002199,20150304,20150304,BU,BU,Bitumen,石油沥青,Hedge-position margin ratio,套保持仓交易保证金比例,0.1,0.1,0.07,0.07,bu1505,bu1505,1,1,12,12,0.08333333333333333,0.08333333333333333,single_contract,单一合约,0,0,0,0,Descriptive cluster only; it is not automatically classified as a notice-driven or causal policy event.,仅为描述性变更簇，不自动认定为公告驱动或因果政策事件。
v15_cluster_0002200,v15_cluster_0002200,20150304,20150304,BU,BU,Bitumen,石油沥青,Price-limit ratio,涨跌停板幅度,0.08,0.08,0.05,0.05,bu1505,bu1505,1,1,12,12,0.08333333333333333,0.08333333333333333,single_contract,单一合约,0,0,0,0,Descriptive cluster only; it is not automatically classified as a notice-driven or causal policy event.,仅为描述性变更簇，不自动认定为公告驱动或因果政策事件。
v15_cluster_0002202,v15_cluster_0002202,20150305,20150305,BU,BU,Bitumen,石油沥青,Price-limit ratio,涨跌停板幅度,0.1,0.1,0.05,0.05,bu1508,bu1508,1,1,12,12,0.08333333333333333,0.08333333333333333,single_contract,单一合约,0,0,0,0,Descriptive cluster only; it is not automatically classified as a notice-driven or causal policy event.,仅为描述性变更簇，不自动认定为公告驱动或因果政策事件。
v15_cluster_0002223,v15_cluster_0002223,20150312,20150312,BU,BU,Bitumen,石油沥青,General-position margin ratio,一般持仓交易保证金比例,0.15,0.15,0.2,0.2,bu1503,bu1503,1,1,12,12,0.08333333333333333,0.08333333333333333,single_contract,单一合约,1,1,0,0,Descriptive cluster only; it is not automatically classified as a notice-driven or causal policy event.,仅为描述性变更簇，不自动认定为公告驱动或因果政策事件。
v15_cluster_0002224,v15_cluster_0002224,20150312,20150312,BU,BU,Bitumen,石油沥青,Hedge-position margin ratio,套保持仓交易保证金比例,0.15,0.15,0.2,0.2,bu1503,bu1503,1,1,12,12,0.08333333333333333,0.08333333333333333,single_contract,单一合约,1,1,0,0,Descriptive cluster only; it is not automatically classified as a notice-driven or causal policy event.,仅为描述性变更簇，不自动认定为公告驱动或因果政策事件。
v15_cluster_0002290,v15_cluster_0002290,20150401,20150401,BU,BU,Bitumen,石油沥青,General-position margin ratio,一般持仓交易保证金比例,0.07,0.07,0.1,0.1,bu1505,bu1505,1,1,12,12,0.08333333333333333,0.08333333333333333,single_contract,单一合约,0,0,0,0,Descriptive cluster only; it is not automatically classified as a notice-driven or causal policy event.,仅为描述性变更簇，不自动认定为公告驱动或因果政策事件。
v15_cluster_0002291,v15_cluster_0002291,20150401,20150401,BU,BU,Bitumen,石油沥青,General-position margin ratio,一般持仓交易保证金比例,0.1,0.1,0.15,0.15,bu1504,bu1504,1,1,12,12,0.08333333333333333,0.08333333333333333,single_contract,单一合约,1,1,0,0,Descriptive cluster only; it is not automatically classified as a notice-driven or causal policy event.,仅为描述性变更簇，不自动认定为公告驱动或因果政策事件。
v15_cluster_0002292,v15_cluster_0002292,20150401,20150401,BU,BU,Bitumen,石油沥青,Hedge-position margin ratio,套保持仓交易保证金比例,0.07,0.07,0.1,0.1,bu1505,bu1505,1,1,12,12,0.08333333333333333,0.08333333333333333,single_contract,单一合约,0,0,0,0,Descriptive cluster only; it is not automatically classified as a notice-driven or causal policy event.,仅为描述性变更簇，不自动认定为公告驱动或因果政策事件。
v15_cluster_0002293,v15_cluster_0002293,20150401,20150401,BU,BU,Bitumen,石油沥青,Hedge-position margin ratio,套保持仓交易保证金比例,0.1,0.1,0.15,0.15,bu1504,bu1504,1,1,12,12,0.08333333333333333,0.08333333333333333,single_contract,单一合约,1,1,0,0,Descriptive cluster only; it is not automatically classified as a notice-driven or causal policy event.,仅为描述性变更簇，不自动认定为公告驱动或因果政策事件。
v15_cluster_0002322,v15_cluster_0002322,20150403,20150403,BU,BU,Bitumen,石油沥青,General-position margin ratio,一般持仓交易保证金比例,0.07,0.07,0.1,0.1,bu1506,bu1506,1,1,12,12,0.08333333333333333,0.08333333333333333,single_contract,单一合约,0,0,0,0,Descriptive cluster only; it is not automatically classified as a notice-driven or causal policy event.,仅为描述性变更簇，不自动认定为公告驱动或因果政策事件。
v15_cluster_0002323,v15_cluster_0002323,20150403,20150403,BU,BU,Bitumen,石油沥青,Hedge-position margin ratio,套保持仓交易保证金比例,0.07,0.07,0.1,0.1,bu1506,bu1506,1,1,12,12,0.08333333333333333,0.08333333333333333,single_contract,单一合约,0,0,0,0,Descriptive cluster only; it is not automatically classified as a notice-driven or causal policy event.,仅为描述性变更簇，不自动认定为公告驱动或因果政策事件。
v15_cluster_0002324,v15_cluster_0002324,20150403,20150403,BU,BU,Bitumen,石油沥青,Price-limit ratio,涨跌停板幅度,0.05,0.05,0.08,0.08,bu1506,bu1506,1,1,12,12,0.08333333333333333,0.08333333333333333,single_contract,单一合约,0,0,0,0,Descriptive cluster only; it is not automatically classified as a notice-driven or causal policy event.,仅为描述性变更簇，不自动认定为公告驱动或因果政策事件。
v15_cluster_0002328,v15_cluster_0002328,20150407,20150407,BU,BU,Bitumen,石油沥青,General-position margin ratio,一般持仓交易保证金比例,0.1,0.1,0.07,0.07,bu1506,bu1506,1,1,12,12,0.08333333333333333,0.08333333333333333,single_contract,单一合约,0,0,0,0,Descriptive cluster only; it is not automatically classified as a notice-driven or causal policy event.,仅为描述性变更簇，不自动认定为公告驱动或因果政策事件。
v15_cluster_0002329,v15_cluster_0002329,20150407,20150407,BU,BU,Bitumen,石油沥青,Hedge-position margin ratio,套保持仓交易保证金比例,0.1,0.1,0.07,0.07,bu1506,bu1506,1,1,12,12,0.08333333333333333,0.08333333333333333,single_contract,单一合约,0,0,0,0,Descriptive cluster only; it is not automatically classified as a notice-driven or causal policy event.,仅为描述性变更簇，不自动认定为公告驱动或因果政策事件。
v15_cluster_0002330,v15_cluster_0002330,20150407,20150407,BU,BU,Bitumen,石油沥青,Price-limit ratio,涨跌停板幅度,0.08,0.08,0.05,0.05,bu1506,bu1506,1,1,12,12,0.08333333333333333,0.08333333333333333,single_contract,单一合约,0,0,0,0,Descriptive cluster only; it is not automatically classified as a notice-driven or causal policy event.,仅为描述性变更簇，不自动认定为公告驱动或因果政策事件。
v15_cluster_0002342,v15_cluster_0002342,20150413,20150413,BU,BU,Bitumen,石油沥青,General-position margin ratio,一般持仓交易保证金比例,0.15,0.15,0.2,0.2,bu1504,bu1504,1,1,12,12,0.08333333333333333,0.08333333333333333,single_contract,单一合约,1,1,0,0,Descriptive cluster only; it is not automatically classified as a notice-driven or causal policy event.,仅为描述性变更簇，不自动认定为公告驱动或因果政策事件。
v15_cluster_0002343,v15_cluster_0002343,20150413,20150413,BU,BU,Bitumen,石油沥青,Hedge-position margin ratio,套保持仓交易保证金比例,0.15,0.15,0.2,0.2,bu1504,bu1504,1,1,12,12,0.08333333333333333,0.08333333333333333,single_contract,单一合约,1,1,0,0,Descriptive cluster only; it is not automatically classified as a notice-driven or causal policy event.,仅为描述性变更簇，不自动认定为公告驱动或因果政策事件。
v15_cluster_0002364,v15_cluster_0002364,20150414,20150414,BU,BU,Bitumen,石油沥青,Price-limit ratio,涨跌停板幅度,0.05,0.05,0.08,0.08,bu1505,bu1505,1,1,12,12,0.08333333333333333,0.08333333333333333,single_contract,单一合约,0,0,0,0,Descriptive cluster only; it is not automatically classified as a notice-driven or causal policy event.,仅为描述性变更簇，不自动认定为公告驱动或因果政策事件。
v15_cluster_0002372,v15_cluster_0002372,20150415,20150415,BU,BU,Bitumen,石油沥青,Price-limit ratio,涨跌停板幅度,0.08,0.08,0.05,0.05,bu1505,bu1505,1,1,12,12,0.08333333333333333,0.08333333333333333,single_contract,单一合约,1,1,0,0,Descriptive cluster only; it is not automatically classified as a notice-driven or causal policy event.,仅为描述性变更簇，不自动认定为公告驱动或因果政策事件。
v15_cluster_0002415,v15_cluster_0002415,20150430,20150430,BU,BU,Bitumen,石油沥青,Price-limit ratio,涨跌停板幅度,0.1,0.1,0.05,0.05,bu1510,bu1510,1,1,12,12,0.08333333333333333,0.08333333333333333,single_contract,单一合约,0,0,0,0,Descriptive cluster only; it is not automatically classified as a notice-driven or causal policy event.,仅为描述性变更簇，不自动认定为公告驱动或因果政策事件。
v15_cluster_0002431,v15_cluster_0002431,20150504,20150504,BU,BU,Bitumen,石油沥青,General-position margin ratio,一般持仓交易保证金比例,0.07,0.07,0.1,0.1,bu1506,bu1506,1,1,12,12,0.08333333333333333,0.08333333333333333,single_contract,单一合约,0,0,0,0,Descriptive cluster only; it is not automatically classified as a notice-driven or causal policy event.,仅为描述性变更簇，不自动认定为公告驱动或因果政策事件。
v15_cluster_0002432,v15_cluster_0002432,20150504,20150504,BU,BU,Bitumen,石油沥青,General-position margin ratio,一般持仓交易保证金比例,0.1,0.1,0.15,0.15,bu1505,bu1505,1,1,12,12,0.08333333333333333,0.08333333333333333,single_contract,单一合约,1,1,0,0,Descriptive cluster only; it is not automatically classified as a notice-driven or causal policy event.,仅为描述性变更簇，不自动认定为公告驱动或因果政策事件。
v15_cluster_0002433,v15_cluster_0002433,20150504,20150504,BU,BU,Bitumen,石油沥青,Hedge-position margin ratio,套保持仓交易保证金比例,0.07,0.07,0.1,0.1,bu1506,bu1506,1,1,12,12,0.08333333333333333,0.08333333333333333,single_contract,单一合约,0,0,0,0,Descriptive cluster only; it is not automatically classified as a notice-driven or causal policy event.,仅为描述性变更簇，不自动认定为公告驱动或因果政策事件。
v15_cluster_0002434,v15_cluster_0002434,20150504,20150504,BU,BU,Bitumen,石油沥青,Hedge-position margin ratio,套保持仓交易保证金比例,0.1,0.1,0.15,0.15,bu1505,bu1505,1,1,12,12,0.08333333333333333,0.08333333333333333,single_contract,单一合约,1,1,0,0,Descriptive cluster only; it is not automatically classified as a notice-driven or causal policy event.,仅为描述性变更簇，不自动认定为公告驱动或因果政策事件。
v15_cluster_0002486,v15_cluster_0002486,20150513,20150513,BU,BU,Bitumen,石油沥青,General-position margin ratio,一般持仓交易保证金比例,0.15,0.15,0.2,0.2,bu1505,bu1505,1,1,12,12,0.08333333333333333,0.08333333333333333,single_contract,单一合约,1,1,0,0,Descriptive cluster only; it is not automatically classified as a notice-driven or causal policy event.,仅为描述性变更簇，不自动认定为公告驱动或因果政策事件。
v15_cluster_0002487,v15_cluster_0002487,20150513,20150513,BU,BU,Bitumen,石油沥青,Hedge-position margin ratio,套保持仓交易保证金比例,0.15,0.15,0.2,0.2,bu1505,bu1505,1,1,12,12,0.08333333333333333,0.08333333333333333,single_contract,单一合约,1,1,0,0,Descriptive cluster only; it is not automatically classified as a notice-driven or causal policy event.,仅为描述性变更簇，不自动认定为公告驱动或因果政策事件。
v15_cluster_0002511,v15_cluster_0002511,20150519,20150519,BU,BU,Bitumen,石油沥青,Price-limit ratio,涨跌停板幅度,0.1,0.1,0.05,0.05,bu1703,bu1703,1,1,12,12,0.08333333333333333,0.08333333333333333,single_contract,单一合约,0,0,0,0,Descriptive cluster only; it is not automatically classified as a notice-driven or causal policy event.,仅为描述性变更簇，不自动认定为公告驱动或因果政策事件。
v15_cluster_0002543,v15_cluster_0002543,20150601,20150601,BU,BU,Bitumen,石油沥青,General-position margin ratio,一般持仓交易保证金比例,0.07,0.07,0.1,0.1,bu1507,bu1507,1,1,12,12,0.08333333333333333,0.08333333333333333,single_contract,单一合约,0,0,0,0,Descriptive cluster only; it is not automatically classified as a notice-driven or causal policy event.,仅为描述性变更簇，不自动认定为公告驱动或因果政策事件。
v15_cluster_0002544,v15_cluster_0002544,20150601,20150601,BU,BU,Bitumen,石油沥青,General-position margin ratio,一般持仓交易保证金比例,0.1,0.1,0.15,0.15,bu1506,bu1506,1,1,12,12,0.08333333333333333,0.08333333333333333,single_contract,单一合约,1,1,0,0,Descriptive cluster only; it is not automatically classified as a notice-driven or causal policy event.,仅为描述性变更簇，不自动认定为公告驱动或因果政策事件。
v15_cluster_0002545,v15_cluster_0002545,20150601,20150601,BU,BU,Bitumen,石油沥青,Hedge-position margin ratio,套保持仓交易保证金比例,0.07,0.07,0.1,0.1,bu1507,bu1507,1,1,12,12,0.08333333333333333,0.08333333333333333,single_contract,单一合约,0,0,0,0,Descriptive cluster only; it is not automatically classified as a notice-driven or causal policy event.,仅为描述性变更簇，不自动认定为公告驱动或因果政策事件。
v15_cluster_0002546,v15_cluster_0002546,20150601,20150601,BU,BU,Bitumen,石油沥青,Hedge-position margin ratio,套保持仓交易保证金比例,0.1,0.1,0.15,0.15,bu1506,bu1506,1,1,12,12,0.08333333333333333,0.08333333333333333,single_contract,单一合约,1,1,0,0,Descriptive cluster only; it is not automatically classified as a notice-driven or causal policy event.,仅为描述性变更簇，不自动认定为公告驱动或因果政策事件。
v15_cluster_0002586,v15_cluster_0002586,20150611,20150611,BU,BU,Bitumen,石油沥青,General-position margin ratio,一般持仓交易保证金比例,0.15,0.15,0.2,0.2,bu1506,bu1506,1,1,12,12,0.08333333333333333,0.08333333333333333,single_contract,单一合约,1,1,0,0,Descriptive cluster only; it is not automatically classified as a notice-driven or causal policy event.,仅为描述性变更簇，不自动认定为公告驱动或因果政策事件。
v15_cluster_0002587,v15_cluster_0002587,20150611,20150611,BU,BU,Bitumen,石油沥青,Hedge-position margin ratio,套保持仓交易保证金比例,0.15,0.15,0.2,0.2,bu1506,bu1506,1,1,12,12,0.08333333333333333,0.08333333333333333,single_contract,单一合约,1,1,0,0,Descriptive cluster only; it is not automatically classified as a notice-driven or causal policy event.,仅为描述性变更簇，不自动认定为公告驱动或因果政策事件。
v15_cluster_0002621,v15_cluster_0002621,20150619,20150619,BU,BU,Bitumen,石油沥青,Price-limit ratio,涨跌停板幅度,0.1,0.1,0.05,0.05,bu1706,bu1706,1,1,12,12,0.08333333333333333,0.08333333333333333,single_contract,单一合约,0,0,0,0,Descriptive cluster only; it is not automatically classified as a notice-driven or causal policy event.,仅为描述性变更簇，不自动认定为公告驱动或因果政策事件。
v15_cluster_0002627,v15_cluster_0002627,20150626,20150626,BU,BU,Bitumen,石油沥青,Price-limit ratio,涨跌停板幅度,0.1,0.1,0.05,0.05,bu1511,bu1511,1,1,12,12,0.08333333333333333,0.08333333333333333,single_contract,单一合约,0,0,0,0,Descriptive cluster only; it is not automatically classified as a notice-driven or causal policy event.,仅为描述性变更簇，不自动认定为公告驱动或因果政策事件。
v15_cluster_0002643,v15_cluster_0002643,20150701,20150701,BU,BU,Bitumen,石油沥青,General-position margin ratio,一般持仓交易保证金比例,0.07,0.07,0.1,0.1,bu1508,bu1508,1,1,12,12,0.08333333333333333,0.08333333333333333,single_contract,单一合约,0,0,0,0,Descriptive cluster only; it is not automatically classified as a notice-driven or causal policy event.,仅为描述性变更簇，不自动认定为公告驱动或因果政策事件。
v15_cluster_0002644,v15_cluster_0002644,20150701,20150701,BU,BU,Bitumen,石油沥青,General-position margin ratio,一般持仓交易保证金比例,0.1,0.1,0.15,0.15,bu1507,bu1507,1,1,12,12,0.08333333333333333,0.08333333333333333,single_contract,单一合约,1,1,0,0,Descriptive cluster only; it is not automatically classified as a notice-driven or causal policy event.,仅为描述性变更簇，不自动认定为公告驱动或因果政策事件。
v15_cluster_0002645,v15_cluster_0002645,20150701,20150701,BU,BU,Bitumen,石油沥青,Hedge-position margin ratio,套保持仓交易保证金比例,0.07,0.07,0.1,0.1,bu1508,bu1508,1,1,12,12,0.08333333333333333,0.08333333333333333,single_contract,单一合约,0,0,0,0,Descriptive cluster only; it is not automatically classified as a notice-driven or causal policy event.,仅为描述性变更簇，不自动认定为公告驱动或因果政策事件。
v15_cluster_0002646,v15_cluster_0002646,20150701,20150701,BU,BU,Bitumen,石油沥青,Hedge-position margin ratio,套保持仓交易保证金比例,0.1,0.1,0.15,0.15,bu1507,bu1507,1,1,12,12,0.08333333333333333,0.08333333333333333,single_contract,单一合约,1,1,0,0,Descriptive cluster only; it is not automatically classified as a notice-driven or causal policy event.,仅为描述性变更簇，不自动认定为公告驱动或因果政策事件。
v15_cluster_0002698,v15_cluster_0002698,20150708,20150708,BU,BU,Bitumen,石油沥青,General-position margin ratio,一般持仓交易保证金比例,0.07,0.07,0.1,0.1,bu1509;bu1603;bu1703,bu1509;bu1603;bu1703,3,3,12,12,0.25,0.25,multiple_contracts_partial,覆盖多个但非多数合约,0,0,0,0,Descriptive cluster only; it is not automatically classified as a notice-driven or causal policy event.,仅为描述性变更簇，不自动认定为公告驱动或因果政策事件。
v15_cluster_0002699,v15_cluster_0002699,20150708,20150708,BU,BU,Bitumen,石油沥青,Hedge-position margin ratio,套保持仓交易保证金比例,0.07,0.07,0.1,0.1,bu1509;bu1603;bu1703,bu1509;bu1603;bu1703,3,3,12,12,0.25,0.25,multiple_contracts_partial,覆盖多个但非多数合约,0,0,0,0,Descriptive cluster only; it is not automatically classified as a notice-driven or causal policy event.,仅为描述性变更簇，不自动认定为公告驱动或因果政策事件。
v15_cluster_0002700,v15_cluster_0002700,20150708,20150708,BU,BU,Bitumen,石油沥青,Price-limit ratio,涨跌停板幅度,0.05,0.05,0.08,0.08,bu1509;bu1603;bu1703,bu1509;bu1603;bu1703,3,3,12,12,0.25,0.25,multiple_contracts_partial,覆盖多个但非多数合约,0,0,0,0,Descriptive cluster only; it is not automatically classified as a notice-driven or causal policy event.,仅为描述性变更簇，不自动认定为公告驱动或因果政策事件。
v15_cluster_0002711,v15_cluster_0002711,20150709,20150709,BU,BU,Bitumen,石油沥青,General-position margin ratio,一般持仓交易保证金比例,0.07,0.07,0.1,0.1,bu1512;bu1606;bu1609,bu1512;bu1606;bu1609,3,3,12,12,0.25,0.25,multiple_contracts_partial,覆盖多个但非多数合约,0,0,0,0,Descriptive cluster only; it is not automatically classified as a notice-driven or causal policy event.,仅为描述性变更簇，不自动认定为公告驱动或因果政策事件。
v15_cluster_0002712,v15_cluster_0002712,20150709,20150709,BU,BU,Bitumen,石油沥青,General-position margin ratio,一般持仓交易保证金比例,0.1,0.1,0.07,0.07,bu1603;bu1703,bu1603;bu1703,2,2,12,12,0.16666666666666666,0.16666666666666666,multiple_contracts_partial,覆盖多个但非多数合约,0,0,0,0,Descriptive cluster only; it is not automatically classified as a notice-driven or causal policy event.,仅为描述性变更簇，不自动认定为公告驱动或因果政策事件。
v15_cluster_0002713,v15_cluster_0002713,20150709,20150709,BU,BU,Bitumen,石油沥青,General-position margin ratio,一般持仓交易保证金比例,0.1,0.1,0.12,0.12,bu1509,bu1509,1,1,12,12,0.08333333333333333,0.08333333333333333,single_contract,单一合约,0,0,0,0,Descriptive cluster only; it is not automatically classified as a notice-driven or causal policy event.,仅为描述性变更簇，不自动认定为公告驱动或因果政策事件。
v15_cluster_0002714,v15_cluster_0002714,20150709,20150709,BU,BU,Bitumen,石油沥青,Hedge-position margin ratio,套保持仓交易保证金比例,0.07,0.07,0.1,0.1,bu1512;bu1606;bu1609,bu1512;bu1606;bu1609,3,3,12,12,0.25,0.25,multiple_contracts_partial,覆盖多个但非多数合约,0,0,0,0,Descriptive cluster only; it is not automatically classified as a notice-driven or causal policy event.,仅为描述性变更簇，不自动认定为公告驱动或因果政策事件。
v15_cluster_0002715,v15_cluster_0002715,20150709,20150709,BU,BU,Bitumen,石油沥青,Hedge-position margin ratio,套保持仓交易保证金比例,0.1,0.1,0.07,0.07,bu1603;bu1703,bu1603;bu1703,2,2,12,12,0.16666666666666666,0.16666666666666666,multiple_contracts_partial,覆盖多个但非多数合约,0,0,0,0,Descriptive cluster only; it is not automatically classified as a notice-driven or causal policy event.,仅为描述性变更簇，不自动认定为公告驱动或因果政策事件。
v15_cluster_0002716,v15_cluster_0002716,20150709,20150709,BU,BU,Bitumen,石油沥青,Hedge-position margin ratio,套保持仓交易保证金比例,0.1,0.1,0.12,0.12,bu1509,bu1509,1,1,12,12,0.08333333333333333,0.08333333333333333,single_contract,单一合约,0,0,0,0,Descriptive cluster only; it is not automatically classified as a notice-driven or causal policy event.,仅为描述性变更簇，不自动认定为公告驱动或因果政策事件。
v15_cluster_0002717,v15_cluster_0002717,20150709,20150709,BU,BU,Bitumen,石油沥青,Price-limit ratio,涨跌停板幅度,0.05,0.05,0.08,0.08,bu1512;bu1606;bu1609,bu1512;bu1606;bu1609,3,3,12,12,0.25,0.25,multiple_contracts_partial,覆盖多个但非多数合约,0,0,0,0,Descriptive cluster only; it is not automatically classified as a notice-driven or causal policy event.,仅为描述性变更簇，不自动认定为公告驱动或因果政策事件。
v15_cluster_0002718,v15_cluster_0002718,20150709,20150709,BU,BU,Bitumen,石油沥青,Price-limit ratio,涨跌停板幅度,0.08,0.08,0.05,0.05,bu1603;bu1703,bu1603;bu1703,2,2,12,12,0.16666666666666666,0.16666666666666666,multiple_contracts_partial,覆盖多个但非多数合约,0,0,0,0,Descriptive cluster only; it is not automatically classified as a notice-driven or causal policy event.,仅为描述性变更簇，不自动认定为公告驱动或因果政策事件。
v15_cluster_0002719,v15_cluster_0002719,20150709,20150709,BU,BU,Bitumen,石油沥青,Price-limit ratio,涨跌停板幅度,0.08,0.08,0.1,0.1,bu1509,bu1509,1,1,12,12,0.08333333333333333,0.08333333333333333,single_contract,单一合约,0,0,0,0,Descriptive cluster only; it is not automatically classified as a notice-driven or causal policy event.,仅为描述性变更簇，不自动认定为公告驱动或因果政策事件。
v15_cluster_0002744,v15_cluster_0002744,20150710,20150710,BU,BU,Bitumen,石油沥青,General-position margin ratio,一般持仓交易保证金比例,0.1,0.1,0.07,0.07,bu1512;bu1606;bu1609,bu1512;bu1606;bu1609,3,3,12,12,0.25,0.25,multiple_contracts_partial,覆盖多个但非多数合约,0,0,0,0,Descriptive cluster only; it is not automatically classified as a notice-driven or causal policy event.,仅为描述性变更簇，不自动认定为公告驱动或因果政策事件。
v15_cluster_0002745,v15_cluster_0002745,20150710,20150710,BU,BU,Bitumen,石油沥青,General-position margin ratio,一般持仓交易保证金比例,0.12,0.12,0.07,0.07,bu1509,bu1509,1,1,12,12,0.08333333333333333,0.08333333333333333,single_contract,单一合约,0,0,0,0,Descriptive cluster only; it is not automatically classified as a notice-driven or causal policy event.,仅为描述性变更簇，不自动认定为公告驱动或因果政策事件。
v15_cluster_0002746,v15_cluster_0002746,20150710,20150710,BU,BU,Bitumen,石油沥青,Hedge-position margin ratio,套保持仓交易保证金比例,0.1,0.1,0.07,0.07,bu1512;bu1606;bu1609,bu1512;bu1606;bu1609,3,3,12,12,0.25,0.25,multiple_contracts_partial,覆盖多个但非多数合约,0,0,0,0,Descriptive cluster only; it is not automatically classified as a notice-driven or causal policy event.,仅为描述性变更簇，不自动认定为公告驱动或因果政策事件。
v15_cluster_0002747,v15_cluster_0002747,20150710,20150710,BU,BU,Bitumen,石油沥青,Hedge-position margin ratio,套保持仓交易保证金比例,0.12,0.12,0.07,0.07,bu1509,bu1509,1,1,12,12,0.08333333333333333,0.08333333333333333,single_contract,单一合约,0,0,0,0,Descriptive cluster only; it is not automatically classified as a notice-driven or causal policy event.,仅为描述性变更簇，不自动认定为公告驱动或因果政策事件。
v15_cluster_0002748,v15_cluster_0002748,20150710,20150710,BU,BU,Bitumen,石油沥青,Price-limit ratio,涨跌停板幅度,0.08,0.08,0.05,0.05,bu1512;bu1606;bu1609,bu1512;bu1606;bu1609,3,3,12,12,0.25,0.25,multiple_contracts_partial,覆盖多个但非多数合约,0,0,0,0,Descriptive cluster only; it is not automatically classified as a notice-driven or causal policy event.,仅为描述性变更簇，不自动认定为公告驱动或因果政策事件。
v15_cluster_0002749,v15_cluster_0002749,20150710,20150710,BU,BU,Bitumen,石油沥青,Price-limit ratio,涨跌停板幅度,0.1,0.1,0.05,0.05,bu1509,bu1509,1,1,12,12,0.08333333333333333,0.08333333333333333,single_contract,单一合约,0,0,0,0,Descriptive cluster only; it is not automatically classified as a notice-driven or causal policy event.,仅为描述性变更簇，不自动认定为公告驱动或因果政策事件。
v15_cluster_0002774,v15_cluster_0002774,20150713,20150713,BU,BU,Bitumen,石油沥青,General-position margin ratio,一般持仓交易保证金比例,0.15,0.15,0.2,0.2,bu1507,bu1507,1,1,12,12,0.08333333333333333,0.08333333333333333,single_contract,单一合约,1,1,0,0,Descriptive cluster only; it is not automatically classified as a notice-driven or causal policy event.,仅为描述性变更簇，不自动认定为公告驱动或因果政策事件。
v15_cluster_0002775,v15_cluster_0002775,20150713,20150713,BU,BU,Bitumen,石油沥青,Hedge-position margin ratio,套保持仓交易保证金比例,0.15,0.15,0.2,0.2,bu1507,bu1507,1,1,12,12,0.08333333333333333,0.08333333333333333,single_contract,单一合约,1,1,0,0,Descriptive cluster only; it is not automatically classified as a notice-driven or causal policy event.,仅为描述性变更簇，不自动认定为公告驱动或因果政策事件。
v15_cluster_0002813,v15_cluster_0002813,20150720,20150720,BU,BU,Bitumen,石油沥青,Price-limit ratio,涨跌停板幅度,0.1,0.1,0.05,0.05,bu1601,bu1601,1,1,12,12,0.08333333333333333,0.08333333333333333,single_contract,单一合约,0,0,0,0,Descriptive cluster only; it is not automatically classified as a notice-driven or causal policy event.,仅为描述性变更簇，不自动认定为公告驱动或因果政策事件。
v15_cluster_0002826,v15_cluster_0002826,20150728,20150728,BU,BU,Bitumen,石油沥青,General-position margin ratio,一般持仓交易保证金比例,0.07,0.07,0.1,0.1,bu1509;bu1606;bu1609,bu1509;bu1606;bu1609,3,3,12,12,0.25,0.25,multiple_contracts_partial,覆盖多个但非多数合约,0,0,0,0,Descriptive cluster only; it is not automatically classified as a notice-driven or causal policy event.,仅为描述性变更簇，不自动认定为公告驱动或因果政策事件。
v15_cluster_0002827,v15_cluster_0002827,20150728,20150728,BU,BU,Bitumen,石油沥青,Hedge-position margin ratio,套保持仓交易保证金比例,0.07,0.07,0.1,0.1,bu1509;bu1606;bu1609,bu1509;bu1606;bu1609,3,3,12,12,0.25,0.25,multiple_contracts_partial,覆盖多个但非多数合约,0,0,0,0,Descriptive cluster only; it is not automatically classified as a notice-driven or causal policy event.,仅为描述性变更簇，不自动认定为公告驱动或因果政策事件。
v15_cluster_0002828,v15_cluster_0002828,20150728,20150728,BU,BU,Bitumen,石油沥青,Price-limit ratio,涨跌停板幅度,0.05,0.05,0.08,0.08,bu1509;bu1606;bu1609,bu1509;bu1606;bu1609,3,3,12,12,0.25,0.25,multiple_contracts_partial,覆盖多个但非多数合约,0,0,0,0,Descriptive cluster only; it is not automatically classified as a notice-driven or causal policy event.,仅为描述性变更簇，不自动认定为公告驱动或因果政策事件。
v15_cluster_0002831,v15_cluster_0002831,20150729,20150729,BU,BU,Bitumen,石油沥青,General-position margin ratio,一般持仓交易保证金比例,0.1,0.1,0.07,0.07,bu1509;bu1606;bu1609,bu1509;bu1606;bu1609,3,3,12,12,0.25,0.25,multiple_contracts_partial,覆盖多个但非多数合约,0,0,0,0,Descriptive cluster only; it is not automatically classified as a notice-driven or causal policy event.,仅为描述性变更簇，不自动认定为公告驱动或因果政策事件。
v15_cluster_0002832,v15_cluster_0002832,20150729,20150729,BU,BU,Bitumen,石油沥青,Hedge-position margin ratio,套保持仓交易保证金比例,0.1,0.1,0.07,0.07,bu1509;bu1606;bu1609,bu1509;bu1606;bu1609,3,3,12,12,0.25,0.25,multiple_contracts_partial,覆盖多个但非多数合约,0,0,0,0,Descriptive cluster only; it is not automatically classified as a notice-driven or causal policy event.,仅为描述性变更簇，不自动认定为公告驱动或因果政策事件。
v15_cluster_0002833,v15_cluster_0002833,20150729,20150729,BU,BU,Bitumen,石油沥青,Price-limit ratio,涨跌停板幅度,0.08,0.08,0.05,0.05,bu1509;bu1606;bu1609,bu1509;bu1606;bu1609,3,3,12,12,0.25,0.25,multiple_contracts_partial,覆盖多个但非多数合约,0,0,0,0,Descriptive cluster only; it is not automatically classified as a notice-driven or causal policy event.,仅为描述性变更簇，不自动认定为公告驱动或因果政策事件。
v15_cluster_0002849,v15_cluster_0002849,20150803,20150803,BU,BU,Bitumen,石油沥青,General-position margin ratio,一般持仓交易保证金比例,0.07,0.07,0.1,0.1,bu1509,bu1509,1,1,12,12,0.08333333333333333,0.08333333333333333,single_contract,单一合约,0,0,0,0,Descriptive cluster only; it is not automatically classified as a notice-driven or causal policy event.,仅为描述性变更簇，不自动认定为公告驱动或因果政策事件。
v15_cluster_0002850,v15_cluster_0002850,20150803,20150803,BU,BU,Bitumen,石油沥青,General-position margin ratio,一般持仓交易保证金比例,0.1,0.1,0.15,0.15,bu1508,bu1508,1,1,12,12,0.08333333333333333,0.08333333333333333,single_contract,单一合约,1,1,0,0,Descriptive cluster only; it is not automatically classified as a notice-driven or causal policy event.,仅为描述性变更簇，不自动认定为公告驱动或因果政策事件。
v15_cluster_0002851,v15_cluster_0002851,20150803,20150803,BU,BU,Bitumen,石油沥青,Hedge-position margin ratio,套保持仓交易保证金比例,0.07,0.07,0.1,0.1,bu1509,bu1509,1,1,12,12,0.08333333333333333,0.08333333333333333,single_contract,单一合约,0,0,0,0,Descriptive cluster only; it is not automatically classified as a notice-driven or causal policy event.,仅为描述性变更簇，不自动认定为公告驱动或因果政策事件。
v15_cluster_0002852,v15_cluster_0002852,20150803,20150803,BU,BU,Bitumen,石油沥青,Hedge-position margin ratio,套保持仓交易保证金比例,0.1,0.1,0.15,0.15,bu1508,bu1508,1,1,12,12,0.08333333333333333,0.08333333333333333,single_contract,单一合约,1,1,0,0,Descriptive cluster only; it is not automatically classified as a notice-driven or causal policy event.,仅为描述性变更簇，不自动认定为公告驱动或因果政策事件。
v15_cluster_0002897,v15_cluster_0002897,20150811,20150811,BU,BU,Bitumen,石油沥青,General-position margin ratio,一般持仓交易保证金比例,0.07,0.07,0.1,0.1,bu1512,bu1512,1,1,12,12,0.08333333333333333,0.08333333333333333,single_contract,单一合约,0,0,0,0,Descriptive cluster only; it is not automatically classified as a notice-driven or causal policy event.,仅为描述性变更簇，不自动认定为公告驱动或因果政策事件。
v15_cluster_0002898,v15_cluster_0002898,20150811,20150811,BU,BU,Bitumen,石油沥青,Hedge-position margin ratio,套保持仓交易保证金比例,0.07,0.07,0.1,0.1,bu1512,bu1512,1,1,12,12,0.08333333333333333,0.08333333333333333,single_contract,单一合约,0,0,0,0,Descriptive cluster only; it is not automatically classified as a notice-driven or causal policy event.,仅为描述性变更簇，不自动认定为公告驱动或因果政策事件。
v15_cluster_0002899,v15_cluster_0002899,20150811,20150811,BU,BU,Bitumen,石油沥青,Price-limit ratio,涨跌停板幅度,0.05,0.05,0.08,0.08,bu1509;bu1512,bu1509;bu1512,2,2,12,12,0.16666666666666666,0.16666666666666666,multiple_contracts_partial,覆盖多个但非多数合约,0,0,0,0,Descriptive cluster only; it is not automatically classified as a notice-driven or causal policy event.,仅为描述性变更簇，不自动认定为公告驱动或因果政策事件。
v15_cluster_0002902,v15_cluster_0002902,20150812,20150812,BU,BU,Bitumen,石油沥青,General-position margin ratio,一般持仓交易保证金比例,0.1,0.1,0.07,0.07,bu1512,bu1512,1,1,12,12,0.08333333333333333,0.08333333333333333,single_contract,单一合约,0,0,0,0,Descriptive cluster only; it is not automatically classified as a notice-driven or causal policy event.,仅为描述性变更簇，不自动认定为公告驱动或因果政策事件。
v15_cluster_0002903,v15_cluster_0002903,20150812,20150812,BU,BU,Bitumen,石油沥青,Hedge-position margin ratio,套保持仓交易保证金比例,0.1,0.1,0.07,0.07,bu1512,bu1512,1,1,12,12,0.08333333333333333,0.08333333333333333,single_contract,单一合约,0,0,0,0,Descriptive cluster only; it is not automatically classified as a notice-driven or causal policy event.,仅为描述性变更簇，不自动认定为公告驱动或因果政策事件。
v15_cluster_0002904,v15_cluster_0002904,20150812,20150812,BU,BU,Bitumen,石油沥青,Price-limit ratio,涨跌停板幅度,0.08,0.08,0.05,0.05,bu1509;bu1512,bu1509;bu1512,2,2,12,12,0.16666666666666666,0.16666666666666666,multiple_contracts_partial,覆盖多个但非多数合约,0,0,0,0,Descriptive cluster only; it is not automatically classified as a notice-driven or causal policy event.,仅为描述性变更簇，不自动认定为公告驱动或因果政策事件。
v15_cluster_0002911,v15_cluster_0002911,20150813,20150813,BU,BU,Bitumen,石油沥青,General-position margin ratio,一般持仓交易保证金比例,0.15,0.15,0.2,0.2,bu1508,bu1508,1,1,12,12,0.08333333333333333,0.08333333333333333,single_contract,单一合约,1,1,0,0,Descriptive cluster only; it is not automatically classified as a notice-driven or causal policy event.,仅为描述性变更簇，不自动认定为公告驱动或因果政策事件。
v15_cluster_0002912,v15_cluster_0002912,20150813,20150813,BU,BU,Bitumen,石油沥青,Hedge-position margin ratio,套保持仓交易保证金比例,0.15,0.15,0.2,0.2,bu1508,bu1508,1,1,12,12,0.08333333333333333,0.08333333333333333,single_contract,单一合约,1,1,0,0,Descriptive cluster only; it is not automatically classified as a notice-driven or causal policy event.,仅为描述性变更簇，不自动认定为公告驱动或因果政策事件。
v15_cluster_0002945,v15_cluster_0002945,20150825,20150825,BU,BU,Bitumen,石油沥青,General-position margin ratio,一般持仓交易保证金比例,0.07,0.07,0.1,0.1,bu1512,bu1512,1,1,12,12,0.08333333333333333,0.08333333333333333,single_contract,单一合约,0,0,0,0,Descriptive cluster only; it is not automatically classified as a notice-driven or causal policy event.,仅为描述性变更簇，不自动认定为公告驱动或因果政策事件。
v15_cluster_0002946,v15_cluster_0002946,20150825,20150825,BU,BU,Bitumen,石油沥青,Hedge-position margin ratio,套保持仓交易保证金比例,0.07,0.07,0.1,0.1,bu1512,bu1512,1,1,12,12,0.08333333333333333,0.08333333333333333,single_contract,单一合约,0,0,0,0,Descriptive cluster only; it is not automatically classified as a notice-driven or causal policy event.,仅为描述性变更簇，不自动认定为公告驱动或因果政策事件。
v15_cluster_0002947,v15_cluster_0002947,20150825,20150825,BU,BU,Bitumen,石油沥青,Price-limit ratio,涨跌停板幅度,0.05,0.05,0.08,0.08,bu1512,bu1512,1,1,12,12,0.08333333333333333,0.08333333333333333,single_contract,单一合约,0,0,0,0,Descriptive cluster only; it is not automatically classified as a notice-driven or causal policy event.,仅为描述性变更簇，不自动认定为公告驱动或因果政策事件。
v15_cluster_0002962,v15_cluster_0002962,20150826,20150826,BU,BU,Bitumen,石油沥青,General-position margin ratio,一般持仓交易保证金比例,0.1,0.1,0.07,0.07,bu1512,bu1512,1,1,12,12,0.08333333333333333,0.08333333333333333,single_contract,单一合约,0,0,0,0,Descriptive cluster only; it is not automatically classified as a notice-driven or causal policy event.,仅为描述性变更簇，不自动认定为公告驱动或因果政策事件。
v15_cluster_0002963,v15_cluster_0002963,20150826,20150826,BU,BU,Bitumen,石油沥青,Hedge-position margin ratio,套保持仓交易保证金比例,0.1,0.1,0.07,0.07,bu1512,bu1512,1,1,12,12,0.08333333333333333,0.08333333333333333,single_contract,单一合约,0,0,0,0,Descriptive cluster only; it is not automatically classified as a notice-driven or causal policy event.,仅为描述性变更簇，不自动认定为公告驱动或因果政策事件。
v15_cluster_0002964,v15_cluster_0002964,20150826,20150826,BU,BU,Bitumen,石油沥青,Price-limit ratio,涨跌停板幅度,0.08,0.08,0.05,0.05,bu1512,bu1512,1,1,12,12,0.08333333333333333,0.08333333333333333,single_contract,单一合约,0,0,0,0,Descriptive cluster only; it is not automatically classified as a notice-driven or causal policy event.,仅为描述性变更簇，不自动认定为公告驱动或因果政策事件。
v15_cluster_0002994,v15_cluster_0002994,20150901,20150901,BU,BU,Bitumen,石油沥青,General-position margin ratio,一般持仓交易保证金比例,0.07,0.07,0.1,0.1,bu1510,bu1510,1,1,12,12,0.08333333333333333,0.08333333333333333,single_contract,单一合约,0,0,0,0,Descriptive cluster only; it is not automatically classified as a notice-driven or causal policy event.,仅为描述性变更簇，不自动认定为公告驱动或因果政策事件。
v15_cluster_0002995,v15_cluster_0002995,20150901,20150901,BU,BU,Bitumen,石油沥青,General-position margin ratio,一般持仓交易保证金比例,0.1,0.1,0.15,0.15,bu1509,bu1509,1,1,12,12,0.08333333333333333,0.08333333333333333,single_contract,单一合约,1,1,0,0,Descriptive cluster only; it is not automatically classified as a notice-driven or causal policy event.,仅为描述性变更簇，不自动认定为公告驱动或因果政策事件。
v15_cluster_0002996,v15_cluster_0002996,20150901,20150901,BU,BU,Bitumen,石油沥青,Hedge-position margin ratio,套保持仓交易保证金比例,0.07,0.07,0.1,0.1,bu1510,bu1510,1,1,12,12,0.08333333333333333,0.08333333333333333,single_contract,单一合约,0,0,0,0,Descriptive cluster only; it is not automatically classified as a notice-driven or causal policy event.,仅为描述性变更簇，不自动认定为公告驱动或因果政策事件。
v15_cluster_0002997,v15_cluster_0002997,20150901,20150901,BU,BU,Bitumen,石油沥青,Hedge-position margin ratio,套保持仓交易保证金比例,0.1,0.1,0.15,0.15,bu1509,bu1509,1,1,12,12,0.08333333333333333,0.08333333333333333,single_contract,单一合约,1,1,0,0,Descriptive cluster only; it is not automatically classified as a notice-driven or causal policy event.,仅为描述性变更簇，不自动认定为公告驱动或因果政策事件。
v15_cluster_0003043,v15_cluster_0003043,20150902,20150902,BU,BU,Bitumen,石油沥青,General-position margin ratio,一般持仓交易保证金比例,0.07,0.07,0.08,0.08,bu1511;bu1512;bu1601;bu1602;bu1603;bu1606;bu1609;bu1612;bu1703;bu1706,bu1511;bu1512;bu1601;bu1602;bu1603;bu1606;bu1609;bu1612;bu1703;bu1706,10,10,12,12,0.8333333333333334,0.8333333333333334,majority_of_active_contracts,覆盖当日多数活跃合约,0,0,0,0,Descriptive cluster only; it is not automatically classified as a notice-driven or causal policy event.,仅为描述性变更簇，不自动认定为公告驱动或因果政策事件。
v15_cluster_0003044,v15_cluster_0003044,20150902,20150902,BU,BU,Bitumen,石油沥青,Hedge-position margin ratio,套保持仓交易保证金比例,0.07,0.07,0.08,0.08,bu1511;bu1512;bu1601;bu1602;bu1603;bu1606;bu1609;bu1612;bu1703;bu1706,bu1511;bu1512;bu1601;bu1602;bu1603;bu1606;bu1609;bu1612;bu1703;bu1706,10,10,12,12,0.8333333333333334,0.8333333333333334,majority_of_active_contracts,覆盖当日多数活跃合约,0,0,0,0,Descriptive cluster only; it is not automatically classified as a notice-driven or causal policy event.,仅为描述性变更簇，不自动认定为公告驱动或因果政策事件。
v15_cluster_0003045,v15_cluster_0003045,20150902,20150902,BU,BU,Bitumen,石油沥青,Price-limit ratio,涨跌停板幅度,0.05,0.05,0.06,0.06,bu1509;bu1510;bu1511;bu1512;bu1601;bu1603;bu1606;bu1609;bu1612;bu1703;bu1706,bu1509;bu1510;bu1511;bu1512;bu1601;bu1603;bu1606;bu1609;bu1612;bu1703;bu1706,11,11,12,12,0.9166666666666666,0.9166666666666666,majority_of_active_contracts,覆盖当日多数活跃合约,1,1,0,0,Descriptive cluster only; it is not automatically classified as a notice-driven or causal policy event.,仅为描述性变更簇，不自动认定为公告驱动或因果政策事件。
v15_cluster_0003082,v15_cluster_0003082,20150908,20150908,BU,BU,Bitumen,石油沥青,General-position margin ratio,一般持仓交易保证金比例,0.08,0.08,0.07,0.07,bu1511;bu1512;bu1601;bu1602;bu1603;bu1606;bu1609;bu1612;bu1703;bu1706,bu1511;bu1512;bu1601;bu1602;bu1603;bu1606;bu1609;bu1612;bu1703;bu1706,10,10,12,12,0.8333333333333334,0.8333333333333334,majority_of_active_contracts,覆盖当日多数活跃合约,0,0,0,0,Descriptive cluster only; it is not automatically classified as a notice-driven or causal policy event.,仅为描述性变更簇，不自动认定为公告驱动或因果政策事件。
v15_cluster_0003083,v15_cluster_0003083,20150908,20150908,BU,BU,Bitumen,石油沥青,Hedge-position margin ratio,套保持仓交易保证金比例,0.08,0.08,0.07,0.07,bu1511;bu1512;bu1601;bu1602;bu1603;bu1606;bu1609;bu1612;bu1703;bu1706,bu1511;bu1512;bu1601;bu1602;bu1603;bu1606;bu1609;bu1612;bu1703;bu1706,10,10,12,12,0.8333333333333334,0.8333333333333334,majority_of_active_contracts,覆盖当日多数活跃合约,0,0,0,0,Descriptive cluster only; it is not automatically classified as a notice-driven or causal policy event.,仅为描述性变更簇，不自动认定为公告驱动或因果政策事件。
v15_cluster_0003084,v15_cluster_0003084,20150908,20150908,BU,BU,Bitumen,石油沥青,Price-limit ratio,涨跌停板幅度,0.06,0.06,0.05,0.05,bu1509;bu1510;bu1511;bu1512;bu1601;bu1603;bu1606;bu1609;bu1612;bu1703;bu1706,bu1509;bu1510;bu1511;bu1512;bu1601;bu1603;bu1606;bu1609;bu1612;bu1703;bu1706,11,11,12,12,0.9166666666666666,0.9166666666666666,majority_of_active_contracts,覆盖当日多数活跃合约,1,1,0,0,Descriptive cluster only; it is not automatically classified as a notice-driven or causal policy event.,仅为描述性变更簇，不自动认定为公告驱动或因果政策事件。
v15_cluster_0003118,v15_cluster_0003118,20150911,20150911,BU,BU,Bitumen,石油沥青,General-position margin ratio,一般持仓交易保证金比例,0.15,0.15,0.2,0.2,bu1509,bu1509,1,1,12,12,0.08333333333333333,0.08333333333333333,single_contract,单一合约,1,1,0,0,Descriptive cluster only; it is not automatically classified as a notice-driven or causal policy event.,仅为描述性变更簇，不自动认定为公告驱动或因果政策事件。
v15_cluster_0003119,v15_cluster_0003119,20150911,20150911,BU,BU,Bitumen,石油沥青,Hedge-position margin ratio,套保持仓交易保证金比例,0.15,0.15,0.2,0.2,bu1509,bu1509,1,1,12,12,0.08333333333333333,0.08333333333333333,single_contract,单一合约,1,1,0,0,Descriptive cluster only; it is not automatically classified as a notice-driven or causal policy event.,仅为描述性变更簇，不自动认定为公告驱动或因果政策事件。
v15_cluster_0003152,v15_cluster_0003152,20150921,20150921,BU,BU,Bitumen,石油沥青,Price-limit ratio,涨跌停板幅度,0.1,0.1,0.05,0.05,bu1709,bu1709,1,1,12,12,0.08333333333333333,0.08333333333333333,single_contract,单一合约,0,0,0,0,Descriptive cluster only; it is not automatically classified as a notice-driven or causal policy event.,仅为描述性变更簇，不自动认定为公告驱动或因果政策事件。
v15_cluster_0003163,v15_cluster_0003163,20150928,20150928,BU,BU,Bitumen,石油沥青,Price-limit ratio,涨跌停板幅度,0.1,0.1,0.05,0.05,bu1602,bu1602,1,1,12,12,0.08333333333333333,0.08333333333333333,single_contract,单一合约,0,0,0,0,Descriptive cluster only; it is not automatically classified as a notice-driven or causal policy event.,仅为描述性变更簇，不自动认定为公告驱动或因果政策事件。
v15_cluster_0003179,v15_cluster_0003179,20150930,20150930,BU,BU,Bitumen,石油沥青,General-position margin ratio,一般持仓交易保证金比例,0.07,0.07,0.1,0.1,bu1511;bu1512;bu1601;bu1602;bu1603;bu1606;bu1609;bu1612;bu1703;bu1706;bu1709,bu1511;bu1512;bu1601;bu1602;bu1603;bu1606;bu1609;bu1612;bu1703;bu1706;bu1709,11,11,12,12,0.9166666666666666,0.9166666666666666,majority_of_active_contracts,覆盖当日多数活跃合约,0,0,0,0,Descriptive cluster only; it is not automatically classified as a notice-driven or causal policy event.,仅为描述性变更簇，不自动认定为公告驱动或因果政策事件。
v15_cluster_0003180,v15_cluster_0003180,20150930,20150930,BU,BU,Bitumen,石油沥青,Hedge-position margin ratio,套保持仓交易保证金比例,0.07,0.07,0.1,0.1,bu1511;bu1512;bu1601;bu1602;bu1603;bu1606;bu1609;bu1612;bu1703;bu1706;bu1709,bu1511;bu1512;bu1601;bu1602;bu1603;bu1606;bu1609;bu1612;bu1703;bu1706;bu1709,11,11,12,12,0.9166666666666666,0.9166666666666666,majority_of_active_contracts,覆盖当日多数活跃合约,0,0,0,0,Descriptive cluster only; it is not automatically classified as a notice-driven or causal policy event.,仅为描述性变更簇，不自动认定为公告驱动或因果政策事件。
v15_cluster_0003181,v15_cluster_0003181,20150930,20150930,BU,BU,Bitumen,石油沥青,Price-limit ratio,涨跌停板幅度,0.05,0.05,0.07,0.07,bu1510;bu1511;bu1512;bu1601;bu1602;bu1603;bu1606;bu1609;bu1612;bu1703;bu1706;bu1709,bu1510;bu1511;bu1512;bu1601;bu1602;bu1603;bu1606;bu1609;bu1612;bu1703;bu1706;bu1709,12,12,12,12,1.0,1.0,all_active_contracts,覆盖当日全部活跃合约,1,1,0,0,Descriptive cluster only; it is not automatically classified as a notice-driven or causal policy event.,仅为描述性变更簇，不自动认定为公告驱动或因果政策事件。
v15_cluster_0003228,v15_cluster_0003228,20151008,20151008,BU,BU,Bitumen,石油沥青,General-position margin ratio,一般持仓交易保证金比例,0.1,0.1,0.15,0.15,bu1510,bu1510,1,1,12,12,0.08333333333333333,0.08333333333333333,single_contract,单一合约,1,1,0,0,Descriptive cluster only; it is not automatically classified as a notice-driven or causal policy event.,仅为描述性变更簇，不自动认定为公告驱动或因果政策事件。
v15_cluster_0003229,v15_cluster_0003229,20151008,20151008,BU,BU,Bitumen,石油沥青,Hedge-position margin ratio,套保持仓交易保证金比例,0.1,0.1,0.15,0.15,bu1510,bu1510,1,1,12,12,0.08333333333333333,0.08333333333333333,single_contract,单一合约,1,1,0,0,Descriptive cluster only; it is not automatically classified as a notice-driven or causal policy event.,仅为描述性变更簇，不自动认定为公告驱动或因果政策事件。
v15_cluster_0003269,v15_cluster_0003269,20151009,20151009,BU,BU,Bitumen,石油沥青,General-position margin ratio,一般持仓交易保证金比例,0.1,0.1,0.08,0.08,bu1512;bu1601;bu1602;bu1603;bu1606;bu1609;bu1612;bu1703;bu1706;bu1709,bu1512;bu1601;bu1602;bu1603;bu1606;bu1609;bu1612;bu1703;bu1706;bu1709,10,10,12,12,0.8333333333333334,0.8333333333333334,majority_of_active_contracts,覆盖当日多数活跃合约,0,0,0,0,Descriptive cluster only; it is not automatically classified as a notice-driven or causal policy event.,仅为描述性变更簇，不自动认定为公告驱动或因果政策事件。
v15_cluster_0003270,v15_cluster_0003270,20151009,20151009,BU,BU,Bitumen,石油沥青,Hedge-position margin ratio,套保持仓交易保证金比例,0.1,0.1,0.08,0.08,bu1512;bu1601;bu1602;bu1603;bu1606;bu1609;bu1612;bu1703;bu1706;bu1709,bu1512;bu1601;bu1602;bu1603;bu1606;bu1609;bu1612;bu1703;bu1706;bu1709,10,10,12,12,0.8333333333333334,0.8333333333333334,majority_of_active_contracts,覆盖当日多数活跃合约,0,0,0,0,Descriptive cluster only; it is not automatically classified as a notice-driven or causal policy event.,仅为描述性变更簇，不自动认定为公告驱动或因果政策事件。
v15_cluster_0003271,v15_cluster_0003271,20151009,20151009,BU,BU,Bitumen,石油沥青,Price-limit ratio,涨跌停板幅度,0.07,0.07,0.06,0.06,bu1510;bu1511;bu1512;bu1601;bu1602;bu1603;bu1606;bu1609;bu1612;bu1703;bu1706;bu1709,bu1510;bu1511;bu1512;bu1601;bu1602;bu1603;bu1606;bu1609;bu1612;bu1703;bu1706;bu1709,12,12,12,12,1.0,1.0,all_active_contracts,覆盖当日全部活跃合约,1,1,0,0,Descriptive cluster only; it is not automatically classified as a notice-driven or causal policy event.,仅为描述性变更簇，不自动认定为公告驱动或因果政策事件。
v15_cluster_0003316,v15_cluster_0003316,20151013,20151013,BU,BU,Bitumen,石油沥青,General-position margin ratio,一般持仓交易保证金比例,0.15,0.15,0.2,0.2,bu1510,bu1510,1,1,12,12,0.08333333333333333,0.08333333333333333,single_contract,单一合约,1,1,0,0,Descriptive cluster only; it is not automatically classified as a notice-driven or causal policy event.,仅为描述性变更簇，不自动认定为公告驱动或因果政策事件。
v15_cluster_0003317,v15_cluster_0003317,20151013,20151013,BU,BU,Bitumen,石油沥青,Hedge-position margin ratio,套保持仓交易保证金比例,0.15,0.15,0.2,0.2,bu1510,bu1510,1,1,12,12,0.08333333333333333,0.08333333333333333,single_contract,单一合约,1,1,0,0,Descriptive cluster only; it is not automatically classified as a notice-driven or causal policy event.,仅为描述性变更簇，不自动认定为公告驱动或因果政策事件。
v15_cluster_0003366,v15_cluster_0003366,20151102,20151102,BU,BU,Bitumen,石油沥青,General-position margin ratio,一般持仓交易保证金比例,0.08,0.08,0.1,0.1,bu1512,bu1512,1,1,12,12,0.08333333333333333,0.08333333333333333,single_contract,单一合约,0,0,0,0,Descriptive cluster only; it is not automatically classified as a notice-driven or causal policy event.,仅为描述性变更簇，不自动认定为公告驱动或因果政策事件。
v15_cluster_0003367,v15_cluster_0003367,20151102,20151102,BU,BU,Bitumen,石油沥青,General-position margin ratio,一般持仓交易保证金比例,0.1,0.1,0.15,0.15,bu1511,bu1511,1,1,12,12,0.08333333333333333,0.08333333333333333,single_contract,单一合约,1,1,0,0,Descriptive cluster only; it is not automatically classified as a notice-driven or causal policy event.,仅为描述性变更簇，不自动认定为公告驱动或因果政策事件。
v15_cluster_0003368,v15_cluster_0003368,20151102,20151102,BU,BU,Bitumen,石油沥青,Hedge-position margin ratio,套保持仓交易保证金比例,0.08,0.08,0.1,0.1,bu1512,bu1512,1,1,12,12,0.08333333333333333,0.08333333333333333,single_contract,单一合约,0,0,0,0,Descriptive cluster only; it is not automatically classified as a notice-driven or causal policy event.,仅为描述性变更簇，不自动认定为公告驱动或因果政策事件。
v15_cluster_0003369,v15_cluster_0003369,20151102,20151102,BU,BU,Bitumen,石油沥青,Hedge-position margin ratio,套保持仓交易保证金比例,0.1,0.1,0.15,0.15,bu1511,bu1511,1,1,12,12,0.08333333333333333,0.08333333333333333,single_contract,单一合约,1,1,0,0,Descriptive cluster only; it is not automatically classified as a notice-driven or causal policy event.,仅为描述性变更簇，不自动认定为公告驱动或因果政策事件。
v15_cluster_0003421,v15_cluster_0003421,20151110,20151110,BU,BU,Bitumen,石油沥青,Price-limit ratio,涨跌停板幅度,0.12,0.12,0.06,0.06,bu1604,bu1604,1,1,12,12,0.08333333333333333,0.08333333333333333,single_contract,单一合约,0,0,0,0,Descriptive cluster only; it is not automatically classified as a notice-driven or causal policy event.,仅为描述性变更簇，不自动认定为公告驱动或因果政策事件。
v15_cluster_0003435,v15_cluster_0003435,20151112,20151112,BU,BU,Bitumen,石油沥青,General-position margin ratio,一般持仓交易保证金比例,0.15,0.15,0.2,0.2,bu1511,bu1511,1,1,12,12,0.08333333333333333,0.08333333333333333,single_contract,单一合约,1,1,0,0,Descriptive cluster only; it is not automatically classified as a notice-driven or causal policy event.,仅为描述性变更簇，不自动认定为公告驱动或因果政策事件。
v15_cluster_0003436,v15_cluster_0003436,20151112,20151112,BU,BU,Bitumen,石油沥青,Hedge-position margin ratio,套保持仓交易保证金比例,0.15,0.15,0.2,0.2,bu1511,bu1511,1,1,12,12,0.08333333333333333,0.08333333333333333,single_contract,单一合约,1,1,0,0,Descriptive cluster only; it is not automatically classified as a notice-driven or causal policy event.,仅为描述性变更簇，不自动认定为公告驱动或因果政策事件。
v15_cluster_0003471,v15_cluster_0003471,20151117,20151117,BU,BU,Bitumen,石油沥青,General-position margin ratio,一般持仓交易保证金比例,0.1,0.1,0.15,0.15,bu1512,bu1512,1,1,12,12,0.08333333333333333,0.08333333333333333,single_contract,单一合约,1,1,0,0,Descriptive cluster only; it is not automatically classified as a notice-driven or causal policy event.,仅为描述性变更簇，不自动认定为公告驱动或因果政策事件。
v15_cluster_0003472,v15_cluster_0003472,20151117,20151117,BU,BU,Bitumen,石油沥青,Hedge-position margin ratio,套保持仓交易保证金比例,0.1,0.1,0.15,0.15,bu1512,bu1512,1,1,12,12,0.08333333333333333,0.08333333333333333,single_contract,单一合约,1,1,0,0,Descriptive cluster only; it is not automatically classified as a notice-driven or causal policy event.,仅为描述性变更簇，不自动认定为公告驱动或因果政策事件。
v15_cluster_0003473,v15_cluster_0003473,20151117,20151117,BU,BU,Bitumen,石油沥青,Price-limit ratio,涨跌停板幅度,0.06,0.06,0.09,0.09,bu1512,bu1512,1,1,12,12,0.08333333333333333,0.08333333333333333,single_contract,单一合约,1,1,0,0,Descriptive cluster only; it is not automatically classified as a notice-driven or causal policy event.,仅为描述性变更簇，不自动认定为公告驱动或因果政策事件。
v15_cluster_0003477,v15_cluster_0003477,20151118,20151118,BU,BU,Bitumen,石油沥青,Price-limit ratio,涨跌停板幅度,0.09,0.09,0.06,0.06,bu1512,bu1512,1,1,12,12,0.08333333333333333,0.08333333333333333,single_contract,单一合约,1,1,0,0,Descriptive cluster only; it is not automatically classified as a notice-driven or causal policy event.,仅为描述性变更簇，不自动认定为公告驱动或因果政策事件。
v15_cluster_0003478,v15_cluster_0003478,20151118,20151118,BU,BU,Bitumen,石油沥青,Price-limit ratio,涨跌停板幅度,0.12,0.12,0.06,0.06,bu1605,bu1605,1,1,12,12,0.08333333333333333,0.08333333333333333,single_contract,单一合约,0,0,0,0,Descriptive cluster only; it is not automatically classified as a notice-driven or causal policy event.,仅为描述性变更簇，不自动认定为公告驱动或因果政策事件。
v15_cluster_0003497,v15_cluster_0003497,20151124,20151124,BU,BU,Bitumen,石油沥青,General-position margin ratio,一般持仓交易保证金比例,0.08,0.08,0.11,0.11,bu1601,bu1601,1,1,12,12,0.08333333333333333,0.08333333333333333,single_contract,单一合约,0,0,0,0,Descriptive cluster only; it is not automatically classified as a notice-driven or causal policy event.,仅为描述性变更簇，不自动认定为公告驱动或因果政策事件。
v15_cluster_0003498,v15_cluster_0003498,20151124,20151124,BU,BU,Bitumen,石油沥青,Hedge-position margin ratio,套保持仓交易保证金比例,0.08,0.08,0.11,0.11,bu1601,bu1601,1,1,12,12,0.08333333333333333,0.08333333333333333,single_contract,单一合约,0,0,0,0,Descriptive cluster only; it is not automatically classified as a notice-driven or causal policy event.,仅为描述性变更簇，不自动认定为公告驱动或因果政策事件。
v15_cluster_0003499,v15_cluster_0003499,20151124,20151124,BU,BU,Bitumen,石油沥青,Price-limit ratio,涨跌停板幅度,0.06,0.06,0.09,0.09,bu1601,bu1601,1,1,12,12,0.08333333333333333,0.08333333333333333,single_contract,单一合约,0,0,0,0,Descriptive cluster only; it is not automatically classified as a notice-driven or causal policy event.,仅为描述性变更簇，不自动认定为公告驱动或因果政策事件。
v15_cluster_0003509,v15_cluster_0003509,20151125,20151125,BU,BU,Bitumen,石油沥青,General-position margin ratio,一般持仓交易保证金比例,0.11,0.11,0.08,0.08,bu1601,bu1601,1,1,12,12,0.08333333333333333,0.08333333333333333,single_contract,单一合约,0,0,0,0,Descriptive cluster only; it is not automatically classified as a notice-driven or causal policy event.,仅为描述性变更簇，不自动认定为公告驱动或因果政策事件。
v15_cluster_0003510,v15_cluster_0003510,20151125,20151125,BU,BU,Bitumen,石油沥青,Hedge-position margin ratio,套保持仓交易保证金比例,0.11,0.11,0.08,0.08,bu1601,bu1601,1,1,12,12,0.08333333333333333,0.08333333333333333,single_contract,单一合约,0,0,0,0,Descriptive cluster only; it is not automatically classified as a notice-driven or causal policy event.,仅为描述性变更簇，不自动认定为公告驱动或因果政策事件。
v15_cluster_0003511,v15_cluster_0003511,20151125,20151125,BU,BU,Bitumen,石油沥青,Price-limit ratio,涨跌停板幅度,0.09,0.09,0.06,0.06,bu1601,bu1601,1,1,12,12,0.08333333333333333,0.08333333333333333,single_contract,单一合约,0,0,0,0,Descriptive cluster only; it is not automatically classified as a notice-driven or causal policy event.,仅为描述性变更簇，不自动认定为公告驱动或因果政策事件。
v15_cluster_0003553,v15_cluster_0003553,20151201,20151201,BU,BU,Bitumen,石油沥青,General-position margin ratio,一般持仓交易保证金比例,0.08,0.08,0.1,0.1,bu1601,bu1601,1,1,12,12,0.08333333333333333,0.08333333333333333,single_contract,单一合约,0,0,0,0,Descriptive cluster only; it is not automatically classified as a notice-driven or causal policy event.,仅为描述性变更簇，不自动认定为公告驱动或因果政策事件。
v15_cluster_0003554,v15_cluster_0003554,20151201,20151201,BU,BU,Bitumen,石油沥青,Hedge-position margin ratio,套保持仓交易保证金比例,0.08,0.08,0.1,0.1,bu1601,bu1601,1,1,12,12,0.08333333333333333,0.08333333333333333,single_contract,单一合约,0,0,0,0,Descriptive cluster only; it is not automatically classified as a notice-driven or causal policy event.,仅为描述性变更簇，不自动认定为公告驱动或因果政策事件。
v15_cluster_0003599,v15_cluster_0003599,20151211,20151211,BU,BU,Bitumen,石油沥青,General-position margin ratio,一般持仓交易保证金比例,0.15,0.15,0.2,0.2,bu1512,bu1512,1,1,12,12,0.08333333333333333,0.08333333333333333,single_contract,单一合约,1,1,0,0,Descriptive cluster only; it is not automatically classified as a notice-driven or causal policy event.,仅为描述性变更簇，不自动认定为公告驱动或因果政策事件。
v15_cluster_0003600,v15_cluster_0003600,20151211,20151211,BU,BU,Bitumen,石油沥青,Hedge-position margin ratio,套保持仓交易保证金比例,0.15,0.15,0.2,0.2,bu1512,bu1512,1,1,12,12,0.08333333333333333,0.08333333333333333,single_contract,单一合约,1,1,0,0,Descriptive cluster only; it is not automatically classified as a notice-driven or causal policy event.,仅为描述性变更簇，不自动认定为公告驱动或因果政策事件。
v15_cluster_0003635,v15_cluster_0003635,20151222,20151222,BU,BU,Bitumen,石油沥青,Price-limit ratio,涨跌停板幅度,0.12,0.12,0.06,0.06,bu1712,bu1712,1,1,12,12,0.08333333333333333,0.08333333333333333,single_contract,单一合约,0,0,0,0,Descriptive cluster only; it is not automatically classified as a notice-driven or causal policy event.,仅为描述性变更簇，不自动认定为公告驱动或因果政策事件。
v15_cluster_0003658,v15_cluster_0003658,20160104,20160104,BU,BU,Bitumen,石油沥青,General-position margin ratio,一般持仓交易保证金比例,0.08,0.08,0.1,0.1,bu1602,bu1602,1,1,12,12,0.08333333333333333,0.08333333333333333,single_contract,单一合约,0,0,0,0,Descriptive cluster only; it is not automatically classified as a notice-driven or causal policy event.,仅为描述性变更簇，不自动认定为公告驱动或因果政策事件。
v15_cluster_0003659,v15_cluster_0003659,20160104,20160104,BU,BU,Bitumen,石油沥青,General-position margin ratio,一般持仓交易保证金比例,0.1,0.1,0.15,0.15,bu1601,bu1601,1,1,12,12,0.08333333333333333,0.08333333333333333,single_contract,单一合约,1,1,0,0,Descriptive cluster only; it is not automatically classified as a notice-driven or causal policy event.,仅为描述性变更簇，不自动认定为公告驱动或因果政策事件。
v15_cluster_0003660,v15_cluster_0003660,20160104,20160104,BU,BU,Bitumen,石油沥青,Hedge-position margin ratio,套保持仓交易保证金比例,0.08,0.08,0.1,0.1,bu1602,bu1602,1,1,12,12,0.08333333333333333,0.08333333333333333,single_contract,单一合约,0,0,0,0,Descriptive cluster only; it is not automatically classified as a notice-driven or causal policy event.,仅为描述性变更簇，不自动认定为公告驱动或因果政策事件。
v15_cluster_0003661,v15_cluster_0003661,20160104,20160104,BU,BU,Bitumen,石油沥青,Hedge-position margin ratio,套保持仓交易保证金比例,0.1,0.1,0.15,0.15,bu1601,bu1601,1,1,12,12,0.08333333333333333,0.08333333333333333,single_contract,单一合约,1,1,0,0,Descriptive cluster only; it is not automatically classified as a notice-driven or causal policy event.,仅为描述性变更簇，不自动认定为公告驱动或因果政策事件。
v15_cluster_0003703,v15_cluster_0003703,20160113,20160113,BU,BU,Bitumen,石油沥青,General-position margin ratio,一般持仓交易保证金比例,0.15,0.15,0.2,0.2,bu1601,bu1601,1,1,12,12,0.08333333333333333,0.08333333333333333,single_contract,单一合约,1,1,0,0,Descriptive cluster only; it is not automatically classified as a notice-driven or causal policy event.,仅为描述性变更簇，不自动认定为公告驱动或因果政策事件。
v15_cluster_0003704,v15_cluster_0003704,20160113,20160113,BU,BU,Bitumen,石油沥青,Hedge-position margin ratio,套保持仓交易保证金比例,0.15,0.15,0.2,0.2,bu1601,bu1601,1,1,12,12,0.08333333333333333,0.08333333333333333,single_contract,单一合约,1,1,0,0,Descriptive cluster only; it is not automatically classified as a notice-driven or causal policy event.,仅为描述性变更簇，不自动认定为公告驱动或因果政策事件。
v15_cluster_0003741,v15_cluster_0003741,20160122,20160122,BU,BU,Bitumen,石油沥青,Price-limit ratio,涨跌停板幅度,0.12,0.12,0.06,0.06,bu1607,bu1607,1,1,12,12,0.08333333333333333,0.08333333333333333,single_contract,单一合约,0,0,0,0,Descriptive cluster only; it is not automatically classified as a notice-driven or causal policy event.,仅为描述性变更簇，不自动认定为公告驱动或因果政策事件。
v15_cluster_0003756,v15_cluster_0003756,20160201,20160201,BU,BU,Bitumen,石油沥青,General-position margin ratio,一般持仓交易保证金比例,0.08,0.08,0.1,0.1,bu1603,bu1603,1,1,12,12,0.08333333333333333,0.08333333333333333,single_contract,单一合约,0,0,0,0,Descriptive cluster only; it is not automatically classified as a notice-driven or causal policy event.,仅为描述性变更簇，不自动认定为公告驱动或因果政策事件。
v15_cluster_0003757,v15_cluster_0003757,20160201,20160201,BU,BU,Bitumen,石油沥青,General-position margin ratio,一般持仓交易保证金比例,0.1,0.1,0.15,0.15,bu1602,bu1602,1,1,12,12,0.08333333333333333,0.08333333333333333,single_contract,单一合约,1,1,0,0,Descriptive cluster only; it is not automatically classified as a notice-driven or causal policy event.,仅为描述性变更簇，不自动认定为公告驱动或因果政策事件。
v15_cluster_0003758,v15_cluster_0003758,20160201,20160201,BU,BU,Bitumen,石油沥青,Hedge-position margin ratio,套保持仓交易保证金比例,0.08,0.08,0.1,0.1,bu1603,bu1603,1,1,12,12,0.08333333333333333,0.08333333333333333,single_contract,单一合约,0,0,0,0,Descriptive cluster only; it is not automatically classified as a notice-driven or causal policy event.,仅为描述性变更簇，不自动认定为公告驱动或因果政策事件。
v15_cluster_0003759,v15_cluster_0003759,20160201,20160201,BU,BU,Bitumen,石油沥青,Hedge-position margin ratio,套保持仓交易保证金比例,0.1,0.1,0.15,0.15,bu1602,bu1602,1,1,12,12,0.08333333333333333,0.08333333333333333,single_contract,单一合约,1,1,0,0,Descriptive cluster only; it is not automatically classified as a notice-driven or causal policy event.,仅为描述性变更簇，不自动认定为公告驱动或因果政策事件。
v15_cluster_0003801,v15_cluster_0003801,20160203,20160203,BU,BU,Bitumen,石油沥青,Price-limit ratio,涨跌停板幅度,0.06,0.06,0.09,0.09,bu1602,bu1602,1,1,12,12,0.08333333333333333,0.08333333333333333,single_contract,单一合约,1,1,0,0,Descriptive cluster only; it is not automatically classified as a notice-driven or causal policy event.,仅为描述性变更簇，不自动认定为公告驱动或因果政策事件。
v15_cluster_0003809,v15_cluster_0003809,20160204,20160204,BU,BU,Bitumen,石油沥青,General-position margin ratio,一般持仓交易保证金比例,0.15,0.15,0.2,0.2,bu1602,bu1602,1,1,12,12,0.08333333333333333,0.08333333333333333,single_contract,单一合约,1,1,0,0,Descriptive cluster only; it is not automatically classified as a notice-driven or causal policy event.,仅为描述性变更簇，不自动认定为公告驱动或因果政策事件。
v15_cluster_0003810,v15_cluster_0003810,20160204,20160204,BU,BU,Bitumen,石油沥青,Hedge-position margin ratio,套保持仓交易保证金比例,0.15,0.15,0.2,0.2,bu1602,bu1602,1,1,12,12,0.08333333333333333,0.08333333333333333,single_contract,单一合约,1,1,0,0,Descriptive cluster only; it is not automatically classified as a notice-driven or causal policy event.,仅为描述性变更簇，不自动认定为公告驱动或因果政策事件。
v15_cluster_0003811,v15_cluster_0003811,20160204,20160204,BU,BU,Bitumen,石油沥青,Price-limit ratio,涨跌停板幅度,0.09,0.09,0.06,0.06,bu1602,bu1602,1,1,12,12,0.08333333333333333,0.08333333333333333,single_contract,单一合约,1,1,0,0,Descriptive cluster only; it is not automatically classified as a notice-driven or causal policy event.,仅为描述性变更簇，不自动认定为公告驱动或因果政策事件。
v15_cluster_0003838,v15_cluster_0003838,20160205,20160205,BU,BU,Bitumen,石油沥青,General-position margin ratio,一般持仓交易保证金比例,0.08,0.08,0.11,0.11,bu1604;bu1605;bu1606;bu1607;bu1609;bu1612;bu1703;bu1706;bu1709;bu1712,bu1604;bu1605;bu1606;bu1607;bu1609;bu1612;bu1703;bu1706;bu1709;bu1712,10,10,12,12,0.8333333333333334,0.8333333333333334,majority_of_active_contracts,覆盖当日多数活跃合约,0,0,0,0,Descriptive cluster only; it is not automatically classified as a notice-driven or causal policy event.,仅为描述性变更簇，不自动认定为公告驱动或因果政策事件。
v15_cluster_0003839,v15_cluster_0003839,20160205,20160205,BU,BU,Bitumen,石油沥青,General-position margin ratio,一般持仓交易保证金比例,0.1,0.1,0.11,0.11,bu1603,bu1603,1,1,12,12,0.08333333333333333,0.08333333333333333,single_contract,单一合约,0,0,0,0,Descriptive cluster only; it is not automatically classified as a notice-driven or causal policy event.,仅为描述性变更簇，不自动认定为公告驱动或因果政策事件。
v15_cluster_0003840,v15_cluster_0003840,20160205,20160205,BU,BU,Bitumen,石油沥青,Hedge-position margin ratio,套保持仓交易保证金比例,0.08,0.08,0.11,0.11,bu1604;bu1605;bu1606;bu1607;bu1609;bu1612;bu1703;bu1706;bu1709;bu1712,bu1604;bu1605;bu1606;bu1607;bu1609;bu1612;bu1703;bu1706;bu1709;bu1712,10,10,12,12,0.8333333333333334,0.8333333333333334,majority_of_active_contracts,覆盖当日多数活跃合约,0,0,0,0,Descriptive cluster only; it is not automatically classified as a notice-driven or causal policy event.,仅为描述性变更簇，不自动认定为公告驱动或因果政策事件。
v15_cluster_0003841,v15_cluster_0003841,20160205,20160205,BU,BU,Bitumen,石油沥青,Hedge-position margin ratio,套保持仓交易保证金比例,0.1,0.1,0.11,0.11,bu1603,bu1603,1,1,12,12,0.08333333333333333,0.08333333333333333,single_contract,单一合约,0,0,0,0,Descriptive cluster only; it is not automatically classified as a notice-driven or causal policy event.,仅为描述性变更簇，不自动认定为公告驱动或因果政策事件。
v15_cluster_0003842,v15_cluster_0003842,20160205,20160205,BU,BU,Bitumen,石油沥青,Price-limit ratio,涨跌停板幅度,0.06,0.06,0.08,0.08,bu1602;bu1603;bu1604;bu1605;bu1606;bu1607;bu1609;bu1612;bu1703;bu1706;bu1709;bu1712,bu1602;bu1603;bu1604;bu1605;bu1606;bu1607;bu1609;bu1612;bu1703;bu1706;bu1709;bu1712,12,12,12,12,1.0,1.0,all_active_contracts,覆盖当日全部活跃合约,1,1,0,0,Descriptive cluster only; it is not automatically classified as a notice-driven or causal policy event.,仅为描述性变更簇，不自动认定为公告驱动或因果政策事件。
v15_cluster_0003887,v15_cluster_0003887,20160216,20160216,BU,BU,Bitumen,石油沥青,General-position margin ratio,一般持仓交易保证金比例,0.11,0.11,0.08,0.08,bu1604;bu1605;bu1606;bu1607;bu1609;bu1612;bu1703;bu1706;bu1709;bu1712,bu1604;bu1605;bu1606;bu1607;bu1609;bu1612;bu1703;bu1706;bu1709;bu1712,10,10,12,12,0.8333333333333334,0.8333333333333334,majority_of_active_contracts,覆盖当日多数活跃合约,0,0,0,0,Descriptive cluster only; it is not automatically classified as a notice-driven or causal policy event.,仅为描述性变更簇，不自动认定为公告驱动或因果政策事件。
v15_cluster_0003888,v15_cluster_0003888,20160216,20160216,BU,BU,Bitumen,石油沥青,General-position margin ratio,一般持仓交易保证金比例,0.11,0.11,0.1,0.1,bu1603,bu1603,1,1,12,12,0.08333333333333333,0.08333333333333333,single_contract,单一合约,1,1,0,0,Descriptive cluster only; it is not automatically classified as a notice-driven or causal policy event.,仅为描述性变更簇，不自动认定为公告驱动或因果政策事件。
v15_cluster_0003889,v15_cluster_0003889,20160216,20160216,BU,BU,Bitumen,石油沥青,Hedge-position margin ratio,套保持仓交易保证金比例,0.11,0.11,0.08,0.08,bu1604;bu1605;bu1606;bu1607;bu1609;bu1612;bu1703;bu1706;bu1709;bu1712,bu1604;bu1605;bu1606;bu1607;bu1609;bu1612;bu1703;bu1706;bu1709;bu1712,10,10,12,12,0.8333333333333334,0.8333333333333334,majority_of_active_contracts,覆盖当日多数活跃合约,0,0,0,0,Descriptive cluster only; it is not automatically classified as a notice-driven or causal policy event.,仅为描述性变更簇，不自动认定为公告驱动或因果政策事件。
v15_cluster_0003890,v15_cluster_0003890,20160216,20160216,BU,BU,Bitumen,石油沥青,Hedge-position margin ratio,套保持仓交易保证金比例,0.11,0.11,0.1,0.1,bu1603,bu1603,1,1,12,12,0.08333333333333333,0.08333333333333333,single_contract,单一合约,1,1,0,0,Descriptive cluster only; it is not automatically classified as a notice-driven or causal policy event.,仅为描述性变更簇，不自动认定为公告驱动或因果政策事件。
v15_cluster_0003891,v15_cluster_0003891,20160216,20160216,BU,BU,Bitumen,石油沥青,Price-limit ratio,涨跌停板幅度,0.08,0.08,0.06,0.06,bu1603;bu1604;bu1605;bu1606;bu1607;bu1609;bu1612;bu1703;bu1706;bu1709;bu1712,bu1603;bu1604;bu1605;bu1606;bu1607;bu1609;bu1612;bu1703;bu1706;bu1709;bu1712,11,11,12,12,0.9166666666666666,0.9166666666666666,majority_of_active_contracts,覆盖当日多数活跃合约,1,1,0,0,Descriptive cluster only; it is not automatically classified as a notice-driven or causal policy event.,仅为描述性变更簇，不自动认定为公告驱动或因果政策事件。
v15_cluster_0003935,v15_cluster_0003935,20160219,20160219,BU,BU,Bitumen,石油沥青,Price-limit ratio,涨跌停板幅度,0.12,0.12,0.06,0.06,bu1608,bu1608,1,1,12,12,0.08333333333333333,0.08333333333333333,single_contract,单一合约,0,0,0,0,Descriptive cluster only; it is not automatically classified as a notice-driven or causal policy event.,仅为描述性变更簇，不自动认定为公告驱动或因果政策事件。
v15_cluster_0003955,v15_cluster_0003955,20160301,20160301,BU,BU,Bitumen,石油沥青,General-position margin ratio,一般持仓交易保证金比例,0.08,0.08,0.1,0.1,bu1604,bu1604,1,1,12,12,0.08333333333333333,0.08333333333333333,single_contract,单一合约,0,0,0,0,Descriptive cluster only; it is not automatically classified as a notice-driven or causal policy event.,仅为描述性变更簇，不自动认定为公告驱动或因果政策事件。
v15_cluster_0003956,v15_cluster_0003956,20160301,20160301,BU,BU,Bitumen,石油沥青,General-position margin ratio,一般持仓交易保证金比例,0.1,0.1,0.15,0.15,bu1603,bu1603,1,1,12,12,0.08333333333333333,0.08333333333333333,single_contract,单一合约,1,1,0,0,Descriptive cluster only; it is not automatically classified as a notice-driven or causal policy event.,仅为描述性变更簇，不自动认定为公告驱动或因果政策事件。
v15_cluster_0003957,v15_cluster_0003957,20160301,20160301,BU,BU,Bitumen,石油沥青,Hedge-position margin ratio,套保持仓交易保证金比例,0.08,0.08,0.1,0.1,bu1604,bu1604,1,1,12,12,0.08333333333333333,0.08333333333333333,single_contract,单一合约,0,0,0,0,Descriptive cluster only; it is not automatically classified as a notice-driven or causal policy event.,仅为描述性变更簇，不自动认定为公告驱动或因果政策事件。
v15_cluster_0003958,v15_cluster_0003958,20160301,20160301,BU,BU,Bitumen,石油沥青,Hedge-position margin ratio,套保持仓交易保证金比例,0.1,0.1,0.15,0.15,bu1603,bu1603,1,1,12,12,0.08333333333333333,0.08333333333333333,single_contract,单一合约,1,1,0,0,Descriptive cluster only; it is not automatically classified as a notice-driven or causal policy event.,仅为描述性变更簇，不自动认定为公告驱动或因果政策事件。
v15_cluster_0004012,v15_cluster_0004012,20160308,20160308,BU,BU,Bitumen,石油沥青,General-position margin ratio,一般持仓交易保证金比例,0.08,0.08,0.11,0.11,bu1606;bu1703,bu1606;bu1703,2,2,12,12,0.16666666666666666,0.16666666666666666,multiple_contracts_partial,覆盖多个但非多数合约,0,0,0,0,Descriptive cluster only; it is not automatically classified as a notice-driven or causal policy event.,仅为描述性变更簇，不自动认定为公告驱动或因果政策事件。
v15_cluster_0004013,v15_cluster_0004013,20160308,20160308,BU,BU,Bitumen,石油沥青,Hedge-position margin ratio,套保持仓交易保证金比例,0.08,0.08,0.11,0.11,bu1606;bu1703,bu1606;bu1703,2,2,12,12,0.16666666666666666,0.16666666666666666,multiple_contracts_partial,覆盖多个但非多数合约,0,0,0,0,Descriptive cluster only; it is not automatically classified as a notice-driven or causal policy event.,仅为描述性变更簇，不自动认定为公告驱动或因果政策事件。
v15_cluster_0004014,v15_cluster_0004014,20160308,20160308,BU,BU,Bitumen,石油沥青,Price-limit ratio,涨跌停板幅度,0.06,0.06,0.09,0.09,bu1606;bu1703,bu1606;bu1703,2,2,12,12,0.16666666666666666,0.16666666666666666,multiple_contracts_partial,覆盖多个但非多数合约,0,0,0,0,Descriptive cluster only; it is not automatically classified as a notice-driven or causal policy event.,仅为描述性变更簇，不自动认定为公告驱动或因果政策事件。
v15_cluster_0004024,v15_cluster_0004024,20160309,20160309,BU,BU,Bitumen,石油沥青,General-position margin ratio,一般持仓交易保证金比例,0.11,0.11,0.08,0.08,bu1606;bu1703,bu1606;bu1703,2,2,12,12,0.16666666666666666,0.16666666666666666,multiple_contracts_partial,覆盖多个但非多数合约,0,0,0,0,Descriptive cluster only; it is not automatically classified as a notice-driven or causal policy event.,仅为描述性变更簇，不自动认定为公告驱动或因果政策事件。
v15_cluster_0004025,v15_cluster_0004025,20160309,20160309,BU,BU,Bitumen,石油沥青,Hedge-position margin ratio,套保持仓交易保证金比例,0.11,0.11,0.08,0.08,bu1606;bu1703,bu1606;bu1703,2,2,12,12,0.16666666666666666,0.16666666666666666,multiple_contracts_partial,覆盖多个但非多数合约,0,0,0,0,Descriptive cluster only; it is not automatically classified as a notice-driven or causal policy event.,仅为描述性变更簇，不自动认定为公告驱动或因果政策事件。
v15_cluster_0004026,v15_cluster_0004026,20160309,20160309,BU,BU,Bitumen,石油沥青,Price-limit ratio,涨跌停板幅度,0.09,0.09,0.06,0.06,bu1606;bu1703,bu1606;bu1703,2,2,12,12,0.16666666666666666,0.16666666666666666,multiple_contracts_partial,覆盖多个但非多数合约,0,0,0,0,Descriptive cluster only; it is not automatically classified as a notice-driven or causal policy event.,仅为描述性变更簇，不自动认定为公告驱动或因果政策事件。
v15_cluster_0004084,v15_cluster_0004084,20160311,20160311,BU,BU,Bitumen,石油沥青,General-position margin ratio,一般持仓交易保证金比例,0.15,0.15,0.2,0.2,bu1603,bu1603,1,1,12,12,0.08333333333333333,0.08333333333333333,single_contract,单一合约,1,1,0,0,Descriptive cluster only; it is not automatically classified as a notice-driven or causal policy event.,仅为描述性变更簇，不自动认定为公告驱动或因果政策事件。
v15_cluster_0004085,v15_cluster_0004085,20160311,20160311,BU,BU,Bitumen,石油沥青,Hedge-position margin ratio,套保持仓交易保证金比例,0.15,0.15,0.2,0.2,bu1603,bu1603,1,1,12,12,0.08333333333333333,0.08333333333333333,single_contract,单一合约,1,1,0,0,Descriptive cluster only; it is not automatically classified as a notice-driven or causal policy event.,仅为描述性变更簇，不自动认定为公告驱动或因果政策事件。
v15_cluster_0004114,v15_cluster_0004114,20160316,20160316,BU,BU,Bitumen,石油沥青,General-position margin ratio,一般持仓交易保证金比例,0.08,0.08,0.1,0.1,bu1606,bu1606,1,1,12,12,0.08333333333333333,0.08333333333333333,single_contract,单一合约,0,0,0,0,Descriptive cluster only; it is not automatically classified as a notice-driven or causal policy event.,仅为描述性变更簇，不自动认定为公告驱动或因果政策事件。
v15_cluster_0004115,v15_cluster_0004115,20160316,20160316,BU,BU,Bitumen,石油沥青,Hedge-position margin ratio,套保持仓交易保证金比例,0.08,0.08,0.1,0.1,bu1606,bu1606,1,1,12,12,0.08333333333333333,0.08333333333333333,single_contract,单一合约,0,0,0,0,Descriptive cluster only; it is not automatically classified as a notice-driven or causal policy event.,仅为描述性变更簇，不自动认定为公告驱动或因果政策事件。
v15_cluster_0004119,v15_cluster_0004119,20160317,20160317,BU,BU,Bitumen,石油沥青,Price-limit ratio,涨跌停板幅度,0.12,0.12,0.06,0.06,bu1803,bu1803,1,1,12,12,0.08333333333333333,0.08333333333333333,single_contract,单一合约,0,0,0,0,Descriptive cluster only; it is not automatically classified as a notice-driven or causal policy event.,仅为描述性变更簇，不自动认定为公告驱动或因果政策事件。
v15_cluster_0004133,v15_cluster_0004133,20160325,20160325,BU,BU,Bitumen,石油沥青,General-position margin ratio,一般持仓交易保证金比例,0.08,0.08,0.11,0.11,bu1608;bu1609,bu1608;bu1609,2,2,12,12,0.16666666666666666,0.16666666666666666,multiple_contracts_partial,覆盖多个但非多数合约,0,0,0,0,Descriptive cluster only; it is not automatically classified as a notice-driven or causal policy event.,仅为描述性变更簇，不自动认定为公告驱动或因果政策事件。
v15_cluster_0004134,v15_cluster_0004134,20160325,20160325,BU,BU,Bitumen,石油沥青,General-position margin ratio,一般持仓交易保证金比例,0.1,0.1,0.11,0.11,bu1606,bu1606,1,1,12,12,0.08333333333333333,0.08333333333333333,single_contract,单一合约,0,0,0,0,Descriptive cluster only; it is not automatically classified as a notice-driven or causal policy event.,仅为描述性变更簇，不自动认定为公告驱动或因果政策事件。
v15_cluster_0004135,v15_cluster_0004135,20160325,20160325,BU,BU,Bitumen,石油沥青,Hedge-position margin ratio,套保持仓交易保证金比例,0.08,0.08,0.11,0.11,bu1608;bu1609,bu1608;bu1609,2,2,12,12,0.16666666666666666,0.16666666666666666,multiple_contracts_partial,覆盖多个但非多数合约,0,0,0,0,Descriptive cluster only; it is not automatically classified as a notice-driven or causal policy event.,仅为描述性变更簇，不自动认定为公告驱动或因果政策事件。
v15_cluster_0004136,v15_cluster_0004136,20160325,20160325,BU,BU,Bitumen,石油沥青,Hedge-position margin ratio,套保持仓交易保证金比例,0.1,0.1,0.11,0.11,bu1606,bu1606,1,1,12,12,0.08333333333333333,0.08333333333333333,single_contract,单一合约,0,0,0,0,Descriptive cluster only; it is not automatically classified as a notice-driven or causal policy event.,仅为描述性变更簇，不自动认定为公告驱动或因果政策事件。
v15_cluster_0004137,v15_cluster_0004137,20160325,20160325,BU,BU,Bitumen,石油沥青,Price-limit ratio,涨跌停板幅度,0.06,0.06,0.09,0.09,bu1606;bu1608;bu1609,bu1606;bu1608;bu1609,3,3,12,12,0.25,0.25,multiple_contracts_partial,覆盖多个但非多数合约,0,0,0,0,Descriptive cluster only; it is not automatically classified as a notice-driven or causal policy event.,仅为描述性变更簇，不自动认定为公告驱动或因果政策事件。
v15_cluster_0004141,v15_cluster_0004141,20160328,20160328,BU,BU,Bitumen,石油沥青,General-position margin ratio,一般持仓交易保证金比例,0.11,0.11,0.08,0.08,bu1608;bu1609,bu1608;bu1609,2,2,12,12,0.16666666666666666,0.16666666666666666,multiple_contracts_partial,覆盖多个但非多数合约,0,0,0,0,Descriptive cluster only; it is not automatically classified as a notice-driven or causal policy event.,仅为描述性变更簇，不自动认定为公告驱动或因果政策事件。
v15_cluster_0004142,v15_cluster_0004142,20160328,20160328,BU,BU,Bitumen,石油沥青,General-position margin ratio,一般持仓交易保证金比例,0.11,0.11,0.1,0.1,bu1606,bu1606,1,1,12,12,0.08333333333333333,0.08333333333333333,single_contract,单一合约,0,0,0,0,Descriptive cluster only; it is not automatically classified as a notice-driven or causal policy event.,仅为描述性变更簇，不自动认定为公告驱动或因果政策事件。
v15_cluster_0004143,v15_cluster_0004143,20160328,20160328,BU,BU,Bitumen,石油沥青,Hedge-position margin ratio,套保持仓交易保证金比例,0.11,0.11,0.08,0.08,bu1608;bu1609,bu1608;bu1609,2,2,12,12,0.16666666666666666,0.16666666666666666,multiple_contracts_partial,覆盖多个但非多数合约,0,0,0,0,Descriptive cluster only; it is not automatically classified as a notice-driven or causal policy event.,仅为描述性变更簇，不自动认定为公告驱动或因果政策事件。
v15_cluster_0004144,v15_cluster_0004144,20160328,20160328,BU,BU,Bitumen,石油沥青,Hedge-position margin ratio,套保持仓交易保证金比例,0.11,0.11,0.1,0.1,bu1606,bu1606,1,1,12,12,0.08333333333333333,0.08333333333333333,single_contract,单一合约,0,0,0,0,Descriptive cluster only; it is not automatically classified as a notice-driven or causal policy event.,仅为描述性变更簇，不自动认定为公告驱动或因果政策事件。
v15_cluster_0004145,v15_cluster_0004145,20160328,20160328,BU,BU,Bitumen,石油沥青,Price-limit ratio,涨跌停板幅度,0.09,0.09,0.06,0.06,bu1606;bu1608;bu1609,bu1606;bu1608;bu1609,3,3,12,12,0.25,0.25,multiple_contracts_partial,覆盖多个但非多数合约,0,0,0,0,Descriptive cluster only; it is not automatically classified as a notice-driven or causal policy event.,仅为描述性变更簇，不自动认定为公告驱动或因果政策事件。
v15_cluster_0004164,v15_cluster_0004164,20160401,20160401,BU,BU,Bitumen,石油沥青,General-position margin ratio,一般持仓交易保证金比例,0.08,0.08,0.1,0.1,bu1605,bu1605,1,1,12,12,0.08333333333333333,0.08333333333333333,single_contract,单一合约,0,0,0,0,Descriptive cluster only; it is not automatically classified as a notice-driven or causal policy event.,仅为描述性变更簇，不自动认定为公告驱动或因果政策事件。
v15_cluster_0004165,v15_cluster_0004165,20160401,20160401,BU,BU,Bitumen,石油沥青,General-position margin ratio,一般持仓交易保证金比例,0.1,0.1,0.15,0.15,bu1604,bu1604,1,1,12,12,0.08333333333333333,0.08333333333333333,single_contract,单一合约,1,1,0,0,Descriptive cluster only; it is not automatically classified as a notice-driven or causal policy event.,仅为描述性变更簇，不自动认定为公告驱动或因果政策事件。
v15_cluster_0004166,v15_cluster_0004166,20160401,20160401,BU,BU,Bitumen,石油沥青,Hedge-position margin ratio,套保持仓交易保证金比例,0.08,0.08,0.1,0.1,bu1605,bu1605,1,1,12,12,0.08333333333333333,0.08333333333333333,single_contract,单一合约,0,0,0,0,Descriptive cluster only; it is not automatically classified as a notice-driven or causal policy event.,仅为描述性变更簇，不自动认定为公告驱动或因果政策事件。
v15_cluster_0004167,v15_cluster_0004167,20160401,20160401,BU,BU,Bitumen,石油沥青,Hedge-position margin ratio,套保持仓交易保证金比例,0.1,0.1,0.15,0.15,bu1604,bu1604,1,1,12,12,0.08333333333333333,0.08333333333333333,single_contract,单一合约,1,1,0,0,Descriptive cluster only; it is not automatically classified as a notice-driven or causal policy event.,仅为描述性变更簇，不自动认定为公告驱动或因果政策事件。
v15_cluster_0004223,v15_cluster_0004223,20160413,20160413,BU,BU,Bitumen,石油沥青,General-position margin ratio,一般持仓交易保证金比例,0.15,0.15,0.2,0.2,bu1604,bu1604,1,1,12,12,0.08333333333333333,0.08333333333333333,single_contract,单一合约,1,1,0,0,Descriptive cluster only; it is not automatically classified as a notice-driven or causal policy event.,仅为描述性变更簇，不自动认定为公告驱动或因果政策事件。
v15_cluster_0004224,v15_cluster_0004224,20160413,20160413,BU,BU,Bitumen,石油沥青,Hedge-position margin ratio,套保持仓交易保证金比例,0.15,0.15,0.2,0.2,bu1604,bu1604,1,1,12,12,0.08333333333333333,0.08333333333333333,single_contract,单一合约,1,1,0,0,Descriptive cluster only; it is not automatically classified as a notice-driven or causal policy event.,仅为描述性变更簇，不自动认定为公告驱动或因果政策事件。
v15_cluster_0004247,v15_cluster_0004247,20160419,20160419,BU,BU,Bitumen,石油沥青,Price-limit ratio,涨跌停板幅度,0.12,0.12,0.06,0.06,bu1610,bu1610,1,1,12,12,0.08333333333333333,0.08333333333333333,single_contract,单一合约,0,0,0,0,Descriptive cluster only; it is not automatically classified as a notice-driven or causal policy event.,仅为描述性变更簇，不自动认定为公告驱动或因果政策事件。
v15_cluster_0004274,v15_cluster_0004274,20160422,20160422,BU,BU,Bitumen,石油沥青,General-position margin ratio,一般持仓交易保证金比例,0.08,0.08,0.11,0.11,bu1607;bu1609;bu1610;bu1612,bu1607;bu1609;bu1610;bu1612,4,4,12,12,0.3333333333333333,0.3333333333333333,multiple_contracts_partial,覆盖多个但非多数合约,0,0,0,0,Descriptive cluster only; it is not automatically classified as a notice-driven or causal policy event.,仅为描述性变更簇，不自动认定为公告驱动或因果政策事件。
v15_cluster_0004275,v15_cluster_0004275,20160422,20160422,BU,BU,Bitumen,石油沥青,General-position margin ratio,一般持仓交易保证金比例,0.1,0.1,0.11,0.11,bu1606,bu1606,1,1,12,12,0.08333333333333333,0.08333333333333333,single_contract,单一合约,0,0,0,0,Descriptive cluster only; it is not automatically classified as a notice-driven or causal policy event.,仅为描述性变更簇，不自动认定为公告驱动或因果政策事件。
v15_cluster_0004276,v15_cluster_0004276,20160422,20160422,BU,BU,Bitumen,石油沥青,Hedge-position margin ratio,套保持仓交易保证金比例,0.08,0.08,0.11,0.11,bu1607;bu1609;bu1610;bu1612,bu1607;bu1609;bu1610;bu1612,4,4,12,12,0.3333333333333333,0.3333333333333333,multiple_contracts_partial,覆盖多个但非多数合约,0,0,0,0,Descriptive cluster only; it is not automatically classified as a notice-driven or causal policy event.,仅为描述性变更簇，不自动认定为公告驱动或因果政策事件。
v15_cluster_0004277,v15_cluster_0004277,20160422,20160422,BU,BU,Bitumen,石油沥青,Hedge-position margin ratio,套保持仓交易保证金比例,0.1,0.1,0.11,0.11,bu1606,bu1606,1,1,12,12,0.08333333333333333,0.08333333333333333,single_contract,单一合约,0,0,0,0,Descriptive cluster only; it is not automatically classified as a notice-driven or causal policy event.,仅为描述性变更簇，不自动认定为公告驱动或因果政策事件。
v15_cluster_0004278,v15_cluster_0004278,20160422,20160422,BU,BU,Bitumen,石油沥青,Price-limit ratio,涨跌停板幅度,0.06,0.06,0.09,0.09,bu1606;bu1607;bu1609;bu1610;bu1612,bu1606;bu1607;bu1609;bu1610;bu1612,5,5,12,12,0.4166666666666667,0.4166666666666667,multiple_contracts_partial,覆盖多个但非多数合约,0,0,0,0,Descriptive cluster only; it is not automatically classified as a notice-driven or causal policy event.,仅为描述性变更簇，不自动认定为公告驱动或因果政策事件。
v15_cluster_0004296,v15_cluster_0004296,20160425,20160425,BU,BU,Bitumen,石油沥青,General-position margin ratio,一般持仓交易保证金比例,0.11,0.11,0.08,0.08,bu1607;bu1609;bu1610;bu1612,bu1607;bu1609;bu1610;bu1612,4,4,12,12,0.3333333333333333,0.3333333333333333,multiple_contracts_partial,覆盖多个但非多数合约,0,0,0,0,Descriptive cluster only; it is not automatically classified as a notice-driven or causal policy event.,仅为描述性变更簇，不自动认定为公告驱动或因果政策事件。
v15_cluster_0004297,v15_cluster_0004297,20160425,20160425,BU,BU,Bitumen,石油沥青,General-position margin ratio,一般持仓交易保证金比例,0.11,0.11,0.1,0.1,bu1606,bu1606,1,1,12,12,0.08333333333333333,0.08333333333333333,single_contract,单一合约,0,0,0,0,Descriptive cluster only; it is not automatically classified as a notice-driven or causal policy event.,仅为描述性变更簇，不自动认定为公告驱动或因果政策事件。
v15_cluster_0004298,v15_cluster_0004298,20160425,20160425,BU,BU,Bitumen,石油沥青,Hedge-position margin ratio,套保持仓交易保证金比例,0.11,0.11,0.08,0.08,bu1607;bu1609;bu1610;bu1612,bu1607;bu1609;bu1610;bu1612,4,4,12,12,0.3333333333333333,0.3333333333333333,multiple_contracts_partial,覆盖多个但非多数合约,0,0,0,0,Descriptive cluster only; it is not automatically classified as a notice-driven or causal policy event.,仅为描述性变更簇，不自动认定为公告驱动或因果政策事件。
v15_cluster_0004299,v15_cluster_0004299,20160425,20160425,BU,BU,Bitumen,石油沥青,Hedge-position margin ratio,套保持仓交易保证金比例,0.11,0.11,0.1,0.1,bu1606,bu1606,1,1,12,12,0.08333333333333333,0.08333333333333333,single_contract,单一合约,0,0,0,0,Descriptive cluster only; it is not automatically classified as a notice-driven or causal policy event.,仅为描述性变更簇，不自动认定为公告驱动或因果政策事件。
v15_cluster_0004300,v15_cluster_0004300,20160425,20160425,BU,BU,Bitumen,石油沥青,Price-limit ratio,涨跌停板幅度,0.09,0.09,0.06,0.06,bu1606;bu1607;bu1609;bu1610;bu1612,bu1606;bu1607;bu1609;bu1610;bu1612,5,5,12,12,0.4166666666666667,0.4166666666666667,multiple_contracts_partial,覆盖多个但非多数合约,0,0,0,0,Descriptive cluster only; it is not automatically classified as a notice-driven or causal policy event.,仅为描述性变更簇，不自动认定为公告驱动或因果政策事件。
v15_cluster_0004330,v15_cluster_0004330,20160503,20160503,BU,BU,Bitumen,石油沥青,General-position margin ratio,一般持仓交易保证金比例,0.1,0.1,0.15,0.15,bu1605,bu1605,1,1,12,12,0.08333333333333333,0.08333333333333333,single_contract,单一合约,1,1,0,0,Descriptive cluster only; it is not automatically classified as a notice-driven or causal policy event.,仅为描述性变更簇，不自动认定为公告驱动或因果政策事件。
v15_cluster_0004331,v15_cluster_0004331,20160503,20160503,BU,BU,Bitumen,石油沥青,Hedge-position margin ratio,套保持仓交易保证金比例,0.1,0.1,0.15,0.15,bu1605,bu1605,1,1,12,12,0.08333333333333333,0.08333333333333333,single_contract,单一合约,1,1,0,0,Descriptive cluster only; it is not automatically classified as a notice-driven or causal policy event.,仅为描述性变更簇，不自动认定为公告驱动或因果政策事件。
v15_cluster_0004400,v15_cluster_0004400,20160512,20160512,BU,BU,Bitumen,石油沥青,General-position margin ratio,一般持仓交易保证金比例,0.15,0.15,0.2,0.2,bu1605,bu1605,1,1,12,12,0.08333333333333333,0.08333333333333333,single_contract,单一合约,1,1,0,0,Descriptive cluster only; it is not automatically classified as a notice-driven or causal policy event.,仅为描述性变更簇，不自动认定为公告驱动或因果政策事件。
v15_cluster_0004401,v15_cluster_0004401,20160512,20160512,BU,BU,Bitumen,石油沥青,Hedge-position margin ratio,套保持仓交易保证金比例,0.15,0.15,0.2,0.2,bu1605,bu1605,1,1,12,12,0.08333333333333333,0.08333333333333333,single_contract,单一合约,1,1,0,0,Descriptive cluster only; it is not automatically classified as a notice-driven or causal policy event.,仅为描述性变更簇，不自动认定为公告驱动或因果政策事件。
v15_cluster_0004423,v15_cluster_0004423,20160518,20160518,BU,BU,Bitumen,石油沥青,Price-limit ratio,涨跌停板幅度,0.12,0.12,0.06,0.06,bu1611,bu1611,1,1,12,12,0.08333333333333333,0.08333333333333333,single_contract,单一合约,0,0,0,0,Descriptive cluster only; it is not automatically classified as a notice-driven or causal policy event.,仅为描述性变更簇，不自动认定为公告驱动或因果政策事件。
v15_cluster_0004460,v15_cluster_0004460,20160601,20160601,BU,BU,Bitumen,石油沥青,General-position margin ratio,一般持仓交易保证金比例,0.08,0.08,0.1,0.1,bu1607,bu1607,1,1,12,12,0.08333333333333333,0.08333333333333333,single_contract,单一合约,0,0,0,0,Descriptive cluster only; it is not automatically classified as a notice-driven or causal policy event.,仅为描述性变更簇，不自动认定为公告驱动或因果政策事件。
v15_cluster_0004461,v15_cluster_0004461,20160601,20160601,BU,BU,Bitumen,石油沥青,General-position margin ratio,一般持仓交易保证金比例,0.1,0.1,0.15,0.15,bu1606,bu1606,1,1,12,12,0.08333333333333333,0.08333333333333333,single_contract,单一合约,1,1,0,0,Descriptive cluster only; it is not automatically classified as a notice-driven or causal policy event.,仅为描述性变更簇，不自动认定为公告驱动或因果政策事件。
v15_cluster_0004462,v15_cluster_0004462,20160601,20160601,BU,BU,Bitumen,石油沥青,Hedge-position margin ratio,套保持仓交易保证金比例,0.08,0.08,0.1,0.1,bu1607,bu1607,1,1,12,12,0.08333333333333333,0.08333333333333333,single_contract,单一合约,0,0,0,0,Descriptive cluster only; it is not automatically classified as a notice-driven or causal policy event.,仅为描述性变更簇，不自动认定为公告驱动或因果政策事件。
v15_cluster_0004463,v15_cluster_0004463,20160601,20160601,BU,BU,Bitumen,石油沥青,Hedge-position margin ratio,套保持仓交易保证金比例,0.1,0.1,0.15,0.15,bu1606,bu1606,1,1,12,12,0.08333333333333333,0.08333333333333333,single_contract,单一合约,1,1,0,0,Descriptive cluster only; it is not automatically classified as a notice-driven or causal policy event.,仅为描述性变更簇，不自动认定为公告驱动或因果政策事件。
v15_cluster_0004507,v15_cluster_0004507,20160613,20160613,BU,BU,Bitumen,石油沥青,General-position margin ratio,一般持仓交易保证金比例,0.15,0.15,0.2,0.2,bu1606,bu1606,1,1,12,12,0.08333333333333333,0.08333333333333333,single_contract,单一合约,1,1,0,0,Descriptive cluster only; it is not automatically classified as a notice-driven or causal policy event.,仅为描述性变更簇，不自动认定为公告驱动或因果政策事件。
v15_cluster_0004508,v15_cluster_0004508,20160613,20160613,BU,BU,Bitumen,石油沥青,Hedge-position margin ratio,套保持仓交易保证金比例,0.15,0.15,0.2,0.2,bu1606,bu1606,1,1,12,12,0.08333333333333333,0.08333333333333333,single_contract,单一合约,1,1,0,0,Descriptive cluster only; it is not automatically classified as a notice-driven or causal policy event.,仅为描述性变更簇，不自动认定为公告驱动或因果政策事件。
v15_cluster_0004531,v15_cluster_0004531,20160617,20160617,BU,BU,Bitumen,石油沥青,Price-limit ratio,涨跌停板幅度,0.12,0.12,0.06,0.06,bu1806,bu1806,1,1,12,12,0.08333333333333333,0.08333333333333333,single_contract,单一合约,0,0,0,0,Descriptive cluster only; it is not automatically classified as a notice-driven or causal policy event.,仅为描述性变更簇，不自动认定为公告驱动或因果政策事件。
v15_cluster_0004566,v15_cluster_0004566,20160701,20160701,BU,BU,Bitumen,石油沥青,General-position margin ratio,一般持仓交易保证金比例,0.08,0.08,0.1,0.1,bu1608,bu1608,1,1,12,12,0.08333333333333333,0.08333333333333333,single_contract,单一合约,0,0,0,0,Descriptive cluster only; it is not automatically classified as a notice-driven or causal policy event.,仅为描述性变更簇，不自动认定为公告驱动或因果政策事件。
v15_cluster_0004567,v15_cluster_0004567,20160701,20160701,BU,BU,Bitumen,石油沥青,General-position margin ratio,一般持仓交易保证金比例,0.1,0.1,0.15,0.15,bu1607,bu1607,1,1,12,12,0.08333333333333333,0.08333333333333333,single_contract,单一合约,1,1,0,0,Descriptive cluster only; it is not automatically classified as a notice-driven or causal policy event.,仅为描述性变更簇，不自动认定为公告驱动或因果政策事件。
v15_cluster_0004568,v15_cluster_0004568,20160701,20160701,BU,BU,Bitumen,石油沥青,Hedge-position margin ratio,套保持仓交易保证金比例,0.08,0.08,0.1,0.1,bu1608,bu1608,1,1,12,12,0.08333333333333333,0.08333333333333333,single_contract,单一合约,0,0,0,0,Descriptive cluster only; it is not automatically classified as a notice-driven or causal policy event.,仅为描述性变更簇，不自动认定为公告驱动或因果政策事件。
v15_cluster_0004569,v15_cluster_0004569,20160701,20160701,BU,BU,Bitumen,石油沥青,Hedge-position margin ratio,套保持仓交易保证金比例,0.1,0.1,0.15,0.15,bu1607,bu1607,1,1,12,12,0.08333333333333333,0.08333333333333333,single_contract,单一合约,1,1,0,0,Descriptive cluster only; it is not automatically classified as a notice-driven or causal policy event.,仅为描述性变更簇，不自动认定为公告驱动或因果政策事件。
v15_cluster_0004654,v15_cluster_0004654,20160713,20160713,BU,BU,Bitumen,石油沥青,General-position margin ratio,一般持仓交易保证金比例,0.15,0.15,0.2,0.2,bu1607,bu1607,1,1,12,12,0.08333333333333333,0.08333333333333333,single_contract,单一合约,1,1,0,0,Descriptive cluster only; it is not automatically classified as a notice-driven or causal policy event.,仅为描述性变更簇，不自动认定为公告驱动或因果政策事件。
v15_cluster_0004655,v15_cluster_0004655,20160713,20160713,BU,BU,Bitumen,石油沥青,Hedge-position margin ratio,套保持仓交易保证金比例,0.15,0.15,0.2,0.2,bu1607,bu1607,1,1,12,12,0.08333333333333333,0.08333333333333333,single_contract,单一合约,1,1,0,0,Descriptive cluster only; it is not automatically classified as a notice-driven or causal policy event.,仅为描述性变更簇，不自动认定为公告驱动或因果政策事件。
v15_cluster_0004673,v15_cluster_0004673,20160719,20160719,BU,BU,Bitumen,石油沥青,Price-limit ratio,涨跌停板幅度,0.12,0.12,0.06,0.06,bu1701,bu1701,1,1,12,12,0.08333333333333333,0.08333333333333333,single_contract,单一合约,0,0,0,0,Descriptive cluster only; it is not automatically classified as a notice-driven or causal policy event.,仅为描述性变更簇，不自动认定为公告驱动或因果政策事件。
v15_cluster_0004718,v15_cluster_0004718,20160801,20160801,BU,BU,Bitumen,石油沥青,General-position margin ratio,一般持仓交易保证金比例,0.08,0.08,0.1,0.1,bu1609,bu1609,1,1,12,12,0.08333333333333333,0.08333333333333333,single_contract,单一合约,0,0,0,0,Descriptive cluster only; it is not automatically classified as a notice-driven or causal policy event.,仅为描述性变更簇，不自动认定为公告驱动或因果政策事件。
v15_cluster_0004719,v15_cluster_0004719,20160801,20160801,BU,BU,Bitumen,石油沥青,General-position margin ratio,一般持仓交易保证金比例,0.1,0.1,0.15,0.15,bu1608,bu1608,1,1,12,12,0.08333333333333333,0.08333333333333333,single_contract,单一合约,1,1,0,0,Descriptive cluster only; it is not automatically classified as a notice-driven or causal policy event.,仅为描述性变更簇，不自动认定为公告驱动或因果政策事件。
v15_cluster_0004720,v15_cluster_0004720,20160801,20160801,BU,BU,Bitumen,石油沥青,Hedge-position margin ratio,套保持仓交易保证金比例,0.08,0.08,0.1,0.1,bu1609,bu1609,1,1,12,12,0.08333333333333333,0.08333333333333333,single_contract,单一合约,0,0,0,0,Descriptive cluster only; it is not automatically classified as a notice-driven or causal policy event.,仅为描述性变更簇，不自动认定为公告驱动或因果政策事件。
v15_cluster_0004721,v15_cluster_0004721,20160801,20160801,BU,BU,Bitumen,石油沥青,Hedge-position margin ratio,套保持仓交易保证金比例,0.1,0.1,0.15,0.15,bu1608,bu1608,1,1,12,12,0.08333333333333333,0.08333333333333333,single_contract,单一合约,1,1,0,0,Descriptive cluster only; it is not automatically classified as a notice-driven or causal policy event.,仅为描述性变更簇，不自动认定为公告驱动或因果政策事件。
v15_cluster_0004767,v15_cluster_0004767,20160811,20160811,BU,BU,Bitumen,石油沥青,General-position margin ratio,一般持仓交易保证金比例,0.15,0.15,0.2,0.2,bu1608,bu1608,1,1,12,12,0.08333333333333333,0.08333333333333333,single_contract,单一合约,1,1,0,0,Descriptive cluster only; it is not automatically classified as a notice-driven or causal policy event.,仅为描述性变更簇，不自动认定为公告驱动或因果政策事件。
v15_cluster_0004768,v15_cluster_0004768,20160811,20160811,BU,BU,Bitumen,石油沥青,Hedge-position margin ratio,套保持仓交易保证金比例,0.15,0.15,0.2,0.2,bu1608,bu1608,1,1,12,12,0.08333333333333333,0.08333333333333333,single_contract,单一合约,1,1,0,0,Descriptive cluster only; it is not automatically classified as a notice-driven or causal policy event.,仅为描述性变更簇，不自动认定为公告驱动或因果政策事件。
v15_cluster_0004802,v15_cluster_0004802,20160822,20160822,BU,BU,Bitumen,石油沥青,Price-limit ratio,涨跌停板幅度,0.12,0.12,0.06,0.06,bu1702,bu1702,1,1,12,12,0.08333333333333333,0.08333333333333333,single_contract,单一合约,0,0,0,0,Descriptive cluster only; it is not automatically classified as a notice-driven or causal policy event.,仅为描述性变更簇，不自动认定为公告驱动或因果政策事件。
v15_cluster_0004835,v15_cluster_0004835,20160901,20160901,BU,BU,Bitumen,石油沥青,General-position margin ratio,一般持仓交易保证金比例,0.08,0.08,0.1,0.1,bu1610,bu1610,1,1,12,12,0.08333333333333333,0.08333333333333333,single_contract,单一合约,0,0,0,0,Descriptive cluster only; it is not automatically classified as a notice-driven or causal policy event.,仅为描述性变更簇，不自动认定为公告驱动或因果政策事件。
v15_cluster_0004836,v15_cluster_0004836,20160901,20160901,BU,BU,Bitumen,石油沥青,General-position margin ratio,一般持仓交易保证金比例,0.1,0.1,0.15,0.15,bu1609,bu1609,1,1,12,12,0.08333333333333333,0.08333333333333333,single_contract,单一合约,1,1,0,0,Descriptive cluster only; it is not automatically classified as a notice-driven or causal policy event.,仅为描述性变更簇，不自动认定为公告驱动或因果政策事件。
v15_cluster_0004837,v15_cluster_0004837,20160901,20160901,BU,BU,Bitumen,石油沥青,Hedge-position margin ratio,套保持仓交易保证金比例,0.08,0.08,0.1,0.1,bu1610,bu1610,1,1,12,12,0.08333333333333333,0.08333333333333333,single_contract,单一合约,0,0,0,0,Descriptive cluster only; it is not automatically classified as a notice-driven or causal policy event.,仅为描述性变更簇，不自动认定为公告驱动或因果政策事件。
v15_cluster_0004838,v15_cluster_0004838,20160901,20160901,BU,BU,Bitumen,石油沥青,Hedge-position margin ratio,套保持仓交易保证金比例,0.1,0.1,0.15,0.15,bu1609,bu1609,1,1,12,12,0.08333333333333333,0.08333333333333333,single_contract,单一合约,1,1,0,0,Descriptive cluster only; it is not automatically classified as a notice-driven or causal policy event.,仅为描述性变更簇，不自动认定为公告驱动或因果政策事件。
v15_cluster_0004893,v15_cluster_0004893,20160913,20160913,BU,BU,Bitumen,石油沥青,General-position margin ratio,一般持仓交易保证金比例,0.15,0.15,0.2,0.2,bu1609,bu1609,1,1,12,12,0.08333333333333333,0.08333333333333333,single_contract,单一合约,1,1,0,0,Descriptive cluster only; it is not automatically classified as a notice-driven or causal policy event.,仅为描述性变更簇，不自动认定为公告驱动或因果政策事件。
v15_cluster_0004894,v15_cluster_0004894,20160913,20160913,BU,BU,Bitumen,石油沥青,Hedge-position margin ratio,套保持仓交易保证金比例,0.15,0.15,0.2,0.2,bu1609,bu1609,1,1,12,12,0.08333333333333333,0.08333333333333333,single_contract,单一合约,1,1,0,0,Descriptive cluster only; it is not automatically classified as a notice-driven or causal policy event.,仅为描述性变更簇，不自动认定为公告驱动或因果政策事件。
v15_cluster_0004895,v15_cluster_0004895,20160913,20160913,BU,BU,Bitumen,石油沥青,Price-limit ratio,涨跌停板幅度,0.06,0.06,0.09,0.09,bu1609,bu1609,1,1,12,12,0.08333333333333333,0.08333333333333333,single_contract,单一合约,1,1,0,0,Descriptive cluster only; it is not automatically classified as a notice-driven or causal policy event.,仅为描述性变更簇，不自动认定为公告驱动或因果政策事件。
v15_cluster_0004920,v15_cluster_0004920,20160914,20160914,BU,BU,Bitumen,石油沥青,Price-limit ratio,涨跌停板幅度,0.09,0.09,0.06,0.06,bu1609,bu1609,1,1,12,12,0.08333333333333333,0.08333333333333333,single_contract,单一合约,1,1,0,0,Descriptive cluster only; it is not automatically classified as a notice-driven or causal policy event.,仅为描述性变更簇，不自动认定为公告驱动或因果政策事件。
v15_cluster_0004954,v15_cluster_0004954,20160921,20160921,BU,BU,Bitumen,石油沥青,Price-limit ratio,涨跌停板幅度,0.12,0.12,0.06,0.06,bu1809,bu1809,1,1,12,12,0.08333333333333333,0.08333333333333333,single_contract,单一合约,0,0,0,0,Descriptive cluster only; it is not automatically classified as a notice-driven or causal policy event.,仅为描述性变更簇，不自动认定为公告驱动或因果政策事件。
v15_cluster_0004992,v15_cluster_0004992,20160930,20160930,BU,BU,Bitumen,石油沥青,General-position margin ratio,一般持仓交易保证金比例,0.08,0.08,0.11,0.11,bu1611;bu1612;bu1701;bu1702;bu1703;bu1706;bu1709;bu1712;bu1803;bu1806;bu1809,bu1611;bu1612;bu1701;bu1702;bu1703;bu1706;bu1709;bu1712;bu1803;bu1806;bu1809,11,11,12,12,0.9166666666666666,0.9166666666666666,majority_of_active_contracts,覆盖当日多数活跃合约,0,0,0,0,Descriptive cluster only; it is not automatically classified as a notice-driven or causal policy event.,仅为描述性变更簇，不自动认定为公告驱动或因果政策事件。
v15_cluster_0004993,v15_cluster_0004993,20160930,20160930,BU,BU,Bitumen,石油沥青,General-position margin ratio,一般持仓交易保证金比例,0.1,0.1,0.11,0.11,bu1610,bu1610,1,1,12,12,0.08333333333333333,0.08333333333333333,single_contract,单一合约,1,1,0,0,Descriptive cluster only; it is not automatically classified as a notice-driven or causal policy event.,仅为描述性变更簇，不自动认定为公告驱动或因果政策事件。
v15_cluster_0004994,v15_cluster_0004994,20160930,20160930,BU,BU,Bitumen,石油沥青,Hedge-position margin ratio,套保持仓交易保证金比例,0.08,0.08,0.11,0.11,bu1611;bu1612;bu1701;bu1702;bu1703;bu1706;bu1709;bu1712;bu1803;bu1806;bu1809,bu1611;bu1612;bu1701;bu1702;bu1703;bu1706;bu1709;bu1712;bu1803;bu1806;bu1809,11,11,12,12,0.9166666666666666,0.9166666666666666,majority_of_active_contracts,覆盖当日多数活跃合约,0,0,0,0,Descriptive cluster only; it is not automatically classified as a notice-driven or causal policy event.,仅为描述性变更簇，不自动认定为公告驱动或因果政策事件。
v15_cluster_0004995,v15_cluster_0004995,20160930,20160930,BU,BU,Bitumen,石油沥青,Hedge-position margin ratio,套保持仓交易保证金比例,0.1,0.1,0.11,0.11,bu1610,bu1610,1,1,12,12,0.08333333333333333,0.08333333333333333,single_contract,单一合约,1,1,0,0,Descriptive cluster only; it is not automatically classified as a notice-driven or causal policy event.,仅为描述性变更簇，不自动认定为公告驱动或因果政策事件。
v15_cluster_0004996,v15_cluster_0004996,20160930,20160930,BU,BU,Bitumen,石油沥青,Price-limit ratio,涨跌停板幅度,0.06,0.06,0.08,0.08,bu1610;bu1611;bu1612;bu1701;bu1702;bu1703;bu1706;bu1709;bu1712;bu1803;bu1806;bu1809,bu1610;bu1611;bu1612;bu1701;bu1702;bu1703;bu1706;bu1709;bu1712;bu1803;bu1806;bu1809,12,12,12,12,1.0,1.0,all_active_contracts,覆盖当日全部活跃合约,1,1,0,0,Descriptive cluster only; it is not automatically classified as a notice-driven or causal policy event.,仅为描述性变更簇，不自动认定为公告驱动或因果政策事件。
v15_cluster_0005050,v15_cluster_0005050,20161010,20161010,BU,BU,Bitumen,石油沥青,General-position margin ratio,一般持仓交易保证金比例,0.11,0.11,0.15,0.15,bu1610,bu1610,1,1,12,12,0.08333333333333333,0.08333333333333333,single_contract,单一合约,1,1,0,0,Descriptive cluster only; it is not automatically classified as a notice-driven or causal policy event.,仅为描述性变更簇，不自动认定为公告驱动或因果政策事件。
v15_cluster_0005051,v15_cluster_0005051,20161010,20161010,BU,BU,Bitumen,石油沥青,Hedge-position margin ratio,套保持仓交易保证金比例,0.11,0.11,0.15,0.15,bu1610,bu1610,1,1,12,12,0.08333333333333333,0.08333333333333333,single_contract,单一合约,1,1,0,0,Descriptive cluster only; it is not automatically classified as a notice-driven or causal policy event.,仅为描述性变更簇，不自动认定为公告驱动或因果政策事件。
v15_cluster_0005089,v15_cluster_0005089,20161011,20161011,BU,BU,Bitumen,石油沥青,General-position margin ratio,一般持仓交易保证金比例,0.11,0.11,0.08,0.08,bu1612;bu1701;bu1702;bu1703;bu1706;bu1709;bu1712;bu1803;bu1806;bu1809,bu1612;bu1701;bu1702;bu1703;bu1706;bu1709;bu1712;bu1803;bu1806;bu1809,10,10,12,12,0.8333333333333334,0.8333333333333334,majority_of_active_contracts,覆盖当日多数活跃合约,0,0,0,0,Descriptive cluster only; it is not automatically classified as a notice-driven or causal policy event.,仅为描述性变更簇，不自动认定为公告驱动或因果政策事件。
v15_cluster_0005090,v15_cluster_0005090,20161011,20161011,BU,BU,Bitumen,石油沥青,General-position margin ratio,一般持仓交易保证金比例,0.11,0.11,0.1,0.1,bu1611,bu1611,1,1,12,12,0.08333333333333333,0.08333333333333333,single_contract,单一合约,0,0,0,0,Descriptive cluster only; it is not automatically classified as a notice-driven or causal policy event.,仅为描述性变更簇，不自动认定为公告驱动或因果政策事件。
v15_cluster_0005091,v15_cluster_0005091,20161011,20161011,BU,BU,Bitumen,石油沥青,Hedge-position margin ratio,套保持仓交易保证金比例,0.11,0.11,0.08,0.08,bu1612;bu1701;bu1702;bu1703;bu1706;bu1709;bu1712;bu1803;bu1806;bu1809,bu1612;bu1701;bu1702;bu1703;bu1706;bu1709;bu1712;bu1803;bu1806;bu1809,10,10,12,12,0.8333333333333334,0.8333333333333334,majority_of_active_contracts,覆盖当日多数活跃合约,0,0,0,0,Descriptive cluster only; it is not automatically classified as a notice-driven or causal policy event.,仅为描述性变更簇，不自动认定为公告驱动或因果政策事件。
v15_cluster_0005092,v15_cluster_0005092,20161011,20161011,BU,BU,Bitumen,石油沥青,Hedge-position margin ratio,套保持仓交易保证金比例,0.11,0.11,0.1,0.1,bu1611,bu1611,1,1,12,12,0.08333333333333333,0.08333333333333333,single_contract,单一合约,0,0,0,0,Descriptive cluster only; it is not automatically classified as a notice-driven or causal policy event.,仅为描述性变更簇，不自动认定为公告驱动或因果政策事件。
v15_cluster_0005093,v15_cluster_0005093,20161011,20161011,BU,BU,Bitumen,石油沥青,Price-limit ratio,涨跌停板幅度,0.08,0.08,0.06,0.06,bu1610;bu1611;bu1612;bu1701;bu1702;bu1703;bu1706;bu1709;bu1712;bu1803;bu1806;bu1809,bu1610;bu1611;bu1612;bu1701;bu1702;bu1703;bu1706;bu1709;bu1712;bu1803;bu1806;bu1809,12,12,12,12,1.0,1.0,all_active_contracts,覆盖当日全部活跃合约,1,1,0,0,Descriptive cluster only; it is not automatically classified as a notice-driven or causal policy event.,仅为描述性变更簇，不自动认定为公告驱动或因果政策事件。
v15_cluster_0005136,v15_cluster_0005136,20161013,20161013,BU,BU,Bitumen,石油沥青,General-position margin ratio,一般持仓交易保证金比例,0.15,0.15,0.2,0.2,bu1610,bu1610,1,1,12,12,0.08333333333333333,0.08333333333333333,single_contract,单一合约,1,1,0,0,Descriptive cluster only; it is not automatically classified as a notice-driven or causal policy event.,仅为描述性变更簇，不自动认定为公告驱动或因果政策事件。
v15_cluster_0005137,v15_cluster_0005137,20161013,20161013,BU,BU,Bitumen,石油沥青,Hedge-position margin ratio,套保持仓交易保证金比例,0.15,0.15,0.2,0.2,bu1610,bu1610,1,1,12,12,0.08333333333333333,0.08333333333333333,single_contract,单一合约,1,1,0,0,Descriptive cluster only; it is not automatically classified as a notice-driven or causal policy event.,仅为描述性变更簇，不自动认定为公告驱动或因果政策事件。
v15_cluster_0005138,v15_cluster_0005138,20161013,20161013,BU,BU,Bitumen,石油沥青,Price-limit ratio,涨跌停板幅度,0.06,0.06,0.09,0.09,bu1610,bu1610,1,1,12,12,0.08333333333333333,0.08333333333333333,single_contract,单一合约,1,1,0,0,Descriptive cluster only; it is not automatically classified as a notice-driven or causal policy event.,仅为描述性变更簇，不自动认定为公告驱动或因果政策事件。
v15_cluster_0005155,v15_cluster_0005155,20161014,20161014,BU,BU,Bitumen,石油沥青,Price-limit ratio,涨跌停板幅度,0.09,0.09,0.06,0.06,bu1610,bu1610,1,1,12,12,0.08333333333333333,0.08333333333333333,single_contract,单一合约,1,1,0,0,Descriptive cluster only; it is not automatically classified as a notice-driven or causal policy event.,仅为描述性变更簇，不自动认定为公告驱动或因果政策事件。
v15_cluster_0005197,v15_cluster_0005197,20161028,20161028,BU,BU,Bitumen,石油沥青,Price-limit ratio,涨跌停板幅度,0.12,0.12,0.06,0.06,bu1704,bu1704,1,1,12,12,0.08333333333333333,0.08333333333333333,single_contract,单一合约,0,0,0,0,Descriptive cluster only; it is not automatically classified as a notice-driven or causal policy event.,仅为描述性变更簇，不自动认定为公告驱动或因果政策事件。
v15_cluster_0005213,v15_cluster_0005213,20161101,20161101,BU,BU,Bitumen,石油沥青,General-position margin ratio,一般持仓交易保证金比例,0.08,0.08,0.1,0.1,bu1612,bu1612,1,1,12,12,0.08333333333333333,0.08333333333333333,single_contract,单一合约,0,0,0,0,Descriptive cluster only; it is not automatically classified as a notice-driven or causal policy event.,仅为描述性变更簇，不自动认定为公告驱动或因果政策事件。
v15_cluster_0005214,v15_cluster_0005214,20161101,20161101,BU,BU,Bitumen,石油沥青,General-position margin ratio,一般持仓交易保证金比例,0.1,0.1,0.15,0.15,bu1611,bu1611,1,1,12,12,0.08333333333333333,0.08333333333333333,single_contract,单一合约,1,1,0,0,Descriptive cluster only; it is not automatically classified as a notice-driven or causal policy event.,仅为描述性变更簇，不自动认定为公告驱动或因果政策事件。
v15_cluster_0005215,v15_cluster_0005215,20161101,20161101,BU,BU,Bitumen,石油沥青,Hedge-position margin ratio,套保持仓交易保证金比例,0.08,0.08,0.1,0.1,bu1612,bu1612,1,1,12,12,0.08333333333333333,0.08333333333333333,single_contract,单一合约,0,0,0,0,Descriptive cluster only; it is not automatically classified as a notice-driven or causal policy event.,仅为描述性变更簇，不自动认定为公告驱动或因果政策事件。
v15_cluster_0005216,v15_cluster_0005216,20161101,20161101,BU,BU,Bitumen,石油沥青,Hedge-position margin ratio,套保持仓交易保证金比例,0.1,0.1,0.15,0.15,bu1611,bu1611,1,1,12,12,0.08333333333333333,0.08333333333333333,single_contract,单一合约,1,1,0,0,Descriptive cluster only; it is not automatically classified as a notice-driven or causal policy event.,仅为描述性变更簇，不自动认定为公告驱动或因果政策事件。
v15_cluster_0005292,v15_cluster_0005292,20161111,20161111,BU,BU,Bitumen,石油沥青,General-position margin ratio,一般持仓交易保证金比例,0.15,0.15,0.2,0.2,bu1611,bu1611,1,1,12,12,0.08333333333333333,0.08333333333333333,single_contract,单一合约,1,1,0,0,Descriptive cluster only; it is not automatically classified as a notice-driven or causal policy event.,仅为描述性变更簇，不自动认定为公告驱动或因果政策事件。
v15_cluster_0005293,v15_cluster_0005293,20161111,20161111,BU,BU,Bitumen,石油沥青,Hedge-position margin ratio,套保持仓交易保证金比例,0.15,0.15,0.2,0.2,bu1611,bu1611,1,1,12,12,0.08333333333333333,0.08333333333333333,single_contract,单一合约,1,1,0,0,Descriptive cluster only; it is not automatically classified as a notice-driven or causal policy event.,仅为描述性变更簇，不自动认定为公告驱动或因果政策事件。
v15_cluster_0005362,v15_cluster_0005362,20161115,20161115,BU,BU,Bitumen,石油沥青,General-position margin ratio,一般持仓交易保证金比例,0.08,0.08,0.11,0.11,bu1701;bu1702,bu1701;bu1702,2,2,12,12,0.16666666666666666,0.16666666666666666,multiple_contracts_partial,覆盖多个但非多数合约,0,0,0,0,Descriptive cluster only; it is not automatically classified as a notice-driven or causal policy event.,仅为描述性变更簇，不自动认定为公告驱动或因果政策事件。
v15_cluster_0005363,v15_cluster_0005363,20161115,20161115,BU,BU,Bitumen,石油沥青,General-position margin ratio,一般持仓交易保证金比例,0.1,0.1,0.11,0.11,bu1612,bu1612,1,1,12,12,0.08333333333333333,0.08333333333333333,single_contract,单一合约,1,1,0,0,Descriptive cluster only; it is not automatically classified as a notice-driven or causal policy event.,仅为描述性变更簇，不自动认定为公告驱动或因果政策事件。
v15_cluster_0005364,v15_cluster_0005364,20161115,20161115,BU,BU,Bitumen,石油沥青,Hedge-position margin ratio,套保持仓交易保证金比例,0.08,0.08,0.11,0.11,bu1701;bu1702,bu1701;bu1702,2,2,12,12,0.16666666666666666,0.16666666666666666,multiple_contracts_partial,覆盖多个但非多数合约,0,0,0,0,Descriptive cluster only; it is not automatically classified as a notice-driven or causal policy event.,仅为描述性变更簇，不自动认定为公告驱动或因果政策事件。
v15_cluster_0005365,v15_cluster_0005365,20161115,20161115,BU,BU,Bitumen,石油沥青,Hedge-position margin ratio,套保持仓交易保证金比例,0.1,0.1,0.11,0.11,bu1612,bu1612,1,1,12,12,0.08333333333333333,0.08333333333333333,single_contract,单一合约,1,1,0,0,Descriptive cluster only; it is not automatically classified as a notice-driven or causal policy event.,仅为描述性变更簇，不自动认定为公告驱动或因果政策事件。
v15_cluster_0005366,v15_cluster_0005366,20161115,20161115,BU,BU,Bitumen,石油沥青,Price-limit ratio,涨跌停板幅度,0.06,0.06,0.09,0.09,bu1612;bu1701;bu1702,bu1612;bu1701;bu1702,3,3,12,12,0.25,0.25,multiple_contracts_partial,覆盖多个但非多数合约,1,1,0,0,Descriptive cluster only; it is not automatically classified as a notice-driven or causal policy event.,仅为描述性变更簇，不自动认定为公告驱动或因果政策事件。
v15_cluster_0005377,v15_cluster_0005377,20161116,20161116,BU,BU,Bitumen,石油沥青,General-position margin ratio,一般持仓交易保证金比例,0.11,0.11,0.08,0.08,bu1701;bu1702,bu1701;bu1702,2,2,12,12,0.16666666666666666,0.16666666666666666,multiple_contracts_partial,覆盖多个但非多数合约,0,0,0,0,Descriptive cluster only; it is not automatically classified as a notice-driven or causal policy event.,仅为描述性变更簇，不自动认定为公告驱动或因果政策事件。
v15_cluster_0005378,v15_cluster_0005378,20161116,20161116,BU,BU,Bitumen,石油沥青,General-position margin ratio,一般持仓交易保证金比例,0.11,0.11,0.1,0.1,bu1612,bu1612,1,1,12,12,0.08333333333333333,0.08333333333333333,single_contract,单一合约,1,1,0,0,Descriptive cluster only; it is not automatically classified as a notice-driven or causal policy event.,仅为描述性变更簇，不自动认定为公告驱动或因果政策事件。
v15_cluster_0005379,v15_cluster_0005379,20161116,20161116,BU,BU,Bitumen,石油沥青,Hedge-position margin ratio,套保持仓交易保证金比例,0.11,0.11,0.08,0.08,bu1701;bu1702,bu1701;bu1702,2,2,12,12,0.16666666666666666,0.16666666666666666,multiple_contracts_partial,覆盖多个但非多数合约,0,0,0,0,Descriptive cluster only; it is not automatically classified as a notice-driven or causal policy event.,仅为描述性变更簇，不自动认定为公告驱动或因果政策事件。
v15_cluster_0005380,v15_cluster_0005380,20161116,20161116,BU,BU,Bitumen,石油沥青,Hedge-position margin ratio,套保持仓交易保证金比例,0.11,0.11,0.1,0.1,bu1612,bu1612,1,1,12,12,0.08333333333333333,0.08333333333333333,single_contract,单一合约,1,1,0,0,Descriptive cluster only; it is not automatically classified as a notice-driven or causal policy event.,仅为描述性变更簇，不自动认定为公告驱动或因果政策事件。
v15_cluster_0005381,v15_cluster_0005381,20161116,20161116,BU,BU,Bitumen,石油沥青,Price-limit ratio,涨跌停板幅度,0.09,0.09,0.06,0.06,bu1612;bu1701;bu1702,bu1612;bu1701;bu1702,3,3,12,12,0.25,0.25,multiple_contracts_partial,覆盖多个但非多数合约,1,1,0,0,Descriptive cluster only; it is not automatically classified as a notice-driven or causal policy event.,仅为描述性变更簇，不自动认定为公告驱动或因果政策事件。
v15_cluster_0005395,v15_cluster_0005395,20161117,20161117,BU,BU,Bitumen,石油沥青,Price-limit ratio,涨跌停板幅度,0.12,0.12,0.06,0.06,bu1705,bu1705,1,1,12,12,0.08333333333333333,0.08333333333333333,single_contract,单一合约,0,0,0,0,Descriptive cluster only; it is not automatically classified as a notice-driven or causal policy event.,仅为描述性变更簇，不自动认定为公告驱动或因果政策事件。
v15_cluster_0005446,v15_cluster_0005446,20161125,20161125,BU,BU,Bitumen,石油沥青,General-position margin ratio,一般持仓交易保证金比例,0.08,0.08,0.09,0.09,bu1701;bu1702;bu1703;bu1704;bu1705;bu1706;bu1709;bu1712;bu1803;bu1806;bu1809,bu1701;bu1702;bu1703;bu1704;bu1705;bu1706;bu1709;bu1712;bu1803;bu1806;bu1809,11,11,12,12,0.9166666666666666,0.9166666666666666,majority_of_active_contracts,覆盖当日多数活跃合约,0,0,0,0,Descriptive cluster only; it is not automatically classified as a notice-driven or causal policy event.,仅为描述性变更簇，不自动认定为公告驱动或因果政策事件。
v15_cluster_0005447,v15_cluster_0005447,20161125,20161125,BU,BU,Bitumen,石油沥青,Hedge-position margin ratio,套保持仓交易保证金比例,0.08,0.08,0.09,0.09,bu1701;bu1702;bu1703;bu1704;bu1705;bu1706;bu1709;bu1712;bu1803;bu1806;bu1809,bu1701;bu1702;bu1703;bu1704;bu1705;bu1706;bu1709;bu1712;bu1803;bu1806;bu1809,11,11,12,12,0.9166666666666666,0.9166666666666666,majority_of_active_contracts,覆盖当日多数活跃合约,0,0,0,0,Descriptive cluster only; it is not automatically classified as a notice-driven or causal policy event.,仅为描述性变更簇，不自动认定为公告驱动或因果政策事件。
v15_cluster_0005448,v15_cluster_0005448,20161125,20161125,BU,BU,Bitumen,石油沥青,Price-limit ratio,涨跌停板幅度,0.06,0.06,0.07,0.07,bu1612;bu1701;bu1702;bu1703;bu1704;bu1705;bu1706;bu1709;bu1712;bu1803;bu1806;bu1809,bu1612;bu1701;bu1702;bu1703;bu1704;bu1705;bu1706;bu1709;bu1712;bu1803;bu1806;bu1809,12,12,12,12,1.0,1.0,all_active_contracts,覆盖当日全部活跃合约,1,1,0,0,Descriptive cluster only; it is not automatically classified as a notice-driven or causal policy event.,仅为描述性变更簇，不自动认定为公告驱动或因果政策事件。
v15_cluster_0005523,v15_cluster_0005523,20161201,20161201,BU,BU,Bitumen,石油沥青,General-position margin ratio,一般持仓交易保证金比例,0.09,0.09,0.1,0.1,bu1701,bu1701,1,1,12,12,0.08333333333333333,0.08333333333333333,single_contract,单一合约,0,0,0,0,Descriptive cluster only; it is not automatically classified as a notice-driven or causal policy event.,仅为描述性变更簇，不自动认定为公告驱动或因果政策事件。
v15_cluster_0005524,v15_cluster_0005524,20161201,20161201,BU,BU,Bitumen,石油沥青,General-position margin ratio,一般持仓交易保证金比例,0.1,0.1,0.15,0.15,bu1612,bu1612,1,1,12,12,0.08333333333333333,0.08333333333333333,single_contract,单一合约,1,1,0,0,Descriptive cluster only; it is not automatically classified as a notice-driven or causal policy event.,仅为描述性变更簇，不自动认定为公告驱动或因果政策事件。
v15_cluster_0005525,v15_cluster_0005525,20161201,20161201,BU,BU,Bitumen,石油沥青,Hedge-position margin ratio,套保持仓交易保证金比例,0.09,0.09,0.1,0.1,bu1701,bu1701,1,1,12,12,0.08333333333333333,0.08333333333333333,single_contract,单一合约,0,0,0,0,Descriptive cluster only; it is not automatically classified as a notice-driven or causal policy event.,仅为描述性变更簇，不自动认定为公告驱动或因果政策事件。
v15_cluster_0005526,v15_cluster_0005526,20161201,20161201,BU,BU,Bitumen,石油沥青,Hedge-position margin ratio,套保持仓交易保证金比例,0.1,0.1,0.15,0.15,bu1612,bu1612,1,1,12,12,0.08333333333333333,0.08333333333333333,single_contract,单一合约,1,1,0,0,Descriptive cluster only; it is not automatically classified as a notice-driven or causal policy event.,仅为描述性变更簇，不自动认定为公告驱动或因果政策事件。
v15_cluster_0005589,v15_cluster_0005589,20161213,20161213,BU,BU,Bitumen,石油沥青,General-position margin ratio,一般持仓交易保证金比例,0.15,0.15,0.2,0.2,bu1612,bu1612,1,1,12,12,0.08333333333333333,0.08333333333333333,single_contract,单一合约,1,1,0,0,Descriptive cluster only; it is not automatically classified as a notice-driven or causal policy event.,仅为描述性变更簇，不自动认定为公告驱动或因果政策事件。
v15_cluster_0005590,v15_cluster_0005590,20161213,20161213,BU,BU,Bitumen,石油沥青,Hedge-position margin ratio,套保持仓交易保证金比例,0.15,0.15,0.2,0.2,bu1612,bu1612,1,1,12,12,0.08333333333333333,0.08333333333333333,single_contract,单一合约,1,1,0,0,Descriptive cluster only; it is not automatically classified as a notice-driven or causal policy event.,仅为描述性变更簇，不自动认定为公告驱动或因果政策事件。
v15_cluster_0005611,v15_cluster_0005611,20161219,20161219,BU,BU,Bitumen,石油沥青,Price-limit ratio,涨跌停板幅度,0.14,0.14,0.07,0.07,bu1812,bu1812,1,1,12,12,0.08333333333333333,0.08333333333333333,single_contract,单一合约,0,0,0,0,Descriptive cluster only; it is not automatically classified as a notice-driven or causal policy event.,仅为描述性变更簇，不自动认定为公告驱动或因果政策事件。
v15_cluster_0005638,v15_cluster_0005638,20161229,20161229,BU,BU,Bitumen,石油沥青,General-position margin ratio,一般持仓交易保证金比例,0.09,0.09,0.12,0.12,bu1704;bu1705;bu1706;bu1709,bu1704;bu1705;bu1706;bu1709,4,4,12,12,0.3333333333333333,0.3333333333333333,multiple_contracts_partial,覆盖多个但非多数合约,0,0,0,0,Descriptive cluster only; it is not automatically classified as a notice-driven or causal policy event.,仅为描述性变更簇，不自动认定为公告驱动或因果政策事件。
v15_cluster_0005639,v15_cluster_0005639,20161229,20161229,BU,BU,Bitumen,石油沥青,General-position margin ratio,一般持仓交易保证金比例,0.1,0.1,0.12,0.12,bu1701,bu1701,1,1,12,12,0.08333333333333333,0.08333333333333333,single_contract,单一合约,1,1,0,0,Descriptive cluster only; it is not automatically classified as a notice-driven or causal policy event.,仅为描述性变更簇，不自动认定为公告驱动或因果政策事件。
v15_cluster_0005640,v15_cluster_0005640,20161229,20161229,BU,BU,Bitumen,石油沥青,Hedge-position margin ratio,套保持仓交易保证金比例,0.09,0.09,0.12,0.12,bu1704;bu1705;bu1706;bu1709,bu1704;bu1705;bu1706;bu1709,4,4,12,12,0.3333333333333333,0.3333333333333333,multiple_contracts_partial,覆盖多个但非多数合约,0,0,0,0,Descriptive cluster only; it is not automatically classified as a notice-driven or causal policy event.,仅为描述性变更簇，不自动认定为公告驱动或因果政策事件。
v15_cluster_0005641,v15_cluster_0005641,20161229,20161229,BU,BU,Bitumen,石油沥青,Hedge-position margin ratio,套保持仓交易保证金比例,0.1,0.1,0.12,0.12,bu1701,bu1701,1,1,12,12,0.08333333333333333,0.08333333333333333,single_contract,单一合约,1,1,0,0,Descriptive cluster only; it is not automatically classified as a notice-driven or causal policy event.,仅为描述性变更簇，不自动认定为公告驱动或因果政策事件。
v15_cluster_0005642,v15_cluster_0005642,20161229,20161229,BU,BU,Bitumen,石油沥青,Price-limit ratio,涨跌停板幅度,0.07,0.07,0.1,0.1,bu1701;bu1704;bu1705;bu1706;bu1709,bu1701;bu1704;bu1705;bu1706;bu1709,5,5,12,12,0.4166666666666667,0.4166666666666667,multiple_contracts_partial,覆盖多个但非多数合约,1,1,0,0,Descriptive cluster only; it is not automatically classified as a notice-driven or causal policy event.,仅为描述性变更簇，不自动认定为公告驱动或因果政策事件。
v15_cluster_0005643,v15_cluster_0005643,20161230,20161230,BU,BU,Bitumen,石油沥青,General-position margin ratio,一般持仓交易保证金比例,0.12,0.12,0.09,0.09,bu1704;bu1705;bu1706;bu1709,bu1704;bu1705;bu1706;bu1709,4,4,12,12,0.3333333333333333,0.3333333333333333,multiple_contracts_partial,覆盖多个但非多数合约,0,0,0,0,Descriptive cluster only; it is not automatically classified as a notice-driven or causal policy event.,仅为描述性变更簇，不自动认定为公告驱动或因果政策事件。
v15_cluster_0005644,v15_cluster_0005644,20161230,20161230,BU,BU,Bitumen,石油沥青,General-position margin ratio,一般持仓交易保证金比例,0.12,0.12,0.1,0.1,bu1701,bu1701,1,1,12,12,0.08333333333333333,0.08333333333333333,single_contract,单一合约,1,1,0,0,Descriptive cluster only; it is not automatically classified as a notice-driven or causal policy event.,仅为描述性变更簇，不自动认定为公告驱动或因果政策事件。
v15_cluster_0005645,v15_cluster_0005645,20161230,20161230,BU,BU,Bitumen,石油沥青,Hedge-position margin ratio,套保持仓交易保证金比例,0.12,0.12,0.09,0.09,bu1704;bu1705;bu1706;bu1709,bu1704;bu1705;bu1706;bu1709,4,4,12,12,0.3333333333333333,0.3333333333333333,multiple_contracts_partial,覆盖多个但非多数合约,0,0,0,0,Descriptive cluster only; it is not automatically classified as a notice-driven or causal policy event.,仅为描述性变更簇，不自动认定为公告驱动或因果政策事件。
v15_cluster_0005646,v15_cluster_0005646,20161230,20161230,BU,BU,Bitumen,石油沥青,Hedge-position margin ratio,套保持仓交易保证金比例,0.12,0.12,0.1,0.1,bu1701,bu1701,1,1,12,12,0.08333333333333333,0.08333333333333333,single_contract,单一合约,1,1,0,0,Descriptive cluster only; it is not automatically classified as a notice-driven or causal policy event.,仅为描述性变更簇，不自动认定为公告驱动或因果政策事件。
v15_cluster_0005647,v15_cluster_0005647,20161230,20161230,BU,BU,Bitumen,石油沥青,Price-limit ratio,涨跌停板幅度,0.1,0.1,0.07,0.07,bu1701;bu1704;bu1705;bu1706;bu1709,bu1701;bu1704;bu1705;bu1706;bu1709,5,5,12,12,0.4166666666666667,0.4166666666666667,multiple_contracts_partial,覆盖多个但非多数合约,1,1,0,0,Descriptive cluster only; it is not automatically classified as a notice-driven or causal policy event.,仅为描述性变更簇，不自动认定为公告驱动或因果政策事件。
v15_cluster_0005660,v15_cluster_0005660,20170103,20170103,BU,BU,Bitumen,石油沥青,General-position margin ratio,一般持仓交易保证金比例,0.09,0.09,0.1,0.1,bu1702,bu1702,1,1,12,12,0.08333333333333333,0.08333333333333333,single_contract,单一合约,0,0,0,0,Descriptive cluster only; it is not automatically classified as a notice-driven or causal policy event.,仅为描述性变更簇，不自动认定为公告驱动或因果政策事件。
v15_cluster_0005661,v15_cluster_0005661,20170103,20170103,BU,BU,Bitumen,石油沥青,General-position margin ratio,一般持仓交易保证金比例,0.1,0.1,0.15,0.15,bu1701,bu1701,1,1,12,12,0.08333333333333333,0.08333333333333333,single_contract,单一合约,1,1,0,0,Descriptive cluster only; it is not automatically classified as a notice-driven or causal policy event.,仅为描述性变更簇，不自动认定为公告驱动或因果政策事件。
v15_cluster_0005662,v15_cluster_0005662,20170103,20170103,BU,BU,Bitumen,石油沥青,Hedge-position margin ratio,套保持仓交易保证金比例,0.09,0.09,0.1,0.1,bu1702,bu1702,1,1,12,12,0.08333333333333333,0.08333333333333333,single_contract,单一合约,0,0,0,0,Descriptive cluster only; it is not automatically classified as a notice-driven or causal policy event.,仅为描述性变更簇，不自动认定为公告驱动或因果政策事件。
v15_cluster_0005663,v15_cluster_0005663,20170103,20170103,BU,BU,Bitumen,石油沥青,Hedge-position margin ratio,套保持仓交易保证金比例,0.1,0.1,0.15,0.15,bu1701,bu1701,1,1,12,12,0.08333333333333333,0.08333333333333333,single_contract,单一合约,1,1,0,0,Descriptive cluster only; it is not automatically classified as a notice-driven or causal policy event.,仅为描述性变更簇，不自动认定为公告驱动或因果政策事件。
v15_cluster_0005707,v15_cluster_0005707,20170112,20170112,BU,BU,Bitumen,石油沥青,General-position margin ratio,一般持仓交易保证金比例,0.15,0.15,0.2,0.2,bu1701,bu1701,1,1,12,12,0.08333333333333333,0.08333333333333333,single_contract,单一合约,1,1,0,0,Descriptive cluster only; it is not automatically classified as a notice-driven or causal policy event.,仅为描述性变更簇，不自动认定为公告驱动或因果政策事件。
v15_cluster_0005708,v15_cluster_0005708,20170112,20170112,BU,BU,Bitumen,石油沥青,Hedge-position margin ratio,套保持仓交易保证金比例,0.15,0.15,0.2,0.2,bu1701,bu1701,1,1,12,12,0.08333333333333333,0.08333333333333333,single_contract,单一合约,1,1,0,0,Descriptive cluster only; it is not automatically classified as a notice-driven or causal policy event.,仅为描述性变更簇，不自动认定为公告驱动或因果政策事件。
v15_cluster_0005733,v15_cluster_0005733,20170118,20170118,BU,BU,Bitumen,石油沥青,Price-limit ratio,涨跌停板幅度,0.14,0.14,0.07,0.07,bu1707,bu1707,1,1,12,12,0.08333333333333333,0.08333333333333333,single_contract,单一合约,0,0,0,0,Descriptive cluster only; it is not automatically classified as a notice-driven or causal policy event.,仅为描述性变更簇，不自动认定为公告驱动或因果政策事件。
v15_cluster_0005756,v15_cluster_0005756,20170126,20170126,BU,BU,Bitumen,石油沥青,General-position margin ratio,一般持仓交易保证金比例,0.09,0.09,0.11,0.11,bu1703;bu1704;bu1705;bu1706;bu1707;bu1709;bu1712;bu1803;bu1806;bu1809;bu1812,bu1703;bu1704;bu1705;bu1706;bu1707;bu1709;bu1712;bu1803;bu1806;bu1809;bu1812,11,11,12,12,0.9166666666666666,0.9166666666666666,majority_of_active_contracts,覆盖当日多数活跃合约,0,0,0,0,Descriptive cluster only; it is not automatically classified as a notice-driven or causal policy event.,仅为描述性变更簇，不自动认定为公告驱动或因果政策事件。
v15_cluster_0005757,v15_cluster_0005757,20170126,20170126,BU,BU,Bitumen,石油沥青,General-position margin ratio,一般持仓交易保证金比例,0.1,0.1,0.11,0.11,bu1702,bu1702,1,1,12,12,0.08333333333333333,0.08333333333333333,single_contract,单一合约,1,1,0,0,Descriptive cluster only; it is not automatically classified as a notice-driven or causal policy event.,仅为描述性变更簇，不自动认定为公告驱动或因果政策事件。
v15_cluster_0005758,v15_cluster_0005758,20170126,20170126,BU,BU,Bitumen,石油沥青,Hedge-position margin ratio,套保持仓交易保证金比例,0.09,0.09,0.11,0.11,bu1703;bu1704;bu1705;bu1706;bu1707;bu1709;bu1712;bu1803;bu1806;bu1809;bu1812,bu1703;bu1704;bu1705;bu1706;bu1707;bu1709;bu1712;bu1803;bu1806;bu1809;bu1812,11,11,12,12,0.9166666666666666,0.9166666666666666,majority_of_active_contracts,覆盖当日多数活跃合约,0,0,0,0,Descriptive cluster only; it is not automatically classified as a notice-driven or causal policy event.,仅为描述性变更簇，不自动认定为公告驱动或因果政策事件。
v15_cluster_0005759,v15_cluster_0005759,20170126,20170126,BU,BU,Bitumen,石油沥青,Hedge-position margin ratio,套保持仓交易保证金比例,0.1,0.1,0.11,0.11,bu1702,bu1702,1,1,12,12,0.08333333333333333,0.08333333333333333,single_contract,单一合约,1,1,0,0,Descriptive cluster only; it is not automatically classified as a notice-driven or causal policy event.,仅为描述性变更簇，不自动认定为公告驱动或因果政策事件。
v15_cluster_0005760,v15_cluster_0005760,20170126,20170126,BU,BU,Bitumen,石油沥青,Price-limit ratio,涨跌停板幅度,0.07,0.07,0.08,0.08,bu1702;bu1703;bu1704;bu1705;bu1706;bu1707;bu1709;bu1712;bu1803;bu1806;bu1809;bu1812,bu1702;bu1703;bu1704;bu1705;bu1706;bu1707;bu1709;bu1712;bu1803;bu1806;bu1809;bu1812,12,12,12,12,1.0,1.0,all_active_contracts,覆盖当日全部活跃合约,1,1,0,0,Descriptive cluster only; it is not automatically classified as a notice-driven or causal policy event.,仅为描述性变更簇，不自动认定为公告驱动或因果政策事件。
v15_cluster_0005809,v15_cluster_0005809,20170203,20170203,BU,BU,Bitumen,石油沥青,General-position margin ratio,一般持仓交易保证金比例,0.11,0.11,0.15,0.15,bu1702,bu1702,1,1,12,12,0.08333333333333333,0.08333333333333333,single_contract,单一合约,1,1,0,0,Descriptive cluster only; it is not automatically classified as a notice-driven or causal policy event.,仅为描述性变更簇，不自动认定为公告驱动或因果政策事件。
v15_cluster_0005810,v15_cluster_0005810,20170203,20170203,BU,BU,Bitumen,石油沥青,Hedge-position margin ratio,套保持仓交易保证金比例,0.11,0.11,0.15,0.15,bu1702,bu1702,1,1,12,12,0.08333333333333333,0.08333333333333333,single_contract,单一合约,1,1,0,0,Descriptive cluster only; it is not automatically classified as a notice-driven or causal policy event.,仅为描述性变更簇，不自动认定为公告驱动或因果政策事件。
v15_cluster_0005838,v15_cluster_0005838,20170206,20170206,BU,BU,Bitumen,石油沥青,General-position margin ratio,一般持仓交易保证金比例,0.11,0.11,0.09,0.09,bu1704;bu1705;bu1706;bu1707;bu1709;bu1712;bu1803;bu1806;bu1809;bu1812,bu1704;bu1705;bu1706;bu1707;bu1709;bu1712;bu1803;bu1806;bu1809;bu1812,10,10,12,12,0.8333333333333334,0.8333333333333334,majority_of_active_contracts,覆盖当日多数活跃合约,0,0,0,0,Descriptive cluster only; it is not automatically classified as a notice-driven or causal policy event.,仅为描述性变更簇，不自动认定为公告驱动或因果政策事件。
v15_cluster_0005839,v15_cluster_0005839,20170206,20170206,BU,BU,Bitumen,石油沥青,General-position margin ratio,一般持仓交易保证金比例,0.11,0.11,0.1,0.1,bu1703,bu1703,1,1,12,12,0.08333333333333333,0.08333333333333333,single_contract,单一合约,0,0,0,0,Descriptive cluster only; it is not automatically classified as a notice-driven or causal policy event.,仅为描述性变更簇，不自动认定为公告驱动或因果政策事件。
v15_cluster_0005840,v15_cluster_0005840,20170206,20170206,BU,BU,Bitumen,石油沥青,Hedge-position margin ratio,套保持仓交易保证金比例,0.11,0.11,0.09,0.09,bu1704;bu1705;bu1706;bu1707;bu1709;bu1712;bu1803;bu1806;bu1809;bu1812,bu1704;bu1705;bu1706;bu1707;bu1709;bu1712;bu1803;bu1806;bu1809;bu1812,10,10,12,12,0.8333333333333334,0.8333333333333334,majority_of_active_contracts,覆盖当日多数活跃合约,0,0,0,0,Descriptive cluster only; it is not automatically classified as a notice-driven or causal policy event.,仅为描述性变更簇，不自动认定为公告驱动或因果政策事件。
v15_cluster_0005841,v15_cluster_0005841,20170206,20170206,BU,BU,Bitumen,石油沥青,Hedge-position margin ratio,套保持仓交易保证金比例,0.11,0.11,0.1,0.1,bu1703,bu1703,1,1,12,12,0.08333333333333333,0.08333333333333333,single_contract,单一合约,0,0,0,0,Descriptive cluster only; it is not automatically classified as a notice-driven or causal policy event.,仅为描述性变更簇，不自动认定为公告驱动或因果政策事件。
v15_cluster_0005842,v15_cluster_0005842,20170206,20170206,BU,BU,Bitumen,石油沥青,Price-limit ratio,涨跌停板幅度,0.08,0.08,0.07,0.07,bu1702;bu1703;bu1704;bu1705;bu1706;bu1707;bu1709;bu1712;bu1803;bu1806;bu1809;bu1812,bu1702;bu1703;bu1704;bu1705;bu1706;bu1707;bu1709;bu1712;bu1803;bu1806;bu1809;bu1812,12,12,12,12,1.0,1.0,all_active_contracts,覆盖当日全部活跃合约,1,1,0,0,Descriptive cluster only; it is not automatically classified as a notice-driven or causal policy event.,仅为描述性变更簇，不自动认定为公告驱动或因果政策事件。
v15_cluster_0005891,v15_cluster_0005891,20170213,20170213,BU,BU,Bitumen,石油沥青,General-position margin ratio,一般持仓交易保证金比例,0.15,0.15,0.2,0.2,bu1702,bu1702,1,1,12,12,0.08333333333333333,0.08333333333333333,single_contract,单一合约,1,1,0,0,Descriptive cluster only; it is not automatically classified as a notice-driven or causal policy event.,仅为描述性变更簇，不自动认定为公告驱动或因果政策事件。
v15_cluster_0005892,v15_cluster_0005892,20170213,20170213,BU,BU,Bitumen,石油沥青,Hedge-position margin ratio,套保持仓交易保证金比例,0.15,0.15,0.2,0.2,bu1702,bu1702,1,1,12,12,0.08333333333333333,0.08333333333333333,single_contract,单一合约,1,1,0,0,Descriptive cluster only; it is not automatically classified as a notice-driven or causal policy event.,仅为描述性变更簇，不自动认定为公告驱动或因果政策事件。
v15_cluster_0005934,v15_cluster_0005934,20170301,20170301,BU,BU,Bitumen,石油沥青,General-position margin ratio,一般持仓交易保证金比例,0.09,0.09,0.1,0.1,bu1704,bu1704,1,1,12,12,0.08333333333333333,0.08333333333333333,single_contract,单一合约,0,0,0,0,Descriptive cluster only; it is not automatically classified as a notice-driven or causal policy event.,仅为描述性变更簇，不自动认定为公告驱动或因果政策事件。
v15_cluster_0005935,v15_cluster_0005935,20170301,20170301,BU,BU,Bitumen,石油沥青,General-position margin ratio,一般持仓交易保证金比例,0.1,0.1,0.15,0.15,bu1703,bu1703,1,1,12,12,0.08333333333333333,0.08333333333333333,single_contract,单一合约,1,1,0,0,Descriptive cluster only; it is not automatically classified as a notice-driven or causal policy event.,仅为描述性变更簇，不自动认定为公告驱动或因果政策事件。
v15_cluster_0005936,v15_cluster_0005936,20170301,20170301,BU,BU,Bitumen,石油沥青,Hedge-position margin ratio,套保持仓交易保证金比例,0.09,0.09,0.1,0.1,bu1704,bu1704,1,1,12,12,0.08333333333333333,0.08333333333333333,single_contract,单一合约,0,0,0,0,Descriptive cluster only; it is not automatically classified as a notice-driven or causal policy event.,仅为描述性变更簇，不自动认定为公告驱动或因果政策事件。
v15_cluster_0005937,v15_cluster_0005937,20170301,20170301,BU,BU,Bitumen,石油沥青,Hedge-position margin ratio,套保持仓交易保证金比例,0.1,0.1,0.15,0.15,bu1703,bu1703,1,1,12,12,0.08333333333333333,0.08333333333333333,single_contract,单一合约,1,1,0,0,Descriptive cluster only; it is not automatically classified as a notice-driven or causal policy event.,仅为描述性变更簇，不自动认定为公告驱动或因果政策事件。
v15_cluster_0005938,v15_cluster_0005938,20170301,20170301,BU,BU,Bitumen,石油沥青,Price-limit ratio,涨跌停板幅度,0.14,0.14,0.07,0.07,bu1708,bu1708,1,1,12,12,0.08333333333333333,0.08333333333333333,single_contract,单一合约,0,0,0,0,Descriptive cluster only; it is not automatically classified as a notice-driven or causal policy event.,仅为描述性变更簇，不自动认定为公告驱动或因果政策事件。
v15_cluster_0005984,v15_cluster_0005984,20170313,20170313,BU,BU,Bitumen,石油沥青,General-position margin ratio,一般持仓交易保证金比例,0.15,0.15,0.2,0.2,bu1703,bu1703,1,1,12,12,0.08333333333333333,0.08333333333333333,single_contract,单一合约,1,1,0,0,Descriptive cluster only; it is not automatically classified as a notice-driven or causal policy event.,仅为描述性变更簇，不自动认定为公告驱动或因果政策事件。
v15_cluster_0005985,v15_cluster_0005985,20170313,20170313,BU,BU,Bitumen,石油沥青,Hedge-position margin ratio,套保持仓交易保证金比例,0.15,0.15,0.2,0.2,bu1703,bu1703,1,1,12,12,0.08333333333333333,0.08333333333333333,single_contract,单一合约,1,1,0,0,Descriptive cluster only; it is not automatically classified as a notice-driven or causal policy event.,仅为描述性变更簇，不自动认定为公告驱动或因果政策事件。
v15_cluster_0006014,v15_cluster_0006014,20170317,20170317,BU,BU,Bitumen,石油沥青,Price-limit ratio,涨跌停板幅度,0.14,0.14,0.07,0.07,bu1903,bu1903,1,1,12,12,0.08333333333333333,0.08333333333333333,single_contract,单一合约,0,0,0,0,Descriptive cluster only; it is not automatically classified as a notice-driven or causal policy event.,仅为描述性变更簇，不自动认定为公告驱动或因果政策事件。
v15_cluster_0006051,v15_cluster_0006051,20170405,20170405,BU,BU,Bitumen,石油沥青,General-position margin ratio,一般持仓交易保证金比例,0.09,0.09,0.1,0.1,bu1705,bu1705,1,1,12,12,0.08333333333333333,0.08333333333333333,single_contract,单一合约,0,0,0,0,Descriptive cluster only; it is not automatically classified as a notice-driven or causal policy event.,仅为描述性变更簇，不自动认定为公告驱动或因果政策事件。
v15_cluster_0006052,v15_cluster_0006052,20170405,20170405,BU,BU,Bitumen,石油沥青,General-position margin ratio,一般持仓交易保证金比例,0.1,0.1,0.15,0.15,bu1704,bu1704,1,1,12,12,0.08333333333333333,0.08333333333333333,single_contract,单一合约,1,1,0,0,Descriptive cluster only; it is not automatically classified as a notice-driven or causal policy event.,仅为描述性变更簇，不自动认定为公告驱动或因果政策事件。
v15_cluster_0006053,v15_cluster_0006053,20170405,20170405,BU,BU,Bitumen,石油沥青,Hedge-position margin ratio,套保持仓交易保证金比例,0.09,0.09,0.1,0.1,bu1705,bu1705,1,1,12,12,0.08333333333333333,0.08333333333333333,single_contract,单一合约,0,0,0,0,Descriptive cluster only; it is not automatically classified as a notice-driven or causal policy event.,仅为描述性变更簇，不自动认定为公告驱动或因果政策事件。
v15_cluster_0006054,v15_cluster_0006054,20170405,20170405,BU,BU,Bitumen,石油沥青,Hedge-position margin ratio,套保持仓交易保证金比例,0.1,0.1,0.15,0.15,bu1704,bu1704,1,1,12,12,0.08333333333333333,0.08333333333333333,single_contract,单一合约,1,1,0,0,Descriptive cluster only; it is not automatically classified as a notice-driven or causal policy event.,仅为描述性变更簇，不自动认定为公告驱动或因果政策事件。
v15_cluster_0006095,v15_cluster_0006095,20170406,20170406,BU,BU,Bitumen,石油沥青,General-position margin ratio,一般持仓交易保证金比例,0.09,0.09,0.12,0.12,bu1803,bu1803,1,1,12,12,0.08333333333333333,0.08333333333333333,single_contract,单一合约,0,0,0,0,Descriptive cluster only; it is not automatically classified as a notice-driven or causal policy event.,仅为描述性变更簇，不自动认定为公告驱动或因果政策事件。
v15_cluster_0006096,v15_cluster_0006096,20170406,20170406,BU,BU,Bitumen,石油沥青,Hedge-position margin ratio,套保持仓交易保证金比例,0.09,0.09,0.12,0.12,bu1803,bu1803,1,1,12,12,0.08333333333333333,0.08333333333333333,single_contract,单一合约,0,0,0,0,Descriptive cluster only; it is not automatically classified as a notice-driven or causal policy event.,仅为描述性变更簇，不自动认定为公告驱动或因果政策事件。
v15_cluster_0006097,v15_cluster_0006097,20170406,20170406,BU,BU,Bitumen,石油沥青,Price-limit ratio,涨跌停板幅度,0.07,0.07,0.1,0.1,bu1803,bu1803,1,1,12,12,0.08333333333333333,0.08333333333333333,single_contract,单一合约,0,0,0,0,Descriptive cluster only; it is not automatically classified as a notice-driven or causal policy event.,仅为描述性变更簇，不自动认定为公告驱动或因果政策事件。
v15_cluster_0006108,v15_cluster_0006108,20170407,20170407,BU,BU,Bitumen,石油沥青,General-position margin ratio,一般持仓交易保证金比例,0.12,0.12,0.09,0.09,bu1803,bu1803,1,1,12,12,0.08333333333333333,0.08333333333333333,single_contract,单一合约,0,0,0,0,Descriptive cluster only; it is not automatically classified as a notice-driven or causal policy event.,仅为描述性变更簇，不自动认定为公告驱动或因果政策事件。
v15_cluster_0006109,v15_cluster_0006109,20170407,20170407,BU,BU,Bitumen,石油沥青,Hedge-position margin ratio,套保持仓交易保证金比例,0.12,0.12,0.09,0.09,bu1803,bu1803,1,1,12,12,0.08333333333333333,0.08333333333333333,single_contract,单一合约,0,0,0,0,Descriptive cluster only; it is not automatically classified as a notice-driven or causal policy event.,仅为描述性变更簇，不自动认定为公告驱动或因果政策事件。
v15_cluster_0006110,v15_cluster_0006110,20170407,20170407,BU,BU,Bitumen,石油沥青,Price-limit ratio,涨跌停板幅度,0.1,0.1,0.07,0.07,bu1803,bu1803,1,1,12,12,0.08333333333333333,0.08333333333333333,single_contract,单一合约,0,0,0,0,Descriptive cluster only; it is not automatically classified as a notice-driven or causal policy event.,仅为描述性变更簇，不自动认定为公告驱动或因果政策事件。
v15_cluster_0006128,v15_cluster_0006128,20170413,20170413,BU,BU,Bitumen,石油沥青,General-position margin ratio,一般持仓交易保证金比例,0.15,0.15,0.2,0.2,bu1704,bu1704,1,1,12,12,0.08333333333333333,0.08333333333333333,single_contract,单一合约,1,1,0,0,Descriptive cluster only; it is not automatically classified as a notice-driven or causal policy event.,仅为描述性变更簇，不自动认定为公告驱动或因果政策事件。
v15_cluster_0006129,v15_cluster_0006129,20170413,20170413,BU,BU,Bitumen,石油沥青,Hedge-position margin ratio,套保持仓交易保证金比例,0.15,0.15,0.2,0.2,bu1704,bu1704,1,1,12,12,0.08333333333333333,0.08333333333333333,single_contract,单一合约,1,1,0,0,Descriptive cluster only; it is not automatically classified as a notice-driven or causal policy event.,仅为描述性变更簇，不自动认定为公告驱动或因果政策事件。
v15_cluster_0006158,v15_cluster_0006158,20170420,20170420,BU,BU,Bitumen,石油沥青,Price-limit ratio,涨跌停板幅度,0.14,0.14,0.07,0.07,bu1710,bu1710,1,1,12,12,0.08333333333333333,0.08333333333333333,single_contract,单一合约,0,0,0,0,Descriptive cluster only; it is not automatically classified as a notice-driven or causal policy event.,仅为描述性变更簇，不自动认定为公告驱动或因果政策事件。
v15_cluster_0006182,v15_cluster_0006182,20170502,20170502,BU,BU,Bitumen,石油沥青,General-position margin ratio,一般持仓交易保证金比例,0.09,0.09,0.1,0.1,bu1706,bu1706,1,1,12,12,0.08333333333333333,0.08333333333333333,single_contract,单一合约,0,0,0,0,Descriptive cluster only; it is not automatically classified as a notice-driven or causal policy event.,仅为描述性变更簇，不自动认定为公告驱动或因果政策事件。
v15_cluster_0006183,v15_cluster_0006183,20170502,20170502,BU,BU,Bitumen,石油沥青,General-position margin ratio,一般持仓交易保证金比例,0.1,0.1,0.15,0.15,bu1705,bu1705,1,1,12,12,0.08333333333333333,0.08333333333333333,single_contract,单一合约,1,1,0,0,Descriptive cluster only; it is not automatically classified as a notice-driven or causal policy event.,仅为描述性变更簇，不自动认定为公告驱动或因果政策事件。
v15_cluster_0006184,v15_cluster_0006184,20170502,20170502,BU,BU,Bitumen,石油沥青,Hedge-position margin ratio,套保持仓交易保证金比例,0.09,0.09,0.1,0.1,bu1706,bu1706,1,1,12,12,0.08333333333333333,0.08333333333333333,single_contract,单一合约,0,0,0,0,Descriptive cluster only; it is not automatically classified as a notice-driven or causal policy event.,仅为描述性变更簇，不自动认定为公告驱动或因果政策事件。
v15_cluster_0006185,v15_cluster_0006185,20170502,20170502,BU,BU,Bitumen,石油沥青,Hedge-position margin ratio,套保持仓交易保证金比例,0.1,0.1,0.15,0.15,bu1705,bu1705,1,1,12,12,0.08333333333333333,0.08333333333333333,single_contract,单一合约,1,1,0,0,Descriptive cluster only; it is not automatically classified as a notice-driven or causal policy event.,仅为描述性变更簇，不自动认定为公告驱动或因果政策事件。
v15_cluster_0006224,v15_cluster_0006224,20170511,20170511,BU,BU,Bitumen,石油沥青,General-position margin ratio,一般持仓交易保证金比例,0.15,0.15,0.2,0.2,bu1705,bu1705,1,1,12,12,0.08333333333333333,0.08333333333333333,single_contract,单一合约,1,1,0,0,Descriptive cluster only; it is not automatically classified as a notice-driven or causal policy event.,仅为描述性变更簇，不自动认定为公告驱动或因果政策事件。
v15_cluster_0006225,v15_cluster_0006225,20170511,20170511,BU,BU,Bitumen,石油沥青,Hedge-position margin ratio,套保持仓交易保证金比例,0.15,0.15,0.2,0.2,bu1705,bu1705,1,1,12,12,0.08333333333333333,0.08333333333333333,single_contract,单一合约,1,1,0,0,Descriptive cluster only; it is not automatically classified as a notice-driven or causal policy event.,仅为描述性变更簇，不自动认定为公告驱动或因果政策事件。
v15_cluster_0006254,v15_cluster_0006254,20170518,20170518,BU,BU,Bitumen,石油沥青,Price-limit ratio,涨跌停板幅度,0.14,0.14,0.07,0.07,bu1711,bu1711,1,1,12,12,0.08333333333333333,0.08333333333333333,single_contract,单一合约,0,0,0,0,Descriptive cluster only; it is not automatically classified as a notice-driven or causal policy event.,仅为描述性变更簇，不自动认定为公告驱动或因果政策事件。
v15_cluster_0006279,v15_cluster_0006279,20170601,20170601,BU,BU,Bitumen,石油沥青,General-position margin ratio,一般持仓交易保证金比例,0.09,0.09,0.08,0.08,bu1708;bu1709;bu1710;bu1711;bu1712;bu1803;bu1806;bu1809;bu1812;bu1903,bu1708;bu1709;bu1710;bu1711;bu1712;bu1803;bu1806;bu1809;bu1812;bu1903,10,10,12,12,0.8333333333333334,0.8333333333333334,majority_of_active_contracts,覆盖当日多数活跃合约,0,0,0,0,Descriptive cluster only; it is not automatically classified as a notice-driven or causal policy event.,仅为描述性变更簇，不自动认定为公告驱动或因果政策事件。
v15_cluster_0006280,v15_cluster_0006280,20170601,20170601,BU,BU,Bitumen,石油沥青,General-position margin ratio,一般持仓交易保证金比例,0.09,0.09,0.1,0.1,bu1707,bu1707,1,1,12,12,0.08333333333333333,0.08333333333333333,single_contract,单一合约,0,0,0,0,Descriptive cluster only; it is not automatically classified as a notice-driven or causal policy event.,仅为描述性变更簇，不自动认定为公告驱动或因果政策事件。
v15_cluster_0006281,v15_cluster_0006281,20170601,20170601,BU,BU,Bitumen,石油沥青,General-position margin ratio,一般持仓交易保证金比例,0.1,0.1,0.15,0.15,bu1706,bu1706,1,1,12,12,0.08333333333333333,0.08333333333333333,single_contract,单一合约,1,1,0,0,Descriptive cluster only; it is not automatically classified as a notice-driven or causal policy event.,仅为描述性变更簇，不自动认定为公告驱动或因果政策事件。
v15_cluster_0006282,v15_cluster_0006282,20170601,20170601,BU,BU,Bitumen,石油沥青,Hedge-position margin ratio,套保持仓交易保证金比例,0.09,0.09,0.08,0.08,bu1708;bu1709;bu1710;bu1711;bu1712;bu1803;bu1806;bu1809;bu1812;bu1903,bu1708;bu1709;bu1710;bu1711;bu1712;bu1803;bu1806;bu1809;bu1812;bu1903,10,10,12,12,0.8333333333333334,0.8333333333333334,majority_of_active_contracts,覆盖当日多数活跃合约,0,0,0,0,Descriptive cluster only; it is not automatically classified as a notice-driven or causal policy event.,仅为描述性变更簇，不自动认定为公告驱动或因果政策事件。
v15_cluster_0006283,v15_cluster_0006283,20170601,20170601,BU,BU,Bitumen,石油沥青,Hedge-position margin ratio,套保持仓交易保证金比例,0.09,0.09,0.1,0.1,bu1707,bu1707,1,1,12,12,0.08333333333333333,0.08333333333333333,single_contract,单一合约,0,0,0,0,Descriptive cluster only; it is not automatically classified as a notice-driven or causal policy event.,仅为描述性变更簇，不自动认定为公告驱动或因果政策事件。
v15_cluster_0006284,v15_cluster_0006284,20170601,20170601,BU,BU,Bitumen,石油沥青,Hedge-position margin ratio,套保持仓交易保证金比例,0.1,0.1,0.15,0.15,bu1706,bu1706,1,1,12,12,0.08333333333333333,0.08333333333333333,single_contract,单一合约,1,1,0,0,Descriptive cluster only; it is not automatically classified as a notice-driven or causal policy event.,仅为描述性变更簇，不自动认定为公告驱动或因果政策事件。
v15_cluster_0006285,v15_cluster_0006285,20170601,20170601,BU,BU,Bitumen,石油沥青,Price-limit ratio,涨跌停板幅度,0.07,0.07,0.06,0.06,bu1706;bu1707;bu1708;bu1709;bu1710;bu1711;bu1712;bu1803;bu1806;bu1809;bu1812;bu1903,bu1706;bu1707;bu1708;bu1709;bu1710;bu1711;bu1712;bu1803;bu1806;bu1809;bu1812;bu1903,12,12,12,12,1.0,1.0,all_active_contracts,覆盖当日全部活跃合约,1,1,0,0,Descriptive cluster only; it is not automatically classified as a notice-driven or causal policy event.,仅为描述性变更簇，不自动认定为公告驱动或因果政策事件。
v15_cluster_0006341,v15_cluster_0006341,20170613,20170613,BU,BU,Bitumen,石油沥青,General-position margin ratio,一般持仓交易保证金比例,0.15,0.15,0.2,0.2,bu1706,bu1706,1,1,12,12,0.08333333333333333,0.08333333333333333,single_contract,单一合约,1,1,0,0,Descriptive cluster only; it is not automatically classified as a notice-driven or causal policy event.,仅为描述性变更簇，不自动认定为公告驱动或因果政策事件。
v15_cluster_0006342,v15_cluster_0006342,20170613,20170613,BU,BU,Bitumen,石油沥青,Hedge-position margin ratio,套保持仓交易保证金比例,0.15,0.15,0.2,0.2,bu1706,bu1706,1,1,12,12,0.08333333333333333,0.08333333333333333,single_contract,单一合约,1,1,0,0,Descriptive cluster only; it is not automatically classified as a notice-driven or causal policy event.,仅为描述性变更簇，不自动认定为公告驱动或因果政策事件。
v15_cluster_0006361,v15_cluster_0006361,20170619,20170619,BU,BU,Bitumen,石油沥青,Price-limit ratio,涨跌停板幅度,0.12,0.12,0.06,0.06,bu1906,bu1906,1,1,12,12,0.08333333333333333,0.08333333333333333,single_contract,单一合约,0,0,0,0,Descriptive cluster only; it is not automatically classified as a notice-driven or causal policy event.,仅为描述性变更簇，不自动认定为公告驱动或因果政策事件。
v15_cluster_0006390,v15_cluster_0006390,20170703,20170703,BU,BU,Bitumen,石油沥青,General-position margin ratio,一般持仓交易保证金比例,0.08,0.08,0.1,0.1,bu1708,bu1708,1,1,12,12,0.08333333333333333,0.08333333333333333,single_contract,单一合约,0,0,0,0,Descriptive cluster only; it is not automatically classified as a notice-driven or causal policy event.,仅为描述性变更簇，不自动认定为公告驱动或因果政策事件。
v15_cluster_0006391,v15_cluster_0006391,20170703,20170703,BU,BU,Bitumen,石油沥青,General-position margin ratio,一般持仓交易保证金比例,0.1,0.1,0.15,0.15,bu1707,bu1707,1,1,12,12,0.08333333333333333,0.08333333333333333,single_contract,单一合约,1,1,0,0,Descriptive cluster only; it is not automatically classified as a notice-driven or causal policy event.,仅为描述性变更簇，不自动认定为公告驱动或因果政策事件。
v15_cluster_0006392,v15_cluster_0006392,20170703,20170703,BU,BU,Bitumen,石油沥青,Hedge-position margin ratio,套保持仓交易保证金比例,0.08,0.08,0.1,0.1,bu1708,bu1708,1,1,12,12,0.08333333333333333,0.08333333333333333,single_contract,单一合约,0,0,0,0,Descriptive cluster only; it is not automatically classified as a notice-driven or causal policy event.,仅为描述性变更簇，不自动认定为公告驱动或因果政策事件。
v15_cluster_0006393,v15_cluster_0006393,20170703,20170703,BU,BU,Bitumen,石油沥青,Hedge-position margin ratio,套保持仓交易保证金比例,0.1,0.1,0.15,0.15,bu1707,bu1707,1,1,12,12,0.08333333333333333,0.08333333333333333,single_contract,单一合约,1,1,0,0,Descriptive cluster only; it is not automatically classified as a notice-driven or causal policy event.,仅为描述性变更簇，不自动认定为公告驱动或因果政策事件。
v15_cluster_0006435,v15_cluster_0006435,20170713,20170713,BU,BU,Bitumen,石油沥青,General-position margin ratio,一般持仓交易保证金比例,0.15,0.15,0.2,0.2,bu1707,bu1707,1,1,12,12,0.08333333333333333,0.08333333333333333,single_contract,单一合约,1,1,0,0,Descriptive cluster only; it is not automatically classified as a notice-driven or causal policy event.,仅为描述性变更簇，不自动认定为公告驱动或因果政策事件。
v15_cluster_0006436,v15_cluster_0006436,20170713,20170713,BU,BU,Bitumen,石油沥青,Hedge-position margin ratio,套保持仓交易保证金比例,0.15,0.15,0.2,0.2,bu1707,bu1707,1,1,12,12,0.08333333333333333,0.08333333333333333,single_contract,单一合约,1,1,0,0,Descriptive cluster only; it is not automatically classified as a notice-driven or causal policy event.,仅为描述性变更簇，不自动认定为公告驱动或因果政策事件。
v15_cluster_0006462,v15_cluster_0006462,20170719,20170719,BU,BU,Bitumen,石油沥青,Price-limit ratio,涨跌停板幅度,0.12,0.12,0.06,0.06,bu1801,bu1801,1,1,12,12,0.08333333333333333,0.08333333333333333,single_contract,单一合约,0,0,0,0,Descriptive cluster only; it is not automatically classified as a notice-driven or causal policy event.,仅为描述性变更簇，不自动认定为公告驱动或因果政策事件。
v15_cluster_0006489,v15_cluster_0006489,20170801,20170801,BU,BU,Bitumen,石油沥青,General-position margin ratio,一般持仓交易保证金比例,0.08,0.08,0.1,0.1,bu1709,bu1709,1,1,12,12,0.08333333333333333,0.08333333333333333,single_contract,单一合约,0,0,0,0,Descriptive cluster only; it is not automatically classified as a notice-driven or causal policy event.,仅为描述性变更簇，不自动认定为公告驱动或因果政策事件。
v15_cluster_0006490,v15_cluster_0006490,20170801,20170801,BU,BU,Bitumen,石油沥青,General-position margin ratio,一般持仓交易保证金比例,0.1,0.1,0.15,0.15,bu1708,bu1708,1,1,12,12,0.08333333333333333,0.08333333333333333,single_contract,单一合约,1,1,0,0,Descriptive cluster only; it is not automatically classified as a notice-driven or causal policy event.,仅为描述性变更簇，不自动认定为公告驱动或因果政策事件。
v15_cluster_0006491,v15_cluster_0006491,20170801,20170801,BU,BU,Bitumen,石油沥青,Hedge-position margin ratio,套保持仓交易保证金比例,0.08,0.08,0.1,0.1,bu1709,bu1709,1,1,12,12,0.08333333333333333,0.08333333333333333,single_contract,单一合约,0,0,0,0,Descriptive cluster only; it is not automatically classified as a notice-driven or causal policy event.,仅为描述性变更簇，不自动认定为公告驱动或因果政策事件。
v15_cluster_0006492,v15_cluster_0006492,20170801,20170801,BU,BU,Bitumen,石油沥青,Hedge-position margin ratio,套保持仓交易保证金比例,0.1,0.1,0.15,0.15,bu1708,bu1708,1,1,12,12,0.08333333333333333,0.08333333333333333,single_contract,单一合约,1,1,0,0,Descriptive cluster only; it is not automatically classified as a notice-driven or causal policy event.,仅为描述性变更簇，不自动认定为公告驱动或因果政策事件。
v15_cluster_0006534,v15_cluster_0006534,20170811,20170811,BU,BU,Bitumen,石油沥青,General-position margin ratio,一般持仓交易保证金比例,0.15,0.15,0.2,0.2,bu1708,bu1708,1,1,12,12,0.08333333333333333,0.08333333333333333,single_contract,单一合约,1,1,0,0,Descriptive cluster only; it is not automatically classified as a notice-driven or causal policy event.,仅为描述性变更簇，不自动认定为公告驱动或因果政策事件。
v15_cluster_0006535,v15_cluster_0006535,20170811,20170811,BU,BU,Bitumen,石油沥青,Hedge-position margin ratio,套保持仓交易保证金比例,0.15,0.15,0.2,0.2,bu1708,bu1708,1,1,12,12,0.08333333333333333,0.08333333333333333,single_contract,单一合约,1,1,0,0,Descriptive cluster only; it is not automatically classified as a notice-driven or causal policy event.,仅为描述性变更簇，不自动认定为公告驱动或因果政策事件。
v15_cluster_0006558,v15_cluster_0006558,20170817,20170817,BU,BU,Bitumen,石油沥青,Price-limit ratio,涨跌停板幅度,0.12,0.12,0.06,0.06,bu1802,bu1802,1,1,12,12,0.08333333333333333,0.08333333333333333,single_contract,单一合约,0,0,0,0,Descriptive cluster only; it is not automatically classified as a notice-driven or causal policy event.,仅为描述性变更簇，不自动认定为公告驱动或因果政策事件。
v15_cluster_0006592,v15_cluster_0006592,20170901,20170901,BU,BU,Bitumen,石油沥青,General-position margin ratio,一般持仓交易保证金比例,0.08,0.08,0.1,0.1,bu1710,bu1710,1,1,12,12,0.08333333333333333,0.08333333333333333,single_contract,单一合约,0,0,0,0,Descriptive cluster only; it is not automatically classified as a notice-driven or causal policy event.,仅为描述性变更簇，不自动认定为公告驱动或因果政策事件。
v15_cluster_0006593,v15_cluster_0006593,20170901,20170901,BU,BU,Bitumen,石油沥青,General-position margin ratio,一般持仓交易保证金比例,0.1,0.1,0.15,0.15,bu1709,bu1709,1,1,12,12,0.08333333333333333,0.08333333333333333,single_contract,单一合约,1,1,0,0,Descriptive cluster only; it is not automatically classified as a notice-driven or causal policy event.,仅为描述性变更簇，不自动认定为公告驱动或因果政策事件。
v15_cluster_0006594,v15_cluster_0006594,20170901,20170901,BU,BU,Bitumen,石油沥青,Hedge-position margin ratio,套保持仓交易保证金比例,0.08,0.08,0.1,0.1,bu1710,bu1710,1,1,12,12,0.08333333333333333,0.08333333333333333,single_contract,单一合约,0,0,0,0,Descriptive cluster only; it is not automatically classified as a notice-driven or causal policy event.,仅为描述性变更簇，不自动认定为公告驱动或因果政策事件。
v15_cluster_0006595,v15_cluster_0006595,20170901,20170901,BU,BU,Bitumen,石油沥青,Hedge-position margin ratio,套保持仓交易保证金比例,0.1,0.1,0.15,0.15,bu1709,bu1709,1,1,12,12,0.08333333333333333,0.08333333333333333,single_contract,单一合约,1,1,0,0,Descriptive cluster only; it is not automatically classified as a notice-driven or causal policy event.,仅为描述性变更簇，不自动认定为公告驱动或因果政策事件。
v15_cluster_0006647,v15_cluster_0006647,20170913,20170913,BU,BU,Bitumen,石油沥青,General-position margin ratio,一般持仓交易保证金比例,0.15,0.15,0.2,0.2,bu1709,bu1709,1,1,12,12,0.08333333333333333,0.08333333333333333,single_contract,单一合约,1,1,0,0,Descriptive cluster only; it is not automatically classified as a notice-driven or causal policy event.,仅为描述性变更簇，不自动认定为公告驱动或因果政策事件。
v15_cluster_0006648,v15_cluster_0006648,20170913,20170913,BU,BU,Bitumen,石油沥青,Hedge-position margin ratio,套保持仓交易保证金比例,0.15,0.15,0.2,0.2,bu1709,bu1709,1,1,12,12,0.08333333333333333,0.08333333333333333,single_contract,单一合约,1,1,0,0,Descriptive cluster only; it is not automatically classified as a notice-driven or causal policy event.,仅为描述性变更簇，不自动认定为公告驱动或因果政策事件。
v15_cluster_0006670,v15_cluster_0006670,20170919,20170919,BU,BU,Bitumen,石油沥青,Price-limit ratio,涨跌停板幅度,0.12,0.12,0.06,0.06,bu1909,bu1909,1,1,12,12,0.08333333333333333,0.08333333333333333,single_contract,单一合约,0,0,0,0,Descriptive cluster only; it is not automatically classified as a notice-driven or causal policy event.,仅为描述性变更簇，不自动认定为公告驱动或因果政策事件。
v15_cluster_0006705,v15_cluster_0006705,20170929,20170929,BU,BU,Bitumen,石油沥青,General-position margin ratio,一般持仓交易保证金比例,0.08,0.08,0.1,0.1,bu1711;bu1712;bu1801;bu1802;bu1803;bu1806;bu1809;bu1812;bu1903;bu1906;bu1909,bu1711;bu1712;bu1801;bu1802;bu1803;bu1806;bu1809;bu1812;bu1903;bu1906;bu1909,11,11,12,12,0.9166666666666666,0.9166666666666666,majority_of_active_contracts,覆盖当日多数活跃合约,0,0,0,0,Descriptive cluster only; it is not automatically classified as a notice-driven or causal policy event.,仅为描述性变更簇，不自动认定为公告驱动或因果政策事件。
v15_cluster_0006706,v15_cluster_0006706,20170929,20170929,BU,BU,Bitumen,石油沥青,Hedge-position margin ratio,套保持仓交易保证金比例,0.08,0.08,0.1,0.1,bu1711;bu1712;bu1801;bu1802;bu1803;bu1806;bu1809;bu1812;bu1903;bu1906;bu1909,bu1711;bu1712;bu1801;bu1802;bu1803;bu1806;bu1809;bu1812;bu1903;bu1906;bu1909,11,11,12,12,0.9166666666666666,0.9166666666666666,majority_of_active_contracts,覆盖当日多数活跃合约,0,0,0,0,Descriptive cluster only; it is not automatically classified as a notice-driven or causal policy event.,仅为描述性变更簇，不自动认定为公告驱动或因果政策事件。
v15_cluster_0006707,v15_cluster_0006707,20170929,20170929,BU,BU,Bitumen,石油沥青,Price-limit ratio,涨跌停板幅度,0.06,0.06,0.08,0.08,bu1710;bu1711;bu1712;bu1801;bu1802;bu1803;bu1806;bu1809;bu1812;bu1903;bu1906;bu1909,bu1710;bu1711;bu1712;bu1801;bu1802;bu1803;bu1806;bu1809;bu1812;bu1903;bu1906;bu1909,12,12,12,12,1.0,1.0,all_active_contracts,覆盖当日全部活跃合约,1,1,0,0,Descriptive cluster only; it is not automatically classified as a notice-driven or causal policy event.,仅为描述性变更簇，不自动认定为公告驱动或因果政策事件。
v15_cluster_0006749,v15_cluster_0006749,20171009,20171009,BU,BU,Bitumen,石油沥青,General-position margin ratio,一般持仓交易保证金比例,0.1,0.1,0.15,0.15,bu1710,bu1710,1,1,12,12,0.08333333333333333,0.08333333333333333,single_contract,单一合约,1,1,0,0,Descriptive cluster only; it is not automatically classified as a notice-driven or causal policy event.,仅为描述性变更簇，不自动认定为公告驱动或因果政策事件。
v15_cluster_0006750,v15_cluster_0006750,20171009,20171009,BU,BU,Bitumen,石油沥青,Hedge-position margin ratio,套保持仓交易保证金比例,0.1,0.1,0.15,0.15,bu1710,bu1710,1,1,12,12,0.08333333333333333,0.08333333333333333,single_contract,单一合约,1,1,0,0,Descriptive cluster only; it is not automatically classified as a notice-driven or causal policy event.,仅为描述性变更簇，不自动认定为公告驱动或因果政策事件。
v15_cluster_0006779,v15_cluster_0006779,20171010,20171010,BU,BU,Bitumen,石油沥青,General-position margin ratio,一般持仓交易保证金比例,0.1,0.1,0.08,0.08,bu1712;bu1801;bu1802;bu1803;bu1806;bu1809;bu1812;bu1903;bu1906;bu1909,bu1712;bu1801;bu1802;bu1803;bu1806;bu1809;bu1812;bu1903;bu1906;bu1909,10,10,12,12,0.8333333333333334,0.8333333333333334,majority_of_active_contracts,覆盖当日多数活跃合约,0,0,0,0,Descriptive cluster only; it is not automatically classified as a notice-driven or causal policy event.,仅为描述性变更簇，不自动认定为公告驱动或因果政策事件。
v15_cluster_0006780,v15_cluster_0006780,20171010,20171010,BU,BU,Bitumen,石油沥青,Hedge-position margin ratio,套保持仓交易保证金比例,0.1,0.1,0.08,0.08,bu1712;bu1801;bu1802;bu1803;bu1806;bu1809;bu1812;bu1903;bu1906;bu1909,bu1712;bu1801;bu1802;bu1803;bu1806;bu1809;bu1812;bu1903;bu1906;bu1909,10,10,12,12,0.8333333333333334,0.8333333333333334,majority_of_active_contracts,覆盖当日多数活跃合约,0,0,0,0,Descriptive cluster only; it is not automatically classified as a notice-driven or causal policy event.,仅为描述性变更簇，不自动认定为公告驱动或因果政策事件。
v15_cluster_0006781,v15_cluster_0006781,20171010,20171010,BU,BU,Bitumen,石油沥青,Price-limit ratio,涨跌停板幅度,0.08,0.08,0.06,0.06,bu1710;bu1711;bu1712;bu1801;bu1802;bu1803;bu1806;bu1809;bu1812;bu1903;bu1906;bu1909,bu1710;bu1711;bu1712;bu1801;bu1802;bu1803;bu1806;bu1809;bu1812;bu1903;bu1906;bu1909,12,12,12,12,1.0,1.0,all_active_contracts,覆盖当日全部活跃合约,1,1,0,0,Descriptive cluster only; it is not automatically classified as a notice-driven or causal policy event.,仅为描述性变更簇，不自动认定为公告驱动或因果政策事件。
v15_cluster_0006818,v15_cluster_0006818,20171012,20171012,BU,BU,Bitumen,石油沥青,General-position margin ratio,一般持仓交易保证金比例,0.15,0.15,0.2,0.2,bu1710,bu1710,1,1,12,12,0.08333333333333333,0.08333333333333333,single_contract,单一合约,1,1,0,0,Descriptive cluster only; it is not automatically classified as a notice-driven or causal policy event.,仅为描述性变更簇，不自动认定为公告驱动或因果政策事件。
v15_cluster_0006819,v15_cluster_0006819,20171012,20171012,BU,BU,Bitumen,石油沥青,Hedge-position margin ratio,套保持仓交易保证金比例,0.15,0.15,0.2,0.2,bu1710,bu1710,1,1,12,12,0.08333333333333333,0.08333333333333333,single_contract,单一合约,1,1,0,0,Descriptive cluster only; it is not automatically classified as a notice-driven or causal policy event.,仅为描述性变更簇，不自动认定为公告驱动或因果政策事件。
v15_cluster_0006852,v15_cluster_0006852,20171025,20171025,BU,BU,Bitumen,石油沥青,Price-limit ratio,涨跌停板幅度,0.12,0.12,0.06,0.06,bu1804,bu1804,1,1,12,12,0.08333333333333333,0.08333333333333333,single_contract,单一合约,0,0,0,0,Descriptive cluster only; it is not automatically classified as a notice-driven or causal policy event.,仅为描述性变更簇，不自动认定为公告驱动或因果政策事件。
v15_cluster_0006869,v15_cluster_0006869,20171101,20171101,BU,BU,Bitumen,石油沥青,General-position margin ratio,一般持仓交易保证金比例,0.08,0.08,0.1,0.1,bu1712,bu1712,1,1,12,12,0.08333333333333333,0.08333333333333333,single_contract,单一合约,0,0,0,0,Descriptive cluster only; it is not automatically classified as a notice-driven or causal policy event.,仅为描述性变更簇，不自动认定为公告驱动或因果政策事件。
v15_cluster_0006870,v15_cluster_0006870,20171101,20171101,BU,BU,Bitumen,石油沥青,General-position margin ratio,一般持仓交易保证金比例,0.1,0.1,0.15,0.15,bu1711,bu1711,1,1,12,12,0.08333333333333333,0.08333333333333333,single_contract,单一合约,1,1,0,0,Descriptive cluster only; it is not automatically classified as a notice-driven or causal policy event.,仅为描述性变更簇，不自动认定为公告驱动或因果政策事件。
v15_cluster_0006871,v15_cluster_0006871,20171101,20171101,BU,BU,Bitumen,石油沥青,Hedge-position margin ratio,套保持仓交易保证金比例,0.08,0.08,0.1,0.1,bu1712,bu1712,1,1,12,12,0.08333333333333333,0.08333333333333333,single_contract,单一合约,0,0,0,0,Descriptive cluster only; it is not automatically classified as a notice-driven or causal policy event.,仅为描述性变更簇，不自动认定为公告驱动或因果政策事件。
v15_cluster_0006872,v15_cluster_0006872,20171101,20171101,BU,BU,Bitumen,石油沥青,Hedge-position margin ratio,套保持仓交易保证金比例,0.1,0.1,0.15,0.15,bu1711,bu1711,1,1,12,12,0.08333333333333333,0.08333333333333333,single_contract,单一合约,1,1,0,0,Descriptive cluster only; it is not automatically classified as a notice-driven or causal policy event.,仅为描述性变更簇，不自动认定为公告驱动或因果政策事件。
v15_cluster_0006931,v15_cluster_0006931,20171113,20171113,BU,BU,Bitumen,石油沥青,General-position margin ratio,一般持仓交易保证金比例,0.15,0.15,0.2,0.2,bu1711,bu1711,1,1,12,12,0.08333333333333333,0.08333333333333333,single_contract,单一合约,1,1,0,0,Descriptive cluster only; it is not automatically classified as a notice-driven or causal policy event.,仅为描述性变更簇，不自动认定为公告驱动或因果政策事件。
v15_cluster_0006932,v15_cluster_0006932,20171113,20171113,BU,BU,Bitumen,石油沥青,Hedge-position margin ratio,套保持仓交易保证金比例,0.15,0.15,0.2,0.2,bu1711,bu1711,1,1,12,12,0.08333333333333333,0.08333333333333333,single_contract,单一合约,1,1,0,0,Descriptive cluster only; it is not automatically classified as a notice-driven or causal policy event.,仅为描述性变更簇，不自动认定为公告驱动或因果政策事件。
v15_cluster_0006961,v15_cluster_0006961,20171120,20171120,BU,BU,Bitumen,石油沥青,Price-limit ratio,涨跌停板幅度,0.12,0.12,0.06,0.06,bu1805,bu1805,1,1,12,12,0.08333333333333333,0.08333333333333333,single_contract,单一合约,0,0,0,0,Descriptive cluster only; it is not automatically classified as a notice-driven or causal policy event.,仅为描述性变更簇，不自动认定为公告驱动或因果政策事件。
v15_cluster_0006984,v15_cluster_0006984,20171201,20171201,BU,BU,Bitumen,石油沥青,General-position margin ratio,一般持仓交易保证金比例,0.08,0.08,0.1,0.1,bu1801,bu1801,1,1,12,12,0.08333333333333333,0.08333333333333333,single_contract,单一合约,0,0,0,0,Descriptive cluster only; it is not automatically classified as a notice-driven or causal policy event.,仅为描述性变更簇，不自动认定为公告驱动或因果政策事件。
v15_cluster_0006985,v15_cluster_0006985,20171201,20171201,BU,BU,Bitumen,石油沥青,General-position margin ratio,一般持仓交易保证金比例,0.1,0.1,0.15,0.15,bu1712,bu1712,1,1,12,12,0.08333333333333333,0.08333333333333333,single_contract,单一合约,1,1,0,0,Descriptive cluster only; it is not automatically classified as a notice-driven or causal policy event.,仅为描述性变更簇，不自动认定为公告驱动或因果政策事件。
v15_cluster_0006986,v15_cluster_0006986,20171201,20171201,BU,BU,Bitumen,石油沥青,Hedge-position margin ratio,套保持仓交易保证金比例,0.08,0.08,0.1,0.1,bu1801,bu1801,1,1,12,12,0.08333333333333333,0.08333333333333333,single_contract,单一合约,0,0,0,0,Descriptive cluster only; it is not automatically classified as a notice-driven or causal policy event.,仅为描述性变更簇，不自动认定为公告驱动或因果政策事件。
v15_cluster_0006987,v15_cluster_0006987,20171201,20171201,BU,BU,Bitumen,石油沥青,Hedge-position margin ratio,套保持仓交易保证金比例,0.1,0.1,0.15,0.15,bu1712,bu1712,1,1,12,12,0.08333333333333333,0.08333333333333333,single_contract,单一合约,1,1,0,0,Descriptive cluster only; it is not automatically classified as a notice-driven or causal policy event.,仅为描述性变更簇，不自动认定为公告驱动或因果政策事件。
v15_cluster_0007025,v15_cluster_0007025,20171213,20171213,BU,BU,Bitumen,石油沥青,General-position margin ratio,一般持仓交易保证金比例,0.15,0.15,0.2,0.2,bu1712,bu1712,1,1,12,12,0.08333333333333333,0.08333333333333333,single_contract,单一合约,1,1,0,0,Descriptive cluster only; it is not automatically classified as a notice-driven or causal policy event.,仅为描述性变更簇，不自动认定为公告驱动或因果政策事件。
v15_cluster_0007026,v15_cluster_0007026,20171213,20171213,BU,BU,Bitumen,石油沥青,Hedge-position margin ratio,套保持仓交易保证金比例,0.15,0.15,0.2,0.2,bu1712,bu1712,1,1,12,12,0.08333333333333333,0.08333333333333333,single_contract,单一合约,1,1,0,0,Descriptive cluster only; it is not automatically classified as a notice-driven or causal policy event.,仅为描述性变更簇，不自动认定为公告驱动或因果政策事件。
v15_cluster_0007043,v15_cluster_0007043,20171219,20171219,BU,BU,Bitumen,石油沥青,Price-limit ratio,涨跌停板幅度,0.12,0.12,0.06,0.06,bu1912,bu1912,1,1,12,12,0.08333333333333333,0.08333333333333333,single_contract,单一合约,0,0,0,0,Descriptive cluster only; it is not automatically classified as a notice-driven or causal policy event.,仅为描述性变更簇，不自动认定为公告驱动或因果政策事件。
v15_cluster_0007058,v15_cluster_0007058,20180102,20180102,BU,BU,Bitumen,石油沥青,General-position margin ratio,一般持仓交易保证金比例,0.08,0.08,0.1,0.1,bu1802,bu1802,1,1,12,12,0.08333333333333333,0.08333333333333333,single_contract,单一合约,0,0,0,0,Descriptive cluster only; it is not automatically classified as a notice-driven or causal policy event.,仅为描述性变更簇，不自动认定为公告驱动或因果政策事件。
v15_cluster_0007059,v15_cluster_0007059,20180102,20180102,BU,BU,Bitumen,石油沥青,General-position margin ratio,一般持仓交易保证金比例,0.1,0.1,0.15,0.15,bu1801,bu1801,1,1,12,12,0.08333333333333333,0.08333333333333333,single_contract,单一合约,1,1,0,0,Descriptive cluster only; it is not automatically classified as a notice-driven or causal policy event.,仅为描述性变更簇，不自动认定为公告驱动或因果政策事件。
v15_cluster_0007060,v15_cluster_0007060,20180102,20180102,BU,BU,Bitumen,石油沥青,Hedge-position margin ratio,套保持仓交易保证金比例,0.08,0.08,0.1,0.1,bu1802,bu1802,1,1,12,12,0.08333333333333333,0.08333333333333333,single_contract,单一合约,0,0,0,0,Descriptive cluster only; it is not automatically classified as a notice-driven or causal policy event.,仅为描述性变更簇，不自动认定为公告驱动或因果政策事件。
v15_cluster_0007061,v15_cluster_0007061,20180102,20180102,BU,BU,Bitumen,石油沥青,Hedge-position margin ratio,套保持仓交易保证金比例,0.1,0.1,0.15,0.15,bu1801,bu1801,1,1,12,12,0.08333333333333333,0.08333333333333333,single_contract,单一合约,1,1,0,0,Descriptive cluster only; it is not automatically classified as a notice-driven or causal policy event.,仅为描述性变更簇，不自动认定为公告驱动或因果政策事件。
v15_cluster_0007117,v15_cluster_0007117,20180111,20180111,BU,BU,Bitumen,石油沥青,General-position margin ratio,一般持仓交易保证金比例,0.15,0.15,0.2,0.2,bu1801,bu1801,1,1,12,12,0.08333333333333333,0.08333333333333333,single_contract,单一合约,1,1,0,0,Descriptive cluster only; it is not automatically classified as a notice-driven or causal policy event.,仅为描述性变更簇，不自动认定为公告驱动或因果政策事件。
v15_cluster_0007118,v15_cluster_0007118,20180111,20180111,BU,BU,Bitumen,石油沥青,Hedge-position margin ratio,套保持仓交易保证金比例,0.15,0.15,0.2,0.2,bu1801,bu1801,1,1,12,12,0.08333333333333333,0.08333333333333333,single_contract,单一合约,1,1,0,0,Descriptive cluster only; it is not automatically classified as a notice-driven or causal policy event.,仅为描述性变更簇，不自动认定为公告驱动或因果政策事件。
v15_cluster_0007148,v15_cluster_0007148,20180119,20180119,BU,BU,Bitumen,石油沥青,Price-limit ratio,涨跌停板幅度,0.12,0.12,0.06,0.06,bu1807,bu1807,1,1,12,12,0.08333333333333333,0.08333333333333333,single_contract,单一合约,0,0,0,0,Descriptive cluster only; it is not automatically classified as a notice-driven or causal policy event.,仅为描述性变更簇，不自动认定为公告驱动或因果政策事件。
v15_cluster_0007163,v15_cluster_0007163,20180201,20180201,BU,BU,Bitumen,石油沥青,General-position margin ratio,一般持仓交易保证金比例,0.08,0.08,0.1,0.1,bu1803,bu1803,1,1,12,12,0.08333333333333333,0.08333333333333333,single_contract,单一合约,0,0,0,0,Descriptive cluster only; it is not automatically classified as a notice-driven or causal policy event.,仅为描述性变更簇，不自动认定为公告驱动或因果政策事件。
v15_cluster_0007164,v15_cluster_0007164,20180201,20180201,BU,BU,Bitumen,石油沥青,General-position margin ratio,一般持仓交易保证金比例,0.1,0.1,0.15,0.15,bu1802,bu1802,1,1,12,12,0.08333333333333333,0.08333333333333333,single_contract,单一合约,1,1,0,0,Descriptive cluster only; it is not automatically classified as a notice-driven or causal policy event.,仅为描述性变更簇，不自动认定为公告驱动或因果政策事件。
v15_cluster_0007165,v15_cluster_0007165,20180201,20180201,BU,BU,Bitumen,石油沥青,Hedge-position margin ratio,套保持仓交易保证金比例,0.08,0.08,0.1,0.1,bu1803,bu1803,1,1,12,12,0.08333333333333333,0.08333333333333333,single_contract,单一合约,0,0,0,0,Descriptive cluster only; it is not automatically classified as a notice-driven or causal policy event.,仅为描述性变更簇，不自动认定为公告驱动或因果政策事件。
v15_cluster_0007166,v15_cluster_0007166,20180201,20180201,BU,BU,Bitumen,石油沥青,Hedge-position margin ratio,套保持仓交易保证金比例,0.1,0.1,0.15,0.15,bu1802,bu1802,1,1,12,12,0.08333333333333333,0.08333333333333333,single_contract,单一合约,1,1,0,0,Descriptive cluster only; it is not automatically classified as a notice-driven or causal policy event.,仅为描述性变更簇，不自动认定为公告驱动或因果政策事件。
v15_cluster_0007209,v15_cluster_0007209,20180207,20180207,BU,BU,Bitumen,石油沥青,General-position margin ratio,一般持仓交易保证金比例,0.15,0.15,0.2,0.2,bu1802,bu1802,1,1,12,12,0.08333333333333333,0.08333333333333333,single_contract,单一合约,1,1,0,0,Descriptive cluster only; it is not automatically classified as a notice-driven or causal policy event.,仅为描述性变更簇，不自动认定为公告驱动或因果政策事件。
v15_cluster_0007210,v15_cluster_0007210,20180207,20180207,BU,BU,Bitumen,石油沥青,Hedge-position margin ratio,套保持仓交易保证金比例,0.15,0.15,0.2,0.2,bu1802,bu1802,1,1,12,12,0.08333333333333333,0.08333333333333333,single_contract,单一合约,1,1,0,0,Descriptive cluster only; it is not automatically classified as a notice-driven or causal policy event.,仅为描述性变更簇，不自动认定为公告驱动或因果政策事件。
v15_cluster_0007242,v15_cluster_0007242,20180214,20180214,BU,BU,Bitumen,石油沥青,General-position margin ratio,一般持仓交易保证金比例,0.08,0.08,0.1,0.1,bu1804;bu1805;bu1806;bu1807;bu1808;bu1809;bu1812;bu1903;bu1906;bu1909;bu1912,bu1804;bu1805;bu1806;bu1807;bu1808;bu1809;bu1812;bu1903;bu1906;bu1909;bu1912,11,11,12,12,0.9166666666666666,0.9166666666666666,majority_of_active_contracts,覆盖当日多数活跃合约,0,0,0,0,Descriptive cluster only; it is not automatically classified as a notice-driven or causal policy event.,仅为描述性变更簇，不自动认定为公告驱动或因果政策事件。
v15_cluster_0007243,v15_cluster_0007243,20180214,20180214,BU,BU,Bitumen,石油沥青,Hedge-position margin ratio,套保持仓交易保证金比例,0.08,0.08,0.1,0.1,bu1804;bu1805;bu1806;bu1807;bu1808;bu1809;bu1812;bu1903;bu1906;bu1909;bu1912,bu1804;bu1805;bu1806;bu1807;bu1808;bu1809;bu1812;bu1903;bu1906;bu1909;bu1912,11,11,12,12,0.9166666666666666,0.9166666666666666,majority_of_active_contracts,覆盖当日多数活跃合约,0,0,0,0,Descriptive cluster only; it is not automatically classified as a notice-driven or causal policy event.,仅为描述性变更簇，不自动认定为公告驱动或因果政策事件。
v15_cluster_0007244,v15_cluster_0007244,20180214,20180214,BU,BU,Bitumen,石油沥青,Price-limit ratio,涨跌停板幅度,0.06,0.06,0.07,0.07,bu1803;bu1804;bu1805;bu1806;bu1807;bu1809;bu1812;bu1903;bu1906;bu1909;bu1912,bu1803;bu1804;bu1805;bu1806;bu1807;bu1809;bu1812;bu1903;bu1906;bu1909;bu1912,11,11,12,12,0.9166666666666666,0.9166666666666666,majority_of_active_contracts,覆盖当日多数活跃合约,1,1,0,0,Descriptive cluster only; it is not automatically classified as a notice-driven or causal policy event.,仅为描述性变更簇，不自动认定为公告驱动或因果政策事件。
v15_cluster_0007280,v15_cluster_0007280,20180222,20180222,BU,BU,Bitumen,石油沥青,Price-limit ratio,涨跌停板幅度,0.12,0.12,0.07,0.07,bu1808,bu1808,1,1,12,12,0.08333333333333333,0.08333333333333333,single_contract,单一合约,0,0,0,0,Descriptive cluster only; it is not automatically classified as a notice-driven or causal policy event.,仅为描述性变更簇，不自动认定为公告驱动或因果政策事件。
v15_cluster_0007292,v15_cluster_0007292,20180223,20180223,BU,BU,Bitumen,石油沥青,General-position margin ratio,一般持仓交易保证金比例,0.1,0.1,0.08,0.08,bu1804;bu1805;bu1806;bu1807;bu1808;bu1809;bu1812;bu1903;bu1906;bu1909;bu1912,bu1804;bu1805;bu1806;bu1807;bu1808;bu1809;bu1812;bu1903;bu1906;bu1909;bu1912,11,11,12,12,0.9166666666666666,0.9166666666666666,majority_of_active_contracts,覆盖当日多数活跃合约,0,0,0,0,Descriptive cluster only; it is not automatically classified as a notice-driven or causal policy event.,仅为描述性变更簇，不自动认定为公告驱动或因果政策事件。
v15_cluster_0007293,v15_cluster_0007293,20180223,20180223,BU,BU,Bitumen,石油沥青,Hedge-position margin ratio,套保持仓交易保证金比例,0.1,0.1,0.08,0.08,bu1804;bu1805;bu1806;bu1807;bu1808;bu1809;bu1812;bu1903;bu1906;bu1909;bu1912,bu1804;bu1805;bu1806;bu1807;bu1808;bu1809;bu1812;bu1903;bu1906;bu1909;bu1912,11,11,12,12,0.9166666666666666,0.9166666666666666,majority_of_active_contracts,覆盖当日多数活跃合约,0,0,0,0,Descriptive cluster only; it is not automatically classified as a notice-driven or causal policy event.,仅为描述性变更簇，不自动认定为公告驱动或因果政策事件。
v15_cluster_0007294,v15_cluster_0007294,20180223,20180223,BU,BU,Bitumen,石油沥青,Price-limit ratio,涨跌停板幅度,0.07,0.07,0.06,0.06,bu1803;bu1804;bu1805;bu1806;bu1807;bu1808;bu1809;bu1812;bu1903;bu1906;bu1909;bu1912,bu1803;bu1804;bu1805;bu1806;bu1807;bu1808;bu1809;bu1812;bu1903;bu1906;bu1909;bu1912,12,12,12,12,1.0,1.0,all_active_contracts,覆盖当日全部活跃合约,1,1,0,0,Descriptive cluster only; it is not automatically classified as a notice-driven or causal policy event.,仅为描述性变更簇，不自动认定为公告驱动或因果政策事件。
v15_cluster_0007348,v15_cluster_0007348,20180301,20180301,BU,BU,Bitumen,石油沥青,General-position margin ratio,一般持仓交易保证金比例,0.08,0.08,0.1,0.1,bu1804,bu1804,1,1,12,12,0.08333333333333333,0.08333333333333333,single_contract,单一合约,0,0,0,0,Descriptive cluster only; it is not automatically classified as a notice-driven or causal policy event.,仅为描述性变更簇，不自动认定为公告驱动或因果政策事件。
v15_cluster_0007349,v15_cluster_0007349,20180301,20180301,BU,BU,Bitumen,石油沥青,General-position margin ratio,一般持仓交易保证金比例,0.1,0.1,0.15,0.15,bu1803,bu1803,1,1,12,12,0.08333333333333333,0.08333333333333333,single_contract,单一合约,1,1,0,0,Descriptive cluster only; it is not automatically classified as a notice-driven or causal policy event.,仅为描述性变更簇，不自动认定为公告驱动或因果政策事件。
v15_cluster_0007350,v15_cluster_0007350,20180301,20180301,BU,BU,Bitumen,石油沥青,Hedge-position margin ratio,套保持仓交易保证金比例,0.08,0.08,0.1,0.1,bu1804,bu1804,1,1,12,12,0.08333333333333333,0.08333333333333333,single_contract,单一合约,0,0,0,0,Descriptive cluster only; it is not automatically classified as a notice-driven or causal policy event.,仅为描述性变更簇，不自动认定为公告驱动或因果政策事件。
v15_cluster_0007351,v15_cluster_0007351,20180301,20180301,BU,BU,Bitumen,石油沥青,Hedge-position margin ratio,套保持仓交易保证金比例,0.1,0.1,0.15,0.15,bu1803,bu1803,1,1,12,12,0.08333333333333333,0.08333333333333333,single_contract,单一合约,1,1,0,0,Descriptive cluster only; it is not automatically classified as a notice-driven or causal policy event.,仅为描述性变更簇，不自动认定为公告驱动或因果政策事件。
v15_cluster_0007400,v15_cluster_0007400,20180313,20180313,BU,BU,Bitumen,石油沥青,General-position margin ratio,一般持仓交易保证金比例,0.15,0.15,0.2,0.2,bu1803,bu1803,1,1,12,12,0.08333333333333333,0.08333333333333333,single_contract,单一合约,1,1,0,0,Descriptive cluster only; it is not automatically classified as a notice-driven or causal policy event.,仅为描述性变更簇，不自动认定为公告驱动或因果政策事件。
v15_cluster_0007401,v15_cluster_0007401,20180313,20180313,BU,BU,Bitumen,石油沥青,Hedge-position margin ratio,套保持仓交易保证金比例,0.15,0.15,0.2,0.2,bu1803,bu1803,1,1,12,12,0.08333333333333333,0.08333333333333333,single_contract,单一合约,1,1,0,0,Descriptive cluster only; it is not automatically classified as a notice-driven or causal policy event.,仅为描述性变更簇，不自动认定为公告驱动或因果政策事件。
v15_cluster_0007428,v15_cluster_0007428,20180321,20180321,BU,BU,Bitumen,石油沥青,Price-limit ratio,涨跌停板幅度,0.12,0.12,0.06,0.06,bu2003,bu2003,1,1,12,12,0.08333333333333333,0.08333333333333333,single_contract,单一合约,0,0,0,0,Descriptive cluster only; it is not automatically classified as a notice-driven or causal policy event.,仅为描述性变更簇，不自动认定为公告驱动或因果政策事件。
v15_cluster_0007466,v15_cluster_0007466,20180402,20180402,BU,BU,Bitumen,石油沥青,General-position margin ratio,一般持仓交易保证金比例,0.08,0.08,0.1,0.1,bu1805,bu1805,1,1,12,12,0.08333333333333333,0.08333333333333333,single_contract,单一合约,0,0,0,0,Descriptive cluster only; it is not automatically classified as a notice-driven or causal policy event.,仅为描述性变更簇，不自动认定为公告驱动或因果政策事件。
v15_cluster_0007467,v15_cluster_0007467,20180402,20180402,BU,BU,Bitumen,石油沥青,General-position margin ratio,一般持仓交易保证金比例,0.1,0.1,0.15,0.15,bu1804,bu1804,1,1,12,12,0.08333333333333333,0.08333333333333333,single_contract,单一合约,1,1,0,0,Descriptive cluster only; it is not automatically classified as a notice-driven or causal policy event.,仅为描述性变更簇，不自动认定为公告驱动或因果政策事件。
v15_cluster_0007468,v15_cluster_0007468,20180402,20180402,BU,BU,Bitumen,石油沥青,Hedge-position margin ratio,套保持仓交易保证金比例,0.08,0.08,0.1,0.1,bu1805,bu1805,1,1,12,12,0.08333333333333333,0.08333333333333333,single_contract,单一合约,0,0,0,0,Descriptive cluster only; it is not automatically classified as a notice-driven or causal policy event.,仅为描述性变更簇，不自动认定为公告驱动或因果政策事件。
v15_cluster_0007469,v15_cluster_0007469,20180402,20180402,BU,BU,Bitumen,石油沥青,Hedge-position margin ratio,套保持仓交易保证金比例,0.1,0.1,0.15,0.15,bu1804,bu1804,1,1,12,12,0.08333333333333333,0.08333333333333333,single_contract,单一合约,1,1,0,0,Descriptive cluster only; it is not automatically classified as a notice-driven or causal policy event.,仅为描述性变更簇，不自动认定为公告驱动或因果政策事件。
v15_cluster_0007516,v15_cluster_0007516,20180412,20180412,BU,BU,Bitumen,石油沥青,General-position margin ratio,一般持仓交易保证金比例,0.15,0.15,0.2,0.2,bu1804,bu1804,1,1,12,12,0.08333333333333333,0.08333333333333333,single_contract,单一合约,1,1,0,0,Descriptive cluster only; it is not automatically classified as a notice-driven or causal policy event.,仅为描述性变更簇，不自动认定为公告驱动或因果政策事件。
v15_cluster_0007517,v15_cluster_0007517,20180412,20180412,BU,BU,Bitumen,石油沥青,Hedge-position margin ratio,套保持仓交易保证金比例,0.15,0.15,0.2,0.2,bu1804,bu1804,1,1,12,12,0.08333333333333333,0.08333333333333333,single_contract,单一合约,1,1,0,0,Descriptive cluster only; it is not automatically classified as a notice-driven or causal policy event.,仅为描述性变更簇，不自动认定为公告驱动或因果政策事件。
v15_cluster_0007541,v15_cluster_0007541,20180418,20180418,BU,BU,Bitumen,石油沥青,Price-limit ratio,涨跌停板幅度,0.12,0.12,0.06,0.06,bu1810,bu1810,1,1,12,12,0.08333333333333333,0.08333333333333333,single_contract,单一合约,0,0,0,0,Descriptive cluster only; it is not automatically classified as a notice-driven or causal policy event.,仅为描述性变更簇，不自动认定为公告驱动或因果政策事件。
v15_cluster_0007574,v15_cluster_0007574,20180502,20180502,BU,BU,Bitumen,石油沥青,General-position margin ratio,一般持仓交易保证金比例,0.08,0.08,0.1,0.1,bu1806,bu1806,1,1,12,12,0.08333333333333333,0.08333333333333333,single_contract,单一合约,0,0,0,0,Descriptive cluster only; it is not automatically classified as a notice-driven or causal policy event.,仅为描述性变更簇，不自动认定为公告驱动或因果政策事件。
v15_cluster_0007575,v15_cluster_0007575,20180502,20180502,BU,BU,Bitumen,石油沥青,General-position margin ratio,一般持仓交易保证金比例,0.1,0.1,0.15,0.15,bu1805,bu1805,1,1,12,12,0.08333333333333333,0.08333333333333333,single_contract,单一合约,1,1,0,0,Descriptive cluster only; it is not automatically classified as a notice-driven or causal policy event.,仅为描述性变更簇，不自动认定为公告驱动或因果政策事件。
v15_cluster_0007576,v15_cluster_0007576,20180502,20180502,BU,BU,Bitumen,石油沥青,Hedge-position margin ratio,套保持仓交易保证金比例,0.08,0.08,0.1,0.1,bu1806,bu1806,1,1,12,12,0.08333333333333333,0.08333333333333333,single_contract,单一合约,0,0,0,0,Descriptive cluster only; it is not automatically classified as a notice-driven or causal policy event.,仅为描述性变更簇，不自动认定为公告驱动或因果政策事件。
v15_cluster_0007577,v15_cluster_0007577,20180502,20180502,BU,BU,Bitumen,石油沥青,Hedge-position margin ratio,套保持仓交易保证金比例,0.1,0.1,0.15,0.15,bu1805,bu1805,1,1,12,12,0.08333333333333333,0.08333333333333333,single_contract,单一合约,1,1,0,0,Descriptive cluster only; it is not automatically classified as a notice-driven or causal policy event.,仅为描述性变更簇，不自动认定为公告驱动或因果政策事件。
v15_cluster_0007619,v15_cluster_0007619,20180511,20180511,BU,BU,Bitumen,石油沥青,General-position margin ratio,一般持仓交易保证金比例,0.15,0.15,0.2,0.2,bu1805,bu1805,1,1,12,12,0.08333333333333333,0.08333333333333333,single_contract,单一合约,1,1,0,0,Descriptive cluster only; it is not automatically classified as a notice-driven or causal policy event.,仅为描述性变更簇，不自动认定为公告驱动或因果政策事件。
v15_cluster_0007620,v15_cluster_0007620,20180511,20180511,BU,BU,Bitumen,石油沥青,Hedge-position margin ratio,套保持仓交易保证金比例,0.15,0.15,0.2,0.2,bu1805,bu1805,1,1,12,12,0.08333333333333333,0.08333333333333333,single_contract,单一合约,1,1,0,0,Descriptive cluster only; it is not automatically classified as a notice-driven or causal policy event.,仅为描述性变更簇，不自动认定为公告驱动或因果政策事件。
v15_cluster_0007649,v15_cluster_0007649,20180521,20180521,BU,BU,Bitumen,石油沥青,General-position margin ratio,一般持仓交易保证金比例,0.08,0.08,0.11,0.11,bu1812,bu1812,1,1,12,12,0.08333333333333333,0.08333333333333333,single_contract,单一合约,0,0,0,0,Descriptive cluster only; it is not automatically classified as a notice-driven or causal policy event.,仅为描述性变更簇，不自动认定为公告驱动或因果政策事件。
v15_cluster_0007650,v15_cluster_0007650,20180521,20180521,BU,BU,Bitumen,石油沥青,General-position margin ratio,一般持仓交易保证金比例,0.1,0.1,0.11,0.11,bu1806,bu1806,1,1,12,12,0.08333333333333333,0.08333333333333333,single_contract,单一合约,1,1,0,0,Descriptive cluster only; it is not automatically classified as a notice-driven or causal policy event.,仅为描述性变更簇，不自动认定为公告驱动或因果政策事件。
v15_cluster_0007651,v15_cluster_0007651,20180521,20180521,BU,BU,Bitumen,石油沥青,Hedge-position margin ratio,套保持仓交易保证金比例,0.08,0.08,0.11,0.11,bu1812,bu1812,1,1,12,12,0.08333333333333333,0.08333333333333333,single_contract,单一合约,0,0,0,0,Descriptive cluster only; it is not automatically classified as a notice-driven or causal policy event.,仅为描述性变更簇，不自动认定为公告驱动或因果政策事件。
v15_cluster_0007652,v15_cluster_0007652,20180521,20180521,BU,BU,Bitumen,石油沥青,Hedge-position margin ratio,套保持仓交易保证金比例,0.1,0.1,0.11,0.11,bu1806,bu1806,1,1,12,12,0.08333333333333333,0.08333333333333333,single_contract,单一合约,1,1,0,0,Descriptive cluster only; it is not automatically classified as a notice-driven or causal policy event.,仅为描述性变更簇，不自动认定为公告驱动或因果政策事件。
v15_cluster_0007653,v15_cluster_0007653,20180521,20180521,BU,BU,Bitumen,石油沥青,Price-limit ratio,涨跌停板幅度,0.06,0.06,0.09,0.09,bu1806;bu1812,bu1806;bu1812,2,2,12,12,0.16666666666666666,0.16666666666666666,multiple_contracts_partial,覆盖多个但非多数合约,1,1,0,0,Descriptive cluster only; it is not automatically classified as a notice-driven or causal policy event.,仅为描述性变更簇，不自动认定为公告驱动或因果政策事件。
v15_cluster_0007656,v15_cluster_0007656,20180522,20180522,BU,BU,Bitumen,石油沥青,General-position margin ratio,一般持仓交易保证金比例,0.11,0.11,0.08,0.08,bu1812,bu1812,1,1,12,12,0.08333333333333333,0.08333333333333333,single_contract,单一合约,0,0,0,0,Descriptive cluster only; it is not automatically classified as a notice-driven or causal policy event.,仅为描述性变更簇，不自动认定为公告驱动或因果政策事件。
v15_cluster_0007657,v15_cluster_0007657,20180522,20180522,BU,BU,Bitumen,石油沥青,General-position margin ratio,一般持仓交易保证金比例,0.11,0.11,0.1,0.1,bu1806,bu1806,1,1,12,12,0.08333333333333333,0.08333333333333333,single_contract,单一合约,1,1,0,0,Descriptive cluster only; it is not automatically classified as a notice-driven or causal policy event.,仅为描述性变更簇，不自动认定为公告驱动或因果政策事件。
v15_cluster_0007658,v15_cluster_0007658,20180522,20180522,BU,BU,Bitumen,石油沥青,Hedge-position margin ratio,套保持仓交易保证金比例,0.11,0.11,0.08,0.08,bu1812,bu1812,1,1,12,12,0.08333333333333333,0.08333333333333333,single_contract,单一合约,0,0,0,0,Descriptive cluster only; it is not automatically classified as a notice-driven or causal policy event.,仅为描述性变更簇，不自动认定为公告驱动或因果政策事件。
v15_cluster_0007659,v15_cluster_0007659,20180522,20180522,BU,BU,Bitumen,石油沥青,Hedge-position margin ratio,套保持仓交易保证金比例,0.11,0.11,0.1,0.1,bu1806,bu1806,1,1,12,12,0.08333333333333333,0.08333333333333333,single_contract,单一合约,1,1,0,0,Descriptive cluster only; it is not automatically classified as a notice-driven or causal policy event.,仅为描述性变更簇，不自动认定为公告驱动或因果政策事件。
v15_cluster_0007660,v15_cluster_0007660,20180522,20180522,BU,BU,Bitumen,石油沥青,Price-limit ratio,涨跌停板幅度,0.09,0.09,0.06,0.06,bu1806;bu1812,bu1806;bu1812,2,2,12,12,0.16666666666666666,0.16666666666666666,multiple_contracts_partial,覆盖多个但非多数合约,1,1,0,0,Descriptive cluster only; it is not automatically classified as a notice-driven or causal policy event.,仅为描述性变更簇，不自动认定为公告驱动或因果政策事件。
v15_cluster_0007665,v15_cluster_0007665,20180524,20180524,BU,BU,Bitumen,石油沥青,Price-limit ratio,涨跌停板幅度,0.12,0.12,0.06,0.06,bu1811,bu1811,1,1,12,12,0.08333333333333333,0.08333333333333333,single_contract,单一合约,0,0,0,0,Descriptive cluster only; it is not automatically classified as a notice-driven or causal policy event.,仅为描述性变更簇，不自动认定为公告驱动或因果政策事件。
v15_cluster_0007683,v15_cluster_0007683,20180601,20180601,BU,BU,Bitumen,石油沥青,General-position margin ratio,一般持仓交易保证金比例,0.08,0.08,0.1,0.1,bu1807,bu1807,1,1,12,12,0.08333333333333333,0.08333333333333333,single_contract,单一合约,0,0,0,0,Descriptive cluster only; it is not automatically classified as a notice-driven or causal policy event.,仅为描述性变更簇，不自动认定为公告驱动或因果政策事件。
v15_cluster_0007684,v15_cluster_0007684,20180601,20180601,BU,BU,Bitumen,石油沥青,General-position margin ratio,一般持仓交易保证金比例,0.1,0.1,0.15,0.15,bu1806,bu1806,1,1,12,12,0.08333333333333333,0.08333333333333333,single_contract,单一合约,1,1,0,0,Descriptive cluster only; it is not automatically classified as a notice-driven or causal policy event.,仅为描述性变更簇，不自动认定为公告驱动或因果政策事件。
v15_cluster_0007685,v15_cluster_0007685,20180601,20180601,BU,BU,Bitumen,石油沥青,Hedge-position margin ratio,套保持仓交易保证金比例,0.08,0.08,0.1,0.1,bu1807,bu1807,1,1,12,12,0.08333333333333333,0.08333333333333333,single_contract,单一合约,0,0,0,0,Descriptive cluster only; it is not automatically classified as a notice-driven or causal policy event.,仅为描述性变更簇，不自动认定为公告驱动或因果政策事件。
v15_cluster_0007686,v15_cluster_0007686,20180601,20180601,BU,BU,Bitumen,石油沥青,Hedge-position margin ratio,套保持仓交易保证金比例,0.1,0.1,0.15,0.15,bu1806,bu1806,1,1,12,12,0.08333333333333333,0.08333333333333333,single_contract,单一合约,1,1,0,0,Descriptive cluster only; it is not automatically classified as a notice-driven or causal policy event.,仅为描述性变更簇，不自动认定为公告驱动或因果政策事件。
v15_cluster_0007727,v15_cluster_0007727,20180613,20180613,BU,BU,Bitumen,石油沥青,General-position margin ratio,一般持仓交易保证金比例,0.15,0.15,0.2,0.2,bu1806,bu1806,1,1,12,12,0.08333333333333333,0.08333333333333333,single_contract,单一合约,1,1,0,0,Descriptive cluster only; it is not automatically classified as a notice-driven or causal policy event.,仅为描述性变更簇，不自动认定为公告驱动或因果政策事件。
v15_cluster_0007728,v15_cluster_0007728,20180613,20180613,BU,BU,Bitumen,石油沥青,Hedge-position margin ratio,套保持仓交易保证金比例,0.15,0.15,0.2,0.2,bu1806,bu1806,1,1,12,12,0.08333333333333333,0.08333333333333333,single_contract,单一合约,1,1,0,0,Descriptive cluster only; it is not automatically classified as a notice-driven or causal policy event.,仅为描述性变更簇，不自动认定为公告驱动或因果政策事件。
v15_cluster_0007748,v15_cluster_0007748,20180620,20180620,BU,BU,Bitumen,石油沥青,Price-limit ratio,涨跌停板幅度,0.12,0.12,0.06,0.06,bu2006,bu2006,1,1,12,12,0.08333333333333333,0.08333333333333333,single_contract,单一合约,0,0,0,0,Descriptive cluster only; it is not automatically classified as a notice-driven or causal policy event.,仅为描述性变更簇，不自动认定为公告驱动或因果政策事件。
v15_cluster_0007775,v15_cluster_0007775,20180702,20180702,BU,BU,Bitumen,石油沥青,General-position margin ratio,一般持仓交易保证金比例,0.08,0.08,0.1,0.1,bu1808,bu1808,1,1,12,12,0.08333333333333333,0.08333333333333333,single_contract,单一合约,0,0,0,0,Descriptive cluster only; it is not automatically classified as a notice-driven or causal policy event.,仅为描述性变更簇，不自动认定为公告驱动或因果政策事件。
v15_cluster_0007776,v15_cluster_0007776,20180702,20180702,BU,BU,Bitumen,石油沥青,General-position margin ratio,一般持仓交易保证金比例,0.1,0.1,0.15,0.15,bu1807,bu1807,1,1,12,12,0.08333333333333333,0.08333333333333333,single_contract,单一合约,1,1,0,0,Descriptive cluster only; it is not automatically classified as a notice-driven or causal policy event.,仅为描述性变更簇，不自动认定为公告驱动或因果政策事件。
v15_cluster_0007777,v15_cluster_0007777,20180702,20180702,BU,BU,Bitumen,石油沥青,Hedge-position margin ratio,套保持仓交易保证金比例,0.08,0.08,0.1,0.1,bu1808,bu1808,1,1,12,12,0.08333333333333333,0.08333333333333333,single_contract,单一合约,0,0,0,0,Descriptive cluster only; it is not automatically classified as a notice-driven or causal policy event.,仅为描述性变更簇，不自动认定为公告驱动或因果政策事件。
v15_cluster_0007778,v15_cluster_0007778,20180702,20180702,BU,BU,Bitumen,石油沥青,Hedge-position margin ratio,套保持仓交易保证金比例,0.1,0.1,0.15,0.15,bu1807,bu1807,1,1,12,12,0.08333333333333333,0.08333333333333333,single_contract,单一合约,1,1,0,0,Descriptive cluster only; it is not automatically classified as a notice-driven or causal policy event.,仅为描述性变更簇，不自动认定为公告驱动或因果政策事件。
v15_cluster_0007823,v15_cluster_0007823,20180712,20180712,BU,BU,Bitumen,石油沥青,General-position margin ratio,一般持仓交易保证金比例,0.15,0.15,0.2,0.2,bu1807,bu1807,1,1,12,12,0.08333333333333333,0.08333333333333333,single_contract,单一合约,1,1,0,0,Descriptive cluster only; it is not automatically classified as a notice-driven or causal policy event.,仅为描述性变更簇，不自动认定为公告驱动或因果政策事件。
v15_cluster_0007824,v15_cluster_0007824,20180712,20180712,BU,BU,Bitumen,石油沥青,Hedge-position margin ratio,套保持仓交易保证金比例,0.15,0.15,0.2,0.2,bu1807,bu1807,1,1,12,12,0.08333333333333333,0.08333333333333333,single_contract,单一合约,1,1,0,0,Descriptive cluster only; it is not automatically classified as a notice-driven or causal policy event.,仅为描述性变更簇，不自动认定为公告驱动或因果政策事件。
v15_cluster_0007853,v15_cluster_0007853,20180718,20180718,BU,BU,Bitumen,石油沥青,Price-limit ratio,涨跌停板幅度,0.12,0.12,0.06,0.06,bu1901,bu1901,1,1,12,12,0.08333333333333333,0.08333333333333333,single_contract,单一合约,0,0,0,0,Descriptive cluster only; it is not automatically classified as a notice-driven or causal policy event.,仅为描述性变更簇，不自动认定为公告驱动或因果政策事件。
v15_cluster_0007885,v15_cluster_0007885,20180801,20180801,BU,BU,Bitumen,石油沥青,General-position margin ratio,一般持仓交易保证金比例,0.08,0.08,0.1,0.1,bu1809,bu1809,1,1,12,12,0.08333333333333333,0.08333333333333333,single_contract,单一合约,0,0,0,0,Descriptive cluster only; it is not automatically classified as a notice-driven or causal policy event.,仅为描述性变更簇，不自动认定为公告驱动或因果政策事件。
v15_cluster_0007886,v15_cluster_0007886,20180801,20180801,BU,BU,Bitumen,石油沥青,General-position margin ratio,一般持仓交易保证金比例,0.1,0.1,0.15,0.15,bu1808,bu1808,1,1,12,12,0.08333333333333333,0.08333333333333333,single_contract,单一合约,1,1,0,0,Descriptive cluster only; it is not automatically classified as a notice-driven or causal policy event.,仅为描述性变更簇，不自动认定为公告驱动或因果政策事件。
v15_cluster_0007887,v15_cluster_0007887,20180801,20180801,BU,BU,Bitumen,石油沥青,Hedge-position margin ratio,套保持仓交易保证金比例,0.08,0.08,0.1,0.1,bu1809,bu1809,1,1,12,12,0.08333333333333333,0.08333333333333333,single_contract,单一合约,0,0,0,0,Descriptive cluster only; it is not automatically classified as a notice-driven or causal policy event.,仅为描述性变更簇，不自动认定为公告驱动或因果政策事件。
v15_cluster_0007888,v15_cluster_0007888,20180801,20180801,BU,BU,Bitumen,石油沥青,Hedge-position margin ratio,套保持仓交易保证金比例,0.1,0.1,0.15,0.15,bu1808,bu1808,1,1,12,12,0.08333333333333333,0.08333333333333333,single_contract,单一合约,1,1,0,0,Descriptive cluster only; it is not automatically classified as a notice-driven or causal policy event.,仅为描述性变更簇，不自动认定为公告驱动或因果政策事件。
v15_cluster_0007928,v15_cluster_0007928,20180813,20180813,BU,BU,Bitumen,石油沥青,General-position margin ratio,一般持仓交易保证金比例,0.15,0.15,0.2,0.2,bu1808,bu1808,1,1,12,12,0.08333333333333333,0.08333333333333333,single_contract,单一合约,1,1,0,0,Descriptive cluster only; it is not automatically classified as a notice-driven or causal policy event.,仅为描述性变更簇，不自动认定为公告驱动或因果政策事件。
v15_cluster_0007929,v15_cluster_0007929,20180813,20180813,BU,BU,Bitumen,石油沥青,Hedge-position margin ratio,套保持仓交易保证金比例,0.15,0.15,0.2,0.2,bu1808,bu1808,1,1,12,12,0.08333333333333333,0.08333333333333333,single_contract,单一合约,1,1,0,0,Descriptive cluster only; it is not automatically classified as a notice-driven or causal policy event.,仅为描述性变更簇，不自动认定为公告驱动或因果政策事件。
v15_cluster_0007966,v15_cluster_0007966,20180824,20180824,BU,BU,Bitumen,石油沥青,Price-limit ratio,涨跌停板幅度,0.12,0.12,0.06,0.06,bu1902,bu1902,1,1,12,12,0.08333333333333333,0.08333333333333333,single_contract,单一合约,0,0,0,0,Descriptive cluster only; it is not automatically classified as a notice-driven or causal policy event.,仅为描述性变更簇，不自动认定为公告驱动或因果政策事件。
v15_cluster_0007983,v15_cluster_0007983,20180903,20180903,BU,BU,Bitumen,石油沥青,General-position margin ratio,一般持仓交易保证金比例,0.08,0.08,0.1,0.1,bu1810,bu1810,1,1,12,12,0.08333333333333333,0.08333333333333333,single_contract,单一合约,0,0,0,0,Descriptive cluster only; it is not automatically classified as a notice-driven or causal policy event.,仅为描述性变更簇，不自动认定为公告驱动或因果政策事件。
v15_cluster_0007984,v15_cluster_0007984,20180903,20180903,BU,BU,Bitumen,石油沥青,General-position margin ratio,一般持仓交易保证金比例,0.1,0.1,0.15,0.15,bu1809,bu1809,1,1,12,12,0.08333333333333333,0.08333333333333333,single_contract,单一合约,1,1,0,0,Descriptive cluster only; it is not automatically classified as a notice-driven or causal policy event.,仅为描述性变更簇，不自动认定为公告驱动或因果政策事件。
v15_cluster_0007985,v15_cluster_0007985,20180903,20180903,BU,BU,Bitumen,石油沥青,Hedge-position margin ratio,套保持仓交易保证金比例,0.08,0.08,0.1,0.1,bu1810,bu1810,1,1,12,12,0.08333333333333333,0.08333333333333333,single_contract,单一合约,0,0,0,0,Descriptive cluster only; it is not automatically classified as a notice-driven or causal policy event.,仅为描述性变更簇，不自动认定为公告驱动或因果政策事件。
v15_cluster_0007986,v15_cluster_0007986,20180903,20180903,BU,BU,Bitumen,石油沥青,Hedge-position margin ratio,套保持仓交易保证金比例,0.1,0.1,0.15,0.15,bu1809,bu1809,1,1,12,12,0.08333333333333333,0.08333333333333333,single_contract,单一合约,1,1,0,0,Descriptive cluster only; it is not automatically classified as a notice-driven or causal policy event.,仅为描述性变更簇，不自动认定为公告驱动或因果政策事件。
v15_cluster_0008024,v15_cluster_0008024,20180911,20180911,BU,BU,Bitumen,石油沥青,General-position margin ratio,一般持仓交易保证金比例,0.08,0.08,0.11,0.11,bu1811,bu1811,1,1,12,12,0.08333333333333333,0.08333333333333333,single_contract,单一合约,0,0,0,0,Descriptive cluster only; it is not automatically classified as a notice-driven or causal policy event.,仅为描述性变更簇，不自动认定为公告驱动或因果政策事件。
v15_cluster_0008025,v15_cluster_0008025,20180911,20180911,BU,BU,Bitumen,石油沥青,Hedge-position margin ratio,套保持仓交易保证金比例,0.08,0.08,0.11,0.11,bu1811,bu1811,1,1,12,12,0.08333333333333333,0.08333333333333333,single_contract,单一合约,0,0,0,0,Descriptive cluster only; it is not automatically classified as a notice-driven or causal policy event.,仅为描述性变更簇，不自动认定为公告驱动或因果政策事件。
v15_cluster_0008026,v15_cluster_0008026,20180911,20180911,BU,BU,Bitumen,石油沥青,Price-limit ratio,涨跌停板幅度,0.06,0.06,0.09,0.09,bu1811,bu1811,1,1,12,12,0.08333333333333333,0.08333333333333333,single_contract,单一合约,0,0,0,0,Descriptive cluster only; it is not automatically classified as a notice-driven or causal policy event.,仅为描述性变更簇，不自动认定为公告驱动或因果政策事件。
v15_cluster_0008031,v15_cluster_0008031,20180912,20180912,BU,BU,Bitumen,石油沥青,General-position margin ratio,一般持仓交易保证金比例,0.11,0.11,0.08,0.08,bu1811,bu1811,1,1,12,12,0.08333333333333333,0.08333333333333333,single_contract,单一合约,0,0,0,0,Descriptive cluster only; it is not automatically classified as a notice-driven or causal policy event.,仅为描述性变更簇，不自动认定为公告驱动或因果政策事件。
v15_cluster_0008032,v15_cluster_0008032,20180912,20180912,BU,BU,Bitumen,石油沥青,Hedge-position margin ratio,套保持仓交易保证金比例,0.11,0.11,0.08,0.08,bu1811,bu1811,1,1,12,12,0.08333333333333333,0.08333333333333333,single_contract,单一合约,0,0,0,0,Descriptive cluster only; it is not automatically classified as a notice-driven or causal policy event.,仅为描述性变更簇，不自动认定为公告驱动或因果政策事件。
v15_cluster_0008033,v15_cluster_0008033,20180912,20180912,BU,BU,Bitumen,石油沥青,Price-limit ratio,涨跌停板幅度,0.09,0.09,0.06,0.06,bu1811,bu1811,1,1,12,12,0.08333333333333333,0.08333333333333333,single_contract,单一合约,0,0,0,0,Descriptive cluster only; it is not automatically classified as a notice-driven or causal policy event.,仅为描述性变更簇，不自动认定为公告驱动或因果政策事件。
v15_cluster_0008040,v15_cluster_0008040,20180913,20180913,BU,BU,Bitumen,石油沥青,General-position margin ratio,一般持仓交易保证金比例,0.15,0.15,0.2,0.2,bu1809,bu1809,1,1,12,12,0.08333333333333333,0.08333333333333333,single_contract,单一合约,1,1,0,0,Descriptive cluster only; it is not automatically classified as a notice-driven or causal policy event.,仅为描述性变更簇，不自动认定为公告驱动或因果政策事件。
v15_cluster_0008041,v15_cluster_0008041,20180913,20180913,BU,BU,Bitumen,石油沥青,Hedge-position margin ratio,套保持仓交易保证金比例,0.15,0.15,0.2,0.2,bu1809,bu1809,1,1,12,12,0.08333333333333333,0.08333333333333333,single_contract,单一合约,1,1,0,0,Descriptive cluster only; it is not automatically classified as a notice-driven or causal policy event.,仅为描述性变更簇，不自动认定为公告驱动或因果政策事件。
v15_cluster_0008059,v15_cluster_0008059,20180919,20180919,BU,BU,Bitumen,石油沥青,Price-limit ratio,涨跌停板幅度,0.12,0.12,0.06,0.06,bu2009,bu2009,1,1,12,12,0.08333333333333333,0.08333333333333333,single_contract,单一合约,0,0,0,0,Descriptive cluster only; it is not automatically classified as a notice-driven or causal policy event.,仅为描述性变更簇，不自动认定为公告驱动或因果政策事件。
v15_cluster_0008084,v15_cluster_0008084,20180928,20180928,BU,BU,Bitumen,石油沥青,General-position margin ratio,一般持仓交易保证金比例,0.08,0.08,0.1,0.1,bu1811;bu1812;bu1901;bu1902;bu1903;bu1906;bu1909;bu1912;bu2003;bu2006;bu2009,bu1811;bu1812;bu1901;bu1902;bu1903;bu1906;bu1909;bu1912;bu2003;bu2006;bu2009,11,11,12,12,0.9166666666666666,0.9166666666666666,majority_of_active_contracts,覆盖当日多数活跃合约,0,0,0,0,Descriptive cluster only; it is not automatically classified as a notice-driven or causal policy event.,仅为描述性变更簇，不自动认定为公告驱动或因果政策事件。
v15_cluster_0008085,v15_cluster_0008085,20180928,20180928,BU,BU,Bitumen,石油沥青,Hedge-position margin ratio,套保持仓交易保证金比例,0.08,0.08,0.1,0.1,bu1811;bu1812;bu1901;bu1902;bu1903;bu1906;bu1909;bu1912;bu2003;bu2006;bu2009,bu1811;bu1812;bu1901;bu1902;bu1903;bu1906;bu1909;bu1912;bu2003;bu2006;bu2009,11,11,12,12,0.9166666666666666,0.9166666666666666,majority_of_active_contracts,覆盖当日多数活跃合约,0,0,0,0,Descriptive cluster only; it is not automatically classified as a notice-driven or causal policy event.,仅为描述性变更簇，不自动认定为公告驱动或因果政策事件。
v15_cluster_0008086,v15_cluster_0008086,20180928,20180928,BU,BU,Bitumen,石油沥青,Price-limit ratio,涨跌停板幅度,0.06,0.06,0.08,0.08,bu1810;bu1811;bu1812;bu1901;bu1902;bu1903;bu1906;bu1909;bu1912;bu2003;bu2006;bu2009,bu1810;bu1811;bu1812;bu1901;bu1902;bu1903;bu1906;bu1909;bu1912;bu2003;bu2006;bu2009,12,12,12,12,1.0,1.0,all_active_contracts,覆盖当日全部活跃合约,1,1,0,0,Descriptive cluster only; it is not automatically classified as a notice-driven or causal policy event.,仅为描述性变更簇，不自动认定为公告驱动或因果政策事件。
v15_cluster_0008130,v15_cluster_0008130,20181008,20181008,BU,BU,Bitumen,石油沥青,General-position margin ratio,一般持仓交易保证金比例,0.1,0.1,0.15,0.15,bu1810,bu1810,1,1,12,12,0.08333333333333333,0.08333333333333333,single_contract,单一合约,1,1,0,0,Descriptive cluster only; it is not automatically classified as a notice-driven or causal policy event.,仅为描述性变更簇，不自动认定为公告驱动或因果政策事件。
v15_cluster_0008131,v15_cluster_0008131,20181008,20181008,BU,BU,Bitumen,石油沥青,Hedge-position margin ratio,套保持仓交易保证金比例,0.1,0.1,0.15,0.15,bu1810,bu1810,1,1,12,12,0.08333333333333333,0.08333333333333333,single_contract,单一合约,1,1,0,0,Descriptive cluster only; it is not automatically classified as a notice-driven or causal policy event.,仅为描述性变更簇，不自动认定为公告驱动或因果政策事件。
v15_cluster_0008163,v15_cluster_0008163,20181009,20181009,BU,BU,Bitumen,石油沥青,General-position margin ratio,一般持仓交易保证金比例,0.1,0.1,0.08,0.08,bu1812;bu1901;bu1902;bu1903;bu1906;bu1909;bu1912;bu2003;bu2006;bu2009,bu1812;bu1901;bu1902;bu1903;bu1906;bu1909;bu1912;bu2003;bu2006;bu2009,10,10,12,12,0.8333333333333334,0.8333333333333334,majority_of_active_contracts,覆盖当日多数活跃合约,0,0,0,0,Descriptive cluster only; it is not automatically classified as a notice-driven or causal policy event.,仅为描述性变更簇，不自动认定为公告驱动或因果政策事件。
v15_cluster_0008164,v15_cluster_0008164,20181009,20181009,BU,BU,Bitumen,石油沥青,Hedge-position margin ratio,套保持仓交易保证金比例,0.1,0.1,0.08,0.08,bu1812;bu1901;bu1902;bu1903;bu1906;bu1909;bu1912;bu2003;bu2006;bu2009,bu1812;bu1901;bu1902;bu1903;bu1906;bu1909;bu1912;bu2003;bu2006;bu2009,10,10,12,12,0.8333333333333334,0.8333333333333334,majority_of_active_contracts,覆盖当日多数活跃合约,0,0,0,0,Descriptive cluster only; it is not automatically classified as a notice-driven or causal policy event.,仅为描述性变更簇，不自动认定为公告驱动或因果政策事件。
v15_cluster_0008165,v15_cluster_0008165,20181009,20181009,BU,BU,Bitumen,石油沥青,Price-limit ratio,涨跌停板幅度,0.08,0.08,0.06,0.06,bu1810;bu1811;bu1812;bu1901;bu1902;bu1903;bu1906;bu1909;bu1912;bu2003;bu2006;bu2009,bu1810;bu1811;bu1812;bu1901;bu1902;bu1903;bu1906;bu1909;bu1912;bu2003;bu2006;bu2009,12,12,12,12,1.0,1.0,all_active_contracts,覆盖当日全部活跃合约,1,1,0,0,Descriptive cluster only; it is not automatically classified as a notice-driven or causal policy event.,仅为描述性变更簇，不自动认定为公告驱动或因果政策事件。
v15_cluster_0008207,v15_cluster_0008207,20181011,20181011,BU,BU,Bitumen,石油沥青,General-position margin ratio,一般持仓交易保证金比例,0.15,0.15,0.2,0.2,bu1810,bu1810,1,1,12,12,0.08333333333333333,0.08333333333333333,single_contract,单一合约,1,1,0,0,Descriptive cluster only; it is not automatically classified as a notice-driven or causal policy event.,仅为描述性变更簇，不自动认定为公告驱动或因果政策事件。
v15_cluster_0008208,v15_cluster_0008208,20181011,20181011,BU,BU,Bitumen,石油沥青,Hedge-position margin ratio,套保持仓交易保证金比例,0.15,0.15,0.2,0.2,bu1810,bu1810,1,1,12,12,0.08333333333333333,0.08333333333333333,single_contract,单一合约,1,1,0,0,Descriptive cluster only; it is not automatically classified as a notice-driven or causal policy event.,仅为描述性变更簇，不自动认定为公告驱动或因果政策事件。
v15_cluster_0008243,v15_cluster_0008243,20181022,20181022,BU,BU,Bitumen,石油沥青,Price-limit ratio,涨跌停板幅度,0.12,0.12,0.06,0.06,bu1904,bu1904,1,1,12,12,0.08333333333333333,0.08333333333333333,single_contract,单一合约,0,0,0,0,Descriptive cluster only; it is not automatically classified as a notice-driven or causal policy event.,仅为描述性变更簇，不自动认定为公告驱动或因果政策事件。
v15_cluster_0008272,v15_cluster_0008272,20181101,20181101,BU,BU,Bitumen,石油沥青,General-position margin ratio,一般持仓交易保证金比例,0.08,0.08,0.1,0.1,bu1812,bu1812,1,1,12,12,0.08333333333333333,0.08333333333333333,single_contract,单一合约,0,0,0,0,Descriptive cluster only; it is not automatically classified as a notice-driven or causal policy event.,仅为描述性变更簇，不自动认定为公告驱动或因果政策事件。
v15_cluster_0008273,v15_cluster_0008273,20181101,20181101,BU,BU,Bitumen,石油沥青,General-position margin ratio,一般持仓交易保证金比例,0.1,0.1,0.15,0.15,bu1811,bu1811,1,1,12,12,0.08333333333333333,0.08333333333333333,single_contract,单一合约,1,1,0,0,Descriptive cluster only; it is not automatically classified as a notice-driven or causal policy event.,仅为描述性变更簇，不自动认定为公告驱动或因果政策事件。
v15_cluster_0008274,v15_cluster_0008274,20181101,20181101,BU,BU,Bitumen,石油沥青,Hedge-position margin ratio,套保持仓交易保证金比例,0.08,0.08,0.1,0.1,bu1812,bu1812,1,1,12,12,0.08333333333333333,0.08333333333333333,single_contract,单一合约,0,0,0,0,Descriptive cluster only; it is not automatically classified as a notice-driven or causal policy event.,仅为描述性变更簇，不自动认定为公告驱动或因果政策事件。
v15_cluster_0008275,v15_cluster_0008275,20181101,20181101,BU,BU,Bitumen,石油沥青,Hedge-position margin ratio,套保持仓交易保证金比例,0.1,0.1,0.15,0.15,bu1811,bu1811,1,1,12,12,0.08333333333333333,0.08333333333333333,single_contract,单一合约,1,1,0,0,Descriptive cluster only; it is not automatically classified as a notice-driven or causal policy event.,仅为描述性变更簇，不自动认定为公告驱动或因果政策事件。
v15_cluster_0008319,v15_cluster_0008319,20181113,20181113,BU,BU,Bitumen,石油沥青,General-position margin ratio,一般持仓交易保证金比例,0.15,0.15,0.2,0.2,bu1811,bu1811,1,1,12,12,0.08333333333333333,0.08333333333333333,single_contract,单一合约,1,1,0,0,Descriptive cluster only; it is not automatically classified as a notice-driven or causal policy event.,仅为描述性变更簇，不自动认定为公告驱动或因果政策事件。
v15_cluster_0008320,v15_cluster_0008320,20181113,20181113,BU,BU,Bitumen,石油沥青,Hedge-position margin ratio,套保持仓交易保证金比例,0.15,0.15,0.2,0.2,bu1811,bu1811,1,1,12,12,0.08333333333333333,0.08333333333333333,single_contract,单一合约,1,1,0,0,Descriptive cluster only; it is not automatically classified as a notice-driven or causal policy event.,仅为描述性变更簇，不自动认定为公告驱动或因果政策事件。
v15_cluster_0008355,v15_cluster_0008355,20181119,20181119,BU,BU,Bitumen,石油沥青,Price-limit ratio,涨跌停板幅度,0.12,0.12,0.06,0.06,bu1905,bu1905,1,1,12,12,0.08333333333333333,0.08333333333333333,single_contract,单一合约,0,0,0,0,Descriptive cluster only; it is not automatically classified as a notice-driven or causal policy event.,仅为描述性变更簇，不自动认定为公告驱动或因果政策事件。
v15_cluster_0008423,v15_cluster_0008423,20181203,20181203,BU,BU,Bitumen,石油沥青,General-position margin ratio,一般持仓交易保证金比例,0.08,0.08,0.1,0.1,bu1901,bu1901,1,1,12,12,0.08333333333333333,0.08333333333333333,single_contract,单一合约,0,0,0,0,Descriptive cluster only; it is not automatically classified as a notice-driven or causal policy event.,仅为描述性变更簇，不自动认定为公告驱动或因果政策事件。
v15_cluster_0008424,v15_cluster_0008424,20181203,20181203,BU,BU,Bitumen,石油沥青,General-position margin ratio,一般持仓交易保证金比例,0.1,0.1,0.15,0.15,bu1812,bu1812,1,1,12,12,0.08333333333333333,0.08333333333333333,single_contract,单一合约,1,1,0,0,Descriptive cluster only; it is not automatically classified as a notice-driven or causal policy event.,仅为描述性变更簇，不自动认定为公告驱动或因果政策事件。
v15_cluster_0008425,v15_cluster_0008425,20181203,20181203,BU,BU,Bitumen,石油沥青,Hedge-position margin ratio,套保持仓交易保证金比例,0.08,0.08,0.1,0.1,bu1901,bu1901,1,1,12,12,0.08333333333333333,0.08333333333333333,single_contract,单一合约,0,0,0,0,Descriptive cluster only; it is not automatically classified as a notice-driven or causal policy event.,仅为描述性变更簇，不自动认定为公告驱动或因果政策事件。
v15_cluster_0008426,v15_cluster_0008426,20181203,20181203,BU,BU,Bitumen,石油沥青,Hedge-position margin ratio,套保持仓交易保证金比例,0.1,0.1,0.15,0.15,bu1812,bu1812,1,1,12,12,0.08333333333333333,0.08333333333333333,single_contract,单一合约,1,1,0,0,Descriptive cluster only; it is not automatically classified as a notice-driven or causal policy event.,仅为描述性变更簇，不自动认定为公告驱动或因果政策事件。
v15_cluster_0008465,v15_cluster_0008465,20181213,20181213,BU,BU,Bitumen,石油沥青,General-position margin ratio,一般持仓交易保证金比例,0.15,0.15,0.2,0.2,bu1812,bu1812,1,1,12,12,0.08333333333333333,0.08333333333333333,single_contract,单一合约,1,1,0,0,Descriptive cluster only; it is not automatically classified as a notice-driven or causal policy event.,仅为描述性变更簇，不自动认定为公告驱动或因果政策事件。
v15_cluster_0008466,v15_cluster_0008466,20181213,20181213,BU,BU,Bitumen,石油沥青,Hedge-position margin ratio,套保持仓交易保证金比例,0.15,0.15,0.2,0.2,bu1812,bu1812,1,1,12,12,0.08333333333333333,0.08333333333333333,single_contract,单一合约,1,1,0,0,Descriptive cluster only; it is not automatically classified as a notice-driven or causal policy event.,仅为描述性变更簇，不自动认定为公告驱动或因果政策事件。
v15_cluster_0008490,v15_cluster_0008490,20181220,20181220,BU,BU,Bitumen,石油沥青,Price-limit ratio,涨跌停板幅度,0.12,0.12,0.06,0.06,bu2012,bu2012,1,1,12,12,0.08333333333333333,0.08333333333333333,single_contract,单一合约,0,0,0,0,Descriptive cluster only; it is not automatically classified as a notice-driven or causal policy event.,仅为描述性变更簇，不自动认定为公告驱动或因果政策事件。
v15_cluster_0008512,v15_cluster_0008512,20181228,20181228,BU,BU,Bitumen,石油沥青,General-position margin ratio,一般持仓交易保证金比例,0.08,0.08,0.09,0.09,bu1902;bu1903;bu1904;bu1905;bu1906;bu1909;bu1912;bu2003;bu2006;bu2009;bu2012,bu1902;bu1903;bu1904;bu1905;bu1906;bu1909;bu1912;bu2003;bu2006;bu2009;bu2012,11,11,12,12,0.9166666666666666,0.9166666666666666,majority_of_active_contracts,覆盖当日多数活跃合约,0,0,0,0,Descriptive cluster only; it is not automatically classified as a notice-driven or causal policy event.,仅为描述性变更簇，不自动认定为公告驱动或因果政策事件。
v15_cluster_0008513,v15_cluster_0008513,20181228,20181228,BU,BU,Bitumen,石油沥青,Hedge-position margin ratio,套保持仓交易保证金比例,0.08,0.08,0.09,0.09,bu1902;bu1903;bu1904;bu1905;bu1906;bu1909;bu1912;bu2003;bu2006;bu2009;bu2012,bu1902;bu1903;bu1904;bu1905;bu1906;bu1909;bu1912;bu2003;bu2006;bu2009;bu2012,11,11,12,12,0.9166666666666666,0.9166666666666666,majority_of_active_contracts,覆盖当日多数活跃合约,0,0,0,0,Descriptive cluster only; it is not automatically classified as a notice-driven or causal policy event.,仅为描述性变更簇，不自动认定为公告驱动或因果政策事件。
v15_cluster_0008514,v15_cluster_0008514,20181228,20181228,BU,BU,Bitumen,石油沥青,Price-limit ratio,涨跌停板幅度,0.06,0.06,0.07,0.07,bu1901;bu1902;bu1903;bu1904;bu1905;bu1906;bu1909;bu1912;bu2003;bu2006;bu2009;bu2012,bu1901;bu1902;bu1903;bu1904;bu1905;bu1906;bu1909;bu1912;bu2003;bu2006;bu2009;bu2012,12,12,12,12,1.0,1.0,all_active_contracts,覆盖当日全部活跃合约,1,1,0,0,Descriptive cluster only; it is not automatically classified as a notice-driven or causal policy event.,仅为描述性变更簇，不自动认定为公告驱动或因果政策事件。
v15_cluster_0008531,v15_cluster_0008531,20190102,20190102,BU,BU,Bitumen,石油沥青,General-position margin ratio,一般持仓交易保证金比例,0.09,0.09,0.1,0.1,bu1902,bu1902,1,1,12,12,0.08333333333333333,0.08333333333333333,single_contract,单一合约,0,0,0,0,Descriptive cluster only; it is not automatically classified as a notice-driven or causal policy event.,仅为描述性变更簇，不自动认定为公告驱动或因果政策事件。
v15_cluster_0008532,v15_cluster_0008532,20190102,20190102,BU,BU,Bitumen,石油沥青,General-position margin ratio,一般持仓交易保证金比例,0.1,0.1,0.15,0.15,bu1901,bu1901,1,1,12,12,0.08333333333333333,0.08333333333333333,single_contract,单一合约,1,1,0,0,Descriptive cluster only; it is not automatically classified as a notice-driven or causal policy event.,仅为描述性变更簇，不自动认定为公告驱动或因果政策事件。
v15_cluster_0008533,v15_cluster_0008533,20190102,20190102,BU,BU,Bitumen,石油沥青,Hedge-position margin ratio,套保持仓交易保证金比例,0.09,0.09,0.1,0.1,bu1902,bu1902,1,1,12,12,0.08333333333333333,0.08333333333333333,single_contract,单一合约,0,0,0,0,Descriptive cluster only; it is not automatically classified as a notice-driven or causal policy event.,仅为描述性变更簇，不自动认定为公告驱动或因果政策事件。
v15_cluster_0008534,v15_cluster_0008534,20190102,20190102,BU,BU,Bitumen,石油沥青,Hedge-position margin ratio,套保持仓交易保证金比例,0.1,0.1,0.15,0.15,bu1901,bu1901,1,1,12,12,0.08333333333333333,0.08333333333333333,single_contract,单一合约,1,1,0,0,Descriptive cluster only; it is not automatically classified as a notice-driven or causal policy event.,仅为描述性变更簇，不自动认定为公告驱动或因果政策事件。
v15_cluster_0008577,v15_cluster_0008577,20190111,20190111,BU,BU,Bitumen,石油沥青,General-position margin ratio,一般持仓交易保证金比例,0.15,0.15,0.2,0.2,bu1901,bu1901,1,1,12,12,0.08333333333333333,0.08333333333333333,single_contract,单一合约,1,1,0,0,Descriptive cluster only; it is not automatically classified as a notice-driven or causal policy event.,仅为描述性变更簇，不自动认定为公告驱动或因果政策事件。
v15_cluster_0008578,v15_cluster_0008578,20190111,20190111,BU,BU,Bitumen,石油沥青,Hedge-position margin ratio,套保持仓交易保证金比例,0.15,0.15,0.2,0.2,bu1901,bu1901,1,1,12,12,0.08333333333333333,0.08333333333333333,single_contract,单一合约,1,1,0,0,Descriptive cluster only; it is not automatically classified as a notice-driven or causal policy event.,仅为描述性变更簇，不自动认定为公告驱动或因果政策事件。
v15_cluster_0008610,v15_cluster_0008610,20190118,20190118,BU,BU,Bitumen,石油沥青,Price-limit ratio,涨跌停板幅度,0.14,0.14,0.07,0.07,bu1907,bu1907,1,1,12,12,0.08333333333333333,0.08333333333333333,single_contract,单一合约,0,0,0,0,Descriptive cluster only; it is not automatically classified as a notice-driven or causal policy event.,仅为描述性变更簇，不自动认定为公告驱动或因果政策事件。
v15_cluster_0008646,v15_cluster_0008646,20190201,20190201,BU,BU,Bitumen,石油沥青,General-position margin ratio,一般持仓交易保证金比例,0.09,0.09,0.11,0.11,bu1903;bu1904;bu1905;bu1906;bu1907;bu1909;bu1912;bu2003;bu2006;bu2009;bu2012,bu1903;bu1904;bu1905;bu1906;bu1907;bu1909;bu1912;bu2003;bu2006;bu2009;bu2012,11,11,12,12,0.9166666666666666,0.9166666666666666,majority_of_active_contracts,覆盖当日多数活跃合约,0,0,0,0,Descriptive cluster only; it is not automatically classified as a notice-driven or causal policy event.,仅为描述性变更簇，不自动认定为公告驱动或因果政策事件。
v15_cluster_0008647,v15_cluster_0008647,20190201,20190201,BU,BU,Bitumen,石油沥青,General-position margin ratio,一般持仓交易保证金比例,0.1,0.1,0.15,0.15,bu1902,bu1902,1,1,12,12,0.08333333333333333,0.08333333333333333,single_contract,单一合约,1,1,0,0,Descriptive cluster only; it is not automatically classified as a notice-driven or causal policy event.,仅为描述性变更簇，不自动认定为公告驱动或因果政策事件。
v15_cluster_0008648,v15_cluster_0008648,20190201,20190201,BU,BU,Bitumen,石油沥青,Hedge-position margin ratio,套保持仓交易保证金比例,0.09,0.09,0.11,0.11,bu1903;bu1904;bu1905;bu1906;bu1907;bu1909;bu1912;bu2003;bu2006;bu2009;bu2012,bu1903;bu1904;bu1905;bu1906;bu1907;bu1909;bu1912;bu2003;bu2006;bu2009;bu2012,11,11,12,12,0.9166666666666666,0.9166666666666666,majority_of_active_contracts,覆盖当日多数活跃合约,0,0,0,0,Descriptive cluster only; it is not automatically classified as a notice-driven or causal policy event.,仅为描述性变更簇，不自动认定为公告驱动或因果政策事件。
v15_cluster_0008649,v15_cluster_0008649,20190201,20190201,BU,BU,Bitumen,石油沥青,Hedge-position margin ratio,套保持仓交易保证金比例,0.1,0.1,0.15,0.15,bu1902,bu1902,1,1,12,12,0.08333333333333333,0.08333333333333333,single_contract,单一合约,1,1,0,0,Descriptive cluster only; it is not automatically classified as a notice-driven or causal policy event.,仅为描述性变更簇，不自动认定为公告驱动或因果政策事件。
v15_cluster_0008650,v15_cluster_0008650,20190201,20190201,BU,BU,Bitumen,石油沥青,Price-limit ratio,涨跌停板幅度,0.07,0.07,0.09,0.09,bu1902;bu1903;bu1904;bu1905;bu1906;bu1907;bu1909;bu1912;bu2003;bu2006;bu2009;bu2012,bu1902;bu1903;bu1904;bu1905;bu1906;bu1907;bu1909;bu1912;bu2003;bu2006;bu2009;bu2012,12,12,12,12,1.0,1.0,all_active_contracts,覆盖当日全部活跃合约,1,1,0,0,Descriptive cluster only; it is not automatically classified as a notice-driven or causal policy event.,仅为描述性变更簇，不自动认定为公告驱动或因果政策事件。
v15_cluster_0008722,v15_cluster_0008722,20190212,20190212,BU,BU,Bitumen,石油沥青,General-position margin ratio,一般持仓交易保证金比例,0.11,0.11,0.1,0.1,bu1903;bu1904;bu1905;bu1906;bu1907;bu1909;bu1912;bu2003;bu2006;bu2009;bu2012,bu1903;bu1904;bu1905;bu1906;bu1907;bu1909;bu1912;bu2003;bu2006;bu2009;bu2012,11,11,12,12,0.9166666666666666,0.9166666666666666,majority_of_active_contracts,覆盖当日多数活跃合约,0,0,0,0,Descriptive cluster only; it is not automatically classified as a notice-driven or causal policy event.,仅为描述性变更簇，不自动认定为公告驱动或因果政策事件。
v15_cluster_0008723,v15_cluster_0008723,20190212,20190212,BU,BU,Bitumen,石油沥青,Hedge-position margin ratio,套保持仓交易保证金比例,0.11,0.11,0.1,0.1,bu1903;bu1904;bu1905;bu1906;bu1907;bu1909;bu1912;bu2003;bu2006;bu2009;bu2012,bu1903;bu1904;bu1905;bu1906;bu1907;bu1909;bu1912;bu2003;bu2006;bu2009;bu2012,11,11,12,12,0.9166666666666666,0.9166666666666666,majority_of_active_contracts,覆盖当日多数活跃合约,0,0,0,0,Descriptive cluster only; it is not automatically classified as a notice-driven or causal policy event.,仅为描述性变更簇，不自动认定为公告驱动或因果政策事件。
v15_cluster_0008724,v15_cluster_0008724,20190212,20190212,BU,BU,Bitumen,石油沥青,Price-limit ratio,涨跌停板幅度,0.09,0.09,0.08,0.08,bu1902;bu1903;bu1904;bu1905;bu1906;bu1907;bu1909;bu1912;bu2003;bu2006;bu2009;bu2012,bu1902;bu1903;bu1904;bu1905;bu1906;bu1907;bu1909;bu1912;bu2003;bu2006;bu2009;bu2012,12,12,12,12,1.0,1.0,all_active_contracts,覆盖当日全部活跃合约,1,1,0,0,Descriptive cluster only; it is not automatically classified as a notice-driven or causal policy event.,仅为描述性变更簇，不自动认定为公告驱动或因果政策事件。
v15_cluster_0008775,v15_cluster_0008775,20190213,20190213,BU,BU,Bitumen,石油沥青,General-position margin ratio,一般持仓交易保证金比例,0.15,0.15,0.2,0.2,bu1902,bu1902,1,1,12,12,0.08333333333333333,0.08333333333333333,single_contract,单一合约,1,1,0,0,Descriptive cluster only; it is not automatically classified as a notice-driven or causal policy event.,仅为描述性变更簇，不自动认定为公告驱动或因果政策事件。
v15_cluster_0008776,v15_cluster_0008776,20190213,20190213,BU,BU,Bitumen,石油沥青,Hedge-position margin ratio,套保持仓交易保证金比例,0.15,0.15,0.2,0.2,bu1902,bu1902,1,1,12,12,0.08333333333333333,0.08333333333333333,single_contract,单一合约,1,1,0,0,Descriptive cluster only; it is not automatically classified as a notice-driven or causal policy event.,仅为描述性变更簇，不自动认定为公告驱动或因果政策事件。
v15_cluster_0008777,v15_cluster_0008777,20190213,20190213,BU,BU,Bitumen,石油沥青,Price-limit ratio,涨跌停板幅度,0.08,0.08,0.11,0.11,bu1902,bu1902,1,1,12,12,0.08333333333333333,0.08333333333333333,single_contract,单一合约,1,1,0,0,Descriptive cluster only; it is not automatically classified as a notice-driven or causal policy event.,仅为描述性变更簇，不自动认定为公告驱动或因果政策事件。
v15_cluster_0008794,v15_cluster_0008794,20190214,20190214,BU,BU,Bitumen,石油沥青,Price-limit ratio,涨跌停板幅度,0.11,0.11,0.08,0.08,bu1902,bu1902,1,1,12,12,0.08333333333333333,0.08333333333333333,single_contract,单一合约,1,1,0,0,Descriptive cluster only; it is not automatically classified as a notice-driven or causal policy event.,仅为描述性变更簇，不自动认定为公告驱动或因果政策事件。
v15_cluster_0008827,v15_cluster_0008827,20190301,20190301,BU,BU,Bitumen,石油沥青,General-position margin ratio,一般持仓交易保证金比例,0.1,0.1,0.15,0.15,bu1903,bu1903,1,1,12,12,0.08333333333333333,0.08333333333333333,single_contract,单一合约,1,1,0,0,Descriptive cluster only; it is not automatically classified as a notice-driven or causal policy event.,仅为描述性变更簇，不自动认定为公告驱动或因果政策事件。
v15_cluster_0008828,v15_cluster_0008828,20190301,20190301,BU,BU,Bitumen,石油沥青,Hedge-position margin ratio,套保持仓交易保证金比例,0.1,0.1,0.15,0.15,bu1903,bu1903,1,1,12,12,0.08333333333333333,0.08333333333333333,single_contract,单一合约,1,1,0,0,Descriptive cluster only; it is not automatically classified as a notice-driven or causal policy event.,仅为描述性变更簇，不自动认定为公告驱动或因果政策事件。
v15_cluster_0008829,v15_cluster_0008829,20190301,20190301,BU,BU,Bitumen,石油沥青,Price-limit ratio,涨跌停板幅度,0.16,0.16,0.08,0.08,bu1908,bu1908,1,1,12,12,0.08333333333333333,0.08333333333333333,single_contract,单一合约,0,0,0,0,Descriptive cluster only; it is not automatically classified as a notice-driven or causal policy event.,仅为描述性变更簇，不自动认定为公告驱动或因果政策事件。
v15_cluster_0008879,v15_cluster_0008879,20190313,20190313,BU,BU,Bitumen,石油沥青,General-position margin ratio,一般持仓交易保证金比例,0.15,0.15,0.2,0.2,bu1903,bu1903,1,1,12,12,0.08333333333333333,0.08333333333333333,single_contract,单一合约,1,1,0,0,Descriptive cluster only; it is not automatically classified as a notice-driven or causal policy event.,仅为描述性变更簇，不自动认定为公告驱动或因果政策事件。
v15_cluster_0008880,v15_cluster_0008880,20190313,20190313,BU,BU,Bitumen,石油沥青,Hedge-position margin ratio,套保持仓交易保证金比例,0.15,0.15,0.2,0.2,bu1903,bu1903,1,1,12,12,0.08333333333333333,0.08333333333333333,single_contract,单一合约,1,1,0,0,Descriptive cluster only; it is not automatically classified as a notice-driven or causal policy event.,仅为描述性变更簇，不自动认定为公告驱动或因果政策事件。
v15_cluster_0008908,v15_cluster_0008908,20190319,20190319,BU,BU,Bitumen,石油沥青,Price-limit ratio,涨跌停板幅度,0.16,0.16,0.08,0.08,bu2103,bu2103,1,1,12,12,0.08333333333333333,0.08333333333333333,single_contract,单一合约,0,0,0,0,Descriptive cluster only; it is not automatically classified as a notice-driven or causal policy event.,仅为描述性变更簇，不自动认定为公告驱动或因果政策事件。
v15_cluster_0008941,v15_cluster_0008941,20190401,20190401,BU,BU,Bitumen,石油沥青,General-position margin ratio,一般持仓交易保证金比例,0.1,0.1,0.15,0.15,bu1904,bu1904,1,1,12,12,0.08333333333333333,0.08333333333333333,single_contract,单一合约,1,1,0,0,Descriptive cluster only; it is not automatically classified as a notice-driven or causal policy event.,仅为描述性变更簇，不自动认定为公告驱动或因果政策事件。
v15_cluster_0008942,v15_cluster_0008942,20190401,20190401,BU,BU,Bitumen,石油沥青,Hedge-position margin ratio,套保持仓交易保证金比例,0.1,0.1,0.15,0.15,bu1904,bu1904,1,1,12,12,0.08333333333333333,0.08333333333333333,single_contract,单一合约,1,1,0,0,Descriptive cluster only; it is not automatically classified as a notice-driven or causal policy event.,仅为描述性变更簇，不自动认定为公告驱动或因果政策事件。
v15_cluster_0008979,v15_cluster_0008979,20190409,20190409,BU,BU,Bitumen,石油沥青,General-position margin ratio,一般持仓交易保证金比例,0.1,0.1,0.09,0.09,bu1906;bu1907;bu1908;bu1909;bu1912;bu2003;bu2006;bu2009;bu2012;bu2103,bu1906;bu1907;bu1908;bu1909;bu1912;bu2003;bu2006;bu2009;bu2012;bu2103,10,10,12,12,0.8333333333333334,0.8333333333333334,majority_of_active_contracts,覆盖当日多数活跃合约,0,0,0,0,Descriptive cluster only; it is not automatically classified as a notice-driven or causal policy event.,仅为描述性变更簇，不自动认定为公告驱动或因果政策事件。
v15_cluster_0008980,v15_cluster_0008980,20190409,20190409,BU,BU,Bitumen,石油沥青,Hedge-position margin ratio,套保持仓交易保证金比例,0.1,0.1,0.09,0.09,bu1906;bu1907;bu1908;bu1909;bu1912;bu2003;bu2006;bu2009;bu2012;bu2103,bu1906;bu1907;bu1908;bu1909;bu1912;bu2003;bu2006;bu2009;bu2012;bu2103,10,10,12,12,0.8333333333333334,0.8333333333333334,majority_of_active_contracts,覆盖当日多数活跃合约,0,0,0,0,Descriptive cluster only; it is not automatically classified as a notice-driven or causal policy event.,仅为描述性变更簇，不自动认定为公告驱动或因果政策事件。
v15_cluster_0008981,v15_cluster_0008981,20190409,20190409,BU,BU,Bitumen,石油沥青,Price-limit ratio,涨跌停板幅度,0.08,0.08,0.07,0.07,bu1904;bu1905;bu1906;bu1907;bu1908;bu1909;bu1912;bu2003;bu2006;bu2009;bu2012;bu2103,bu1904;bu1905;bu1906;bu1907;bu1908;bu1909;bu1912;bu2003;bu2006;bu2009;bu2012;bu2103,12,12,12,12,1.0,1.0,all_active_contracts,覆盖当日全部活跃合约,1,1,0,0,Descriptive cluster only; it is not automatically classified as a notice-driven or causal policy event.,仅为描述性变更簇，不自动认定为公告驱动或因果政策事件。
v15_cluster_0009002,v15_cluster_0009002,20190411,20190411,BU,BU,Bitumen,石油沥青,General-position margin ratio,一般持仓交易保证金比例,0.15,0.15,0.2,0.2,bu1904,bu1904,1,1,12,12,0.08333333333333333,0.08333333333333333,single_contract,单一合约,1,1,0,0,Descriptive cluster only; it is not automatically classified as a notice-driven or causal policy event.,仅为描述性变更簇，不自动认定为公告驱动或因果政策事件。
v15_cluster_0009003,v15_cluster_0009003,20190411,20190411,BU,BU,Bitumen,石油沥青,Hedge-position margin ratio,套保持仓交易保证金比例,0.15,0.15,0.2,0.2,bu1904,bu1904,1,1,12,12,0.08333333333333333,0.08333333333333333,single_contract,单一合约,1,1,0,0,Descriptive cluster only; it is not automatically classified as a notice-driven or causal policy event.,仅为描述性变更簇，不自动认定为公告驱动或因果政策事件。
v15_cluster_0009024,v15_cluster_0009024,20190417,20190417,BU,BU,Bitumen,石油沥青,Price-limit ratio,涨跌停板幅度,0.14,0.14,0.07,0.07,bu1910,bu1910,1,1,12,12,0.08333333333333333,0.08333333333333333,single_contract,单一合约,0,0,0,0,Descriptive cluster only; it is not automatically classified as a notice-driven or causal policy event.,仅为描述性变更簇，不自动认定为公告驱动或因果政策事件。
v15_cluster_0009049,v15_cluster_0009049,20190430,20190430,BU,BU,Bitumen,石油沥青,General-position margin ratio,一般持仓交易保证金比例,0.09,0.09,0.1,0.1,bu1906;bu1907;bu1908;bu1909;bu1910;bu1912;bu2003;bu2006;bu2009;bu2012;bu2103,bu1906;bu1907;bu1908;bu1909;bu1910;bu1912;bu2003;bu2006;bu2009;bu2012;bu2103,11,11,12,12,0.9166666666666666,0.9166666666666666,majority_of_active_contracts,覆盖当日多数活跃合约,0,0,0,0,Descriptive cluster only; it is not automatically classified as a notice-driven or causal policy event.,仅为描述性变更簇，不自动认定为公告驱动或因果政策事件。
v15_cluster_0009050,v15_cluster_0009050,20190430,20190430,BU,BU,Bitumen,石油沥青,Hedge-position margin ratio,套保持仓交易保证金比例,0.09,0.09,0.1,0.1,bu1906;bu1907;bu1908;bu1909;bu1910;bu1912;bu2003;bu2006;bu2009;bu2012;bu2103,bu1906;bu1907;bu1908;bu1909;bu1910;bu1912;bu2003;bu2006;bu2009;bu2012;bu2103,11,11,12,12,0.9166666666666666,0.9166666666666666,majority_of_active_contracts,覆盖当日多数活跃合约,0,0,0,0,Descriptive cluster only; it is not automatically classified as a notice-driven or causal policy event.,仅为描述性变更簇，不自动认定为公告驱动或因果政策事件。
v15_cluster_0009051,v15_cluster_0009051,20190430,20190430,BU,BU,Bitumen,石油沥青,Price-limit ratio,涨跌停板幅度,0.07,0.07,0.08,0.08,bu1905;bu1906;bu1907;bu1908;bu1909;bu1910;bu1912;bu2003;bu2006;bu2009;bu2012;bu2103,bu1905;bu1906;bu1907;bu1908;bu1909;bu1910;bu1912;bu2003;bu2006;bu2009;bu2012;bu2103,12,12,12,12,1.0,1.0,all_active_contracts,覆盖当日全部活跃合约,1,1,0,0,Descriptive cluster only; it is not automatically classified as a notice-driven or causal policy event.,仅为描述性变更簇，不自动认定为公告驱动或因果政策事件。
v15_cluster_0009104,v15_cluster_0009104,20190506,20190506,BU,BU,Bitumen,石油沥青,General-position margin ratio,一般持仓交易保证金比例,0.1,0.1,0.15,0.15,bu1905,bu1905,1,1,12,12,0.08333333333333333,0.08333333333333333,single_contract,单一合约,1,1,0,0,Descriptive cluster only; it is not automatically classified as a notice-driven or causal policy event.,仅为描述性变更簇，不自动认定为公告驱动或因果政策事件。
v15_cluster_0009105,v15_cluster_0009105,20190506,20190506,BU,BU,Bitumen,石油沥青,Hedge-position margin ratio,套保持仓交易保证金比例,0.1,0.1,0.15,0.15,bu1905,bu1905,1,1,12,12,0.08333333333333333,0.08333333333333333,single_contract,单一合约,1,1,0,0,Descriptive cluster only; it is not automatically classified as a notice-driven or causal policy event.,仅为描述性变更簇，不自动认定为公告驱动或因果政策事件。
v15_cluster_0009151,v15_cluster_0009151,20190507,20190507,BU,BU,Bitumen,石油沥青,General-position margin ratio,一般持仓交易保证金比例,0.1,0.1,0.09,0.09,bu1907;bu1908;bu1909;bu1910;bu1912;bu2003;bu2006;bu2009;bu2012;bu2103,bu1907;bu1908;bu1909;bu1910;bu1912;bu2003;bu2006;bu2009;bu2012;bu2103,10,10,12,12,0.8333333333333334,0.8333333333333334,majority_of_active_contracts,覆盖当日多数活跃合约,0,0,0,0,Descriptive cluster only; it is not automatically classified as a notice-driven or causal policy event.,仅为描述性变更簇，不自动认定为公告驱动或因果政策事件。
v15_cluster_0009152,v15_cluster_0009152,20190507,20190507,BU,BU,Bitumen,石油沥青,Hedge-position margin ratio,套保持仓交易保证金比例,0.1,0.1,0.09,0.09,bu1907;bu1908;bu1909;bu1910;bu1912;bu2003;bu2006;bu2009;bu2012;bu2103,bu1907;bu1908;bu1909;bu1910;bu1912;bu2003;bu2006;bu2009;bu2012;bu2103,10,10,12,12,0.8333333333333334,0.8333333333333334,majority_of_active_contracts,覆盖当日多数活跃合约,0,0,0,0,Descriptive cluster only; it is not automatically classified as a notice-driven or causal policy event.,仅为描述性变更簇，不自动认定为公告驱动或因果政策事件。
v15_cluster_0009153,v15_cluster_0009153,20190507,20190507,BU,BU,Bitumen,石油沥青,Price-limit ratio,涨跌停板幅度,0.08,0.08,0.07,0.07,bu1905;bu1906;bu1907;bu1908;bu1909;bu1910;bu1912;bu2003;bu2006;bu2009;bu2012;bu2103,bu1905;bu1906;bu1907;bu1908;bu1909;bu1910;bu1912;bu2003;bu2006;bu2009;bu2012;bu2103,12,12,12,12,1.0,1.0,all_active_contracts,覆盖当日全部活跃合约,1,1,0,0,Descriptive cluster only; it is not automatically classified as a notice-driven or causal policy event.,仅为描述性变更簇，不自动认定为公告驱动或因果政策事件。
v15_cluster_0009205,v15_cluster_0009205,20190513,20190513,BU,BU,Bitumen,石油沥青,General-position margin ratio,一般持仓交易保证金比例,0.15,0.15,0.2,0.2,bu1905,bu1905,1,1,12,12,0.08333333333333333,0.08333333333333333,single_contract,单一合约,1,1,0,0,Descriptive cluster only; it is not automatically classified as a notice-driven or causal policy event.,仅为描述性变更簇，不自动认定为公告驱动或因果政策事件。
v15_cluster_0009206,v15_cluster_0009206,20190513,20190513,BU,BU,Bitumen,石油沥青,Hedge-position margin ratio,套保持仓交易保证金比例,0.15,0.15,0.2,0.2,bu1905,bu1905,1,1,12,12,0.08333333333333333,0.08333333333333333,single_contract,单一合约,1,1,0,0,Descriptive cluster only; it is not automatically classified as a notice-driven or causal policy event.,仅为描述性变更簇，不自动认定为公告驱动或因果政策事件。
v15_cluster_0009239,v15_cluster_0009239,20190521,20190521,BU,BU,Bitumen,石油沥青,Price-limit ratio,涨跌停板幅度,0.14,0.14,0.07,0.07,bu1911,bu1911,1,1,12,12,0.08333333333333333,0.08333333333333333,single_contract,单一合约,0,0,0,0,Descriptive cluster only; it is not automatically classified as a notice-driven or causal policy event.,仅为描述性变更簇，不自动认定为公告驱动或因果政策事件。
v15_cluster_0009258,v15_cluster_0009258,20190603,20190603,BU,BU,Bitumen,石油沥青,General-position margin ratio,一般持仓交易保证金比例,0.09,0.09,0.1,0.1,bu1907,bu1907,1,1,12,12,0.08333333333333333,0.08333333333333333,single_contract,单一合约,0,0,0,0,Descriptive cluster only; it is not automatically classified as a notice-driven or causal policy event.,仅为描述性变更簇，不自动认定为公告驱动或因果政策事件。
v15_cluster_0009259,v15_cluster_0009259,20190603,20190603,BU,BU,Bitumen,石油沥青,General-position margin ratio,一般持仓交易保证金比例,0.1,0.1,0.15,0.15,bu1906,bu1906,1,1,12,12,0.08333333333333333,0.08333333333333333,single_contract,单一合约,1,1,0,0,Descriptive cluster only; it is not automatically classified as a notice-driven or causal policy event.,仅为描述性变更簇，不自动认定为公告驱动或因果政策事件。
v15_cluster_0009260,v15_cluster_0009260,20190603,20190603,BU,BU,Bitumen,石油沥青,Hedge-position margin ratio,套保持仓交易保证金比例,0.09,0.09,0.1,0.1,bu1907,bu1907,1,1,12,12,0.08333333333333333,0.08333333333333333,single_contract,单一合约,0,0,0,0,Descriptive cluster only; it is not automatically classified as a notice-driven or causal policy event.,仅为描述性变更簇，不自动认定为公告驱动或因果政策事件。
v15_cluster_0009261,v15_cluster_0009261,20190603,20190603,BU,BU,Bitumen,石油沥青,Hedge-position margin ratio,套保持仓交易保证金比例,0.1,0.1,0.15,0.15,bu1906,bu1906,1,1,12,12,0.08333333333333333,0.08333333333333333,single_contract,单一合约,1,1,0,0,Descriptive cluster only; it is not automatically classified as a notice-driven or causal policy event.,仅为描述性变更簇，不自动认定为公告驱动或因果政策事件。
v15_cluster_0009332,v15_cluster_0009332,20190613,20190613,BU,BU,Bitumen,石油沥青,General-position margin ratio,一般持仓交易保证金比例,0.15,0.15,0.2,0.2,bu1906,bu1906,1,1,12,12,0.08333333333333333,0.08333333333333333,single_contract,单一合约,1,1,0,0,Descriptive cluster only; it is not automatically classified as a notice-driven or causal policy event.,仅为描述性变更簇，不自动认定为公告驱动或因果政策事件。
v15_cluster_0009333,v15_cluster_0009333,20190613,20190613,BU,BU,Bitumen,石油沥青,Hedge-position margin ratio,套保持仓交易保证金比例,0.15,0.15,0.2,0.2,bu1906,bu1906,1,1,12,12,0.08333333333333333,0.08333333333333333,single_contract,单一合约,1,1,0,0,Descriptive cluster only; it is not automatically classified as a notice-driven or causal policy event.,仅为描述性变更簇，不自动认定为公告驱动或因果政策事件。
v15_cluster_0009359,v15_cluster_0009359,20190619,20190619,BU,BU,Bitumen,石油沥青,Price-limit ratio,涨跌停板幅度,0.14,0.14,0.07,0.07,bu2106,bu2106,1,1,12,12,0.08333333333333333,0.08333333333333333,single_contract,单一合约,0,0,0,0,Descriptive cluster only; it is not automatically classified as a notice-driven or causal policy event.,仅为描述性变更簇，不自动认定为公告驱动或因果政策事件。
v15_cluster_0009385,v15_cluster_0009385,20190701,20190701,BU,BU,Bitumen,石油沥青,General-position margin ratio,一般持仓交易保证金比例,0.09,0.09,0.1,0.1,bu1908,bu1908,1,1,12,12,0.08333333333333333,0.08333333333333333,single_contract,单一合约,0,0,0,0,Descriptive cluster only; it is not automatically classified as a notice-driven or causal policy event.,仅为描述性变更簇，不自动认定为公告驱动或因果政策事件。
v15_cluster_0009386,v15_cluster_0009386,20190701,20190701,BU,BU,Bitumen,石油沥青,General-position margin ratio,一般持仓交易保证金比例,0.1,0.1,0.15,0.15,bu1907,bu1907,1,1,12,12,0.08333333333333333,0.08333333333333333,single_contract,单一合约,1,1,0,0,Descriptive cluster only; it is not automatically classified as a notice-driven or causal policy event.,仅为描述性变更簇，不自动认定为公告驱动或因果政策事件。
v15_cluster_0009387,v15_cluster_0009387,20190701,20190701,BU,BU,Bitumen,石油沥青,Hedge-position margin ratio,套保持仓交易保证金比例,0.09,0.09,0.1,0.1,bu1908,bu1908,1,1,12,12,0.08333333333333333,0.08333333333333333,single_contract,单一合约,0,0,0,0,Descriptive cluster only; it is not automatically classified as a notice-driven or causal policy event.,仅为描述性变更簇，不自动认定为公告驱动或因果政策事件。
v15_cluster_0009388,v15_cluster_0009388,20190701,20190701,BU,BU,Bitumen,石油沥青,Hedge-position margin ratio,套保持仓交易保证金比例,0.1,0.1,0.15,0.15,bu1907,bu1907,1,1,12,12,0.08333333333333333,0.08333333333333333,single_contract,单一合约,1,1,0,0,Descriptive cluster only; it is not automatically classified as a notice-driven or causal policy event.,仅为描述性变更簇，不自动认定为公告驱动或因果政策事件。
v15_cluster_0009445,v15_cluster_0009445,20190711,20190711,BU,BU,Bitumen,石油沥青,General-position margin ratio,一般持仓交易保证金比例,0.15,0.15,0.2,0.2,bu1907,bu1907,1,1,12,12,0.08333333333333333,0.08333333333333333,single_contract,单一合约,1,1,0,0,Descriptive cluster only; it is not automatically classified as a notice-driven or causal policy event.,仅为描述性变更簇，不自动认定为公告驱动或因果政策事件。
v15_cluster_0009446,v15_cluster_0009446,20190711,20190711,BU,BU,Bitumen,石油沥青,Hedge-position margin ratio,套保持仓交易保证金比例,0.15,0.15,0.2,0.2,bu1907,bu1907,1,1,12,12,0.08333333333333333,0.08333333333333333,single_contract,单一合约,1,1,0,0,Descriptive cluster only; it is not automatically classified as a notice-driven or causal policy event.,仅为描述性变更簇，不自动认定为公告驱动或因果政策事件。
v15_cluster_0009478,v15_cluster_0009478,20190717,20190717,BU,BU,Bitumen,石油沥青,Price-limit ratio,涨跌停板幅度,0.14,0.14,0.07,0.07,bu2001,bu2001,1,1,12,12,0.08333333333333333,0.08333333333333333,single_contract,单一合约,0,0,0,0,Descriptive cluster only; it is not automatically classified as a notice-driven or causal policy event.,仅为描述性变更簇，不自动认定为公告驱动或因果政策事件。
v15_cluster_0009505,v15_cluster_0009505,20190801,20190801,BU,BU,Bitumen,石油沥青,General-position margin ratio,一般持仓交易保证金比例,0.09,0.09,0.1,0.1,bu1909,bu1909,1,1,12,12,0.08333333333333333,0.08333333333333333,single_contract,单一合约,0,0,0,0,Descriptive cluster only; it is not automatically classified as a notice-driven or causal policy event.,仅为描述性变更簇，不自动认定为公告驱动或因果政策事件。
v15_cluster_0009506,v15_cluster_0009506,20190801,20190801,BU,BU,Bitumen,石油沥青,General-position margin ratio,一般持仓交易保证金比例,0.1,0.1,0.15,0.15,bu1908,bu1908,1,1,12,12,0.08333333333333333,0.08333333333333333,single_contract,单一合约,1,1,0,0,Descriptive cluster only; it is not automatically classified as a notice-driven or causal policy event.,仅为描述性变更簇，不自动认定为公告驱动或因果政策事件。
v15_cluster_0009507,v15_cluster_0009507,20190801,20190801,BU,BU,Bitumen,石油沥青,Hedge-position margin ratio,套保持仓交易保证金比例,0.09,0.09,0.1,0.1,bu1909,bu1909,1,1,12,12,0.08333333333333333,0.08333333333333333,single_contract,单一合约,0,0,0,0,Descriptive cluster only; it is not automatically classified as a notice-driven or causal policy event.,仅为描述性变更簇，不自动认定为公告驱动或因果政策事件。
v15_cluster_0009508,v15_cluster_0009508,20190801,20190801,BU,BU,Bitumen,石油沥青,Hedge-position margin ratio,套保持仓交易保证金比例,0.1,0.1,0.15,0.15,bu1908,bu1908,1,1,12,12,0.08333333333333333,0.08333333333333333,single_contract,单一合约,1,1,0,0,Descriptive cluster only; it is not automatically classified as a notice-driven or causal policy event.,仅为描述性变更簇，不自动认定为公告驱动或因果政策事件。
v15_cluster_0009564,v15_cluster_0009564,20190813,20190813,BU,BU,Bitumen,石油沥青,General-position margin ratio,一般持仓交易保证金比例,0.15,0.15,0.2,0.2,bu1908,bu1908,1,1,12,12,0.08333333333333333,0.08333333333333333,single_contract,单一合约,1,1,0,0,Descriptive cluster only; it is not automatically classified as a notice-driven or causal policy event.,仅为描述性变更簇，不自动认定为公告驱动或因果政策事件。
v15_cluster_0009565,v15_cluster_0009565,20190813,20190813,BU,BU,Bitumen,石油沥青,Hedge-position margin ratio,套保持仓交易保证金比例,0.15,0.15,0.2,0.2,bu1908,bu1908,1,1,12,12,0.08333333333333333,0.08333333333333333,single_contract,单一合约,1,1,0,0,Descriptive cluster only; it is not automatically classified as a notice-driven or causal policy event.,仅为描述性变更簇，不自动认定为公告驱动或因果政策事件。
v15_cluster_0009621,v15_cluster_0009621,20190902,20190902,BU,BU,Bitumen,石油沥青,General-position margin ratio,一般持仓交易保证金比例,0.09,0.09,0.1,0.1,bu1910,bu1910,1,1,12,12,0.08333333333333333,0.08333333333333333,single_contract,单一合约,0,0,0,0,Descriptive cluster only; it is not automatically classified as a notice-driven or causal policy event.,仅为描述性变更簇，不自动认定为公告驱动或因果政策事件。
v15_cluster_0009622,v15_cluster_0009622,20190902,20190902,BU,BU,Bitumen,石油沥青,General-position margin ratio,一般持仓交易保证金比例,0.1,0.1,0.15,0.15,bu1909,bu1909,1,1,12,12,0.08333333333333333,0.08333333333333333,single_contract,单一合约,1,1,0,0,Descriptive cluster only; it is not automatically classified as a notice-driven or causal policy event.,仅为描述性变更簇，不自动认定为公告驱动或因果政策事件。
v15_cluster_0009623,v15_cluster_0009623,20190902,20190902,BU,BU,Bitumen,石油沥青,Hedge-position margin ratio,套保持仓交易保证金比例,0.09,0.09,0.1,0.1,bu1910,bu1910,1,1,12,12,0.08333333333333333,0.08333333333333333,single_contract,单一合约,0,0,0,0,Descriptive cluster only; it is not automatically classified as a notice-driven or causal policy event.,仅为描述性变更簇，不自动认定为公告驱动或因果政策事件。
v15_cluster_0009624,v15_cluster_0009624,20190902,20190902,BU,BU,Bitumen,石油沥青,Hedge-position margin ratio,套保持仓交易保证金比例,0.1,0.1,0.15,0.15,bu1909,bu1909,1,1,12,12,0.08333333333333333,0.08333333333333333,single_contract,单一合约,1,1,0,0,Descriptive cluster only; it is not automatically classified as a notice-driven or causal policy event.,仅为描述性变更簇，不自动认定为公告驱动或因果政策事件。
v15_cluster_0009688,v15_cluster_0009688,20190910,20190910,BU,BU,Bitumen,石油沥青,Price-limit ratio,涨跌停板幅度,0.14,0.14,0.07,0.07,bu2002,bu2002,1,1,12,12,0.08333333333333333,0.08333333333333333,single_contract,单一合约,0,0,0,0,Descriptive cluster only; it is not automatically classified as a notice-driven or causal policy event.,仅为描述性变更簇，不自动认定为公告驱动或因果政策事件。
v15_cluster_0009696,v15_cluster_0009696,20190911,20190911,BU,BU,Bitumen,石油沥青,General-position margin ratio,一般持仓交易保证金比例,0.15,0.15,0.2,0.2,bu1909,bu1909,1,1,12,12,0.08333333333333333,0.08333333333333333,single_contract,单一合约,1,1,0,0,Descriptive cluster only; it is not automatically classified as a notice-driven or causal policy event.,仅为描述性变更簇，不自动认定为公告驱动或因果政策事件。
v15_cluster_0009697,v15_cluster_0009697,20190911,20190911,BU,BU,Bitumen,石油沥青,Hedge-position margin ratio,套保持仓交易保证金比例,0.15,0.15,0.2,0.2,bu1909,bu1909,1,1,12,12,0.08333333333333333,0.08333333333333333,single_contract,单一合约,1,1,0,0,Descriptive cluster only; it is not automatically classified as a notice-driven or causal policy event.,仅为描述性变更簇，不自动认定为公告驱动或因果政策事件。
v15_cluster_0009737,v15_cluster_0009737,20190918,20190918,BU,BU,Bitumen,石油沥青,Price-limit ratio,涨跌停板幅度,0.14,0.14,0.07,0.07,bu2109,bu2109,1,1,12,12,0.08333333333333333,0.08333333333333333,single_contract,单一合约,0,0,0,0,Descriptive cluster only; it is not automatically classified as a notice-driven or causal policy event.,仅为描述性变更簇，不自动认定为公告驱动或因果政策事件。
v15_cluster_0009765,v15_cluster_0009765,20190930,20190930,BU,BU,Bitumen,石油沥青,General-position margin ratio,一般持仓交易保证金比例,0.09,0.09,0.11,0.11,bu1911;bu1912;bu2001;bu2002;bu2003;bu2006;bu2009;bu2012;bu2103;bu2106;bu2109,bu1911;bu1912;bu2001;bu2002;bu2003;bu2006;bu2009;bu2012;bu2103;bu2106;bu2109,11,11,12,12,0.9166666666666666,0.9166666666666666,majority_of_active_contracts,覆盖当日多数活跃合约,0,0,0,0,Descriptive cluster only; it is not automatically classified as a notice-driven or causal policy event.,仅为描述性变更簇，不自动认定为公告驱动或因果政策事件。
v15_cluster_0009766,v15_cluster_0009766,20190930,20190930,BU,BU,Bitumen,石油沥青,General-position margin ratio,一般持仓交易保证金比例,0.1,0.1,0.11,0.11,bu1910,bu1910,1,1,12,12,0.08333333333333333,0.08333333333333333,single_contract,单一合约,1,1,0,0,Descriptive cluster only; it is not automatically classified as a notice-driven or causal policy event.,仅为描述性变更簇，不自动认定为公告驱动或因果政策事件。
v15_cluster_0009767,v15_cluster_0009767,20190930,20190930,BU,BU,Bitumen,石油沥青,Hedge-position margin ratio,套保持仓交易保证金比例,0.09,0.09,0.11,0.11,bu1911;bu1912;bu2001;bu2002;bu2003;bu2006;bu2009;bu2012;bu2103;bu2106;bu2109,bu1911;bu1912;bu2001;bu2002;bu2003;bu2006;bu2009;bu2012;bu2103;bu2106;bu2109,11,11,12,12,0.9166666666666666,0.9166666666666666,majority_of_active_contracts,覆盖当日多数活跃合约,0,0,0,0,Descriptive cluster only; it is not automatically classified as a notice-driven or causal policy event.,仅为描述性变更簇，不自动认定为公告驱动或因果政策事件。
v15_cluster_0009768,v15_cluster_0009768,20190930,20190930,BU,BU,Bitumen,石油沥青,Hedge-position margin ratio,套保持仓交易保证金比例,0.1,0.1,0.11,0.11,bu1910,bu1910,1,1,12,12,0.08333333333333333,0.08333333333333333,single_contract,单一合约,1,1,0,0,Descriptive cluster only; it is not automatically classified as a notice-driven or causal policy event.,仅为描述性变更簇，不自动认定为公告驱动或因果政策事件。
v15_cluster_0009769,v15_cluster_0009769,20190930,20190930,BU,BU,Bitumen,石油沥青,Price-limit ratio,涨跌停板幅度,0.07,0.07,0.09,0.09,bu1910;bu1911;bu1912;bu2001;bu2002;bu2003;bu2006;bu2009;bu2012;bu2103;bu2106;bu2109,bu1910;bu1911;bu1912;bu2001;bu2002;bu2003;bu2006;bu2009;bu2012;bu2103;bu2106;bu2109,12,12,12,12,1.0,1.0,all_active_contracts,覆盖当日全部活跃合约,1,1,0,0,Descriptive cluster only; it is not automatically classified as a notice-driven or causal policy event.,仅为描述性变更簇，不自动认定为公告驱动或因果政策事件。
v15_cluster_0009830,v15_cluster_0009830,20191008,20191008,BU,BU,Bitumen,石油沥青,General-position margin ratio,一般持仓交易保证金比例,0.11,0.11,0.15,0.15,bu1910,bu1910,1,1,12,12,0.08333333333333333,0.08333333333333333,single_contract,单一合约,1,1,0,0,Descriptive cluster only; it is not automatically classified as a notice-driven or causal policy event.,仅为描述性变更簇，不自动认定为公告驱动或因果政策事件。
v15_cluster_0009831,v15_cluster_0009831,20191008,20191008,BU,BU,Bitumen,石油沥青,Hedge-position margin ratio,套保持仓交易保证金比例,0.11,0.11,0.15,0.15,bu1910,bu1910,1,1,12,12,0.08333333333333333,0.08333333333333333,single_contract,单一合约,1,1,0,0,Descriptive cluster only; it is not automatically classified as a notice-driven or causal policy event.,仅为描述性变更簇，不自动认定为公告驱动或因果政策事件。
v15_cluster_0009869,v15_cluster_0009869,20191009,20191009,BU,BU,Bitumen,石油沥青,General-position margin ratio,一般持仓交易保证金比例,0.11,0.11,0.09,0.09,bu1912;bu2001;bu2002;bu2003;bu2006;bu2009;bu2012;bu2103;bu2106;bu2109,bu1912;bu2001;bu2002;bu2003;bu2006;bu2009;bu2012;bu2103;bu2106;bu2109,10,10,12,12,0.8333333333333334,0.8333333333333334,majority_of_active_contracts,覆盖当日多数活跃合约,0,0,0,0,Descriptive cluster only; it is not automatically classified as a notice-driven or causal policy event.,仅为描述性变更簇，不自动认定为公告驱动或因果政策事件。
v15_cluster_0009870,v15_cluster_0009870,20191009,20191009,BU,BU,Bitumen,石油沥青,General-position margin ratio,一般持仓交易保证金比例,0.11,0.11,0.1,0.1,bu1911,bu1911,1,1,12,12,0.08333333333333333,0.08333333333333333,single_contract,单一合约,0,0,0,0,Descriptive cluster only; it is not automatically classified as a notice-driven or causal policy event.,仅为描述性变更簇，不自动认定为公告驱动或因果政策事件。
v15_cluster_0009871,v15_cluster_0009871,20191009,20191009,BU,BU,Bitumen,石油沥青,Hedge-position margin ratio,套保持仓交易保证金比例,0.11,0.11,0.09,0.09,bu1912;bu2001;bu2002;bu2003;bu2006;bu2009;bu2012;bu2103;bu2106;bu2109,bu1912;bu2001;bu2002;bu2003;bu2006;bu2009;bu2012;bu2103;bu2106;bu2109,10,10,12,12,0.8333333333333334,0.8333333333333334,majority_of_active_contracts,覆盖当日多数活跃合约,0,0,0,0,Descriptive cluster only; it is not automatically classified as a notice-driven or causal policy event.,仅为描述性变更簇，不自动认定为公告驱动或因果政策事件。
v15_cluster_0009872,v15_cluster_0009872,20191009,20191009,BU,BU,Bitumen,石油沥青,Hedge-position margin ratio,套保持仓交易保证金比例,0.11,0.11,0.1,0.1,bu1911,bu1911,1,1,12,12,0.08333333333333333,0.08333333333333333,single_contract,单一合约,0,0,0,0,Descriptive cluster only; it is not automatically classified as a notice-driven or causal policy event.,仅为描述性变更簇，不自动认定为公告驱动或因果政策事件。
v15_cluster_0009873,v15_cluster_0009873,20191009,20191009,BU,BU,Bitumen,石油沥青,Price-limit ratio,涨跌停板幅度,0.09,0.09,0.07,0.07,bu1910;bu1911;bu1912;bu2001;bu2002;bu2003;bu2006;bu2009;bu2012;bu2103;bu2106;bu2109,bu1910;bu1911;bu1912;bu2001;bu2002;bu2003;bu2006;bu2009;bu2012;bu2103;bu2106;bu2109,12,12,12,12,1.0,1.0,all_active_contracts,覆盖当日全部活跃合约,1,1,0,0,Descriptive cluster only; it is not automatically classified as a notice-driven or causal policy event.,仅为描述性变更簇，不自动认定为公告驱动或因果政策事件。
v15_cluster_0009929,v15_cluster_0009929,20191011,20191011,BU,BU,Bitumen,石油沥青,General-position margin ratio,一般持仓交易保证金比例,0.15,0.15,0.2,0.2,bu1910,bu1910,1,1,12,12,0.08333333333333333,0.08333333333333333,single_contract,单一合约,1,1,0,0,Descriptive cluster only; it is not automatically classified as a notice-driven or causal policy event.,仅为描述性变更簇，不自动认定为公告驱动或因果政策事件。
v15_cluster_0009930,v15_cluster_0009930,20191011,20191011,BU,BU,Bitumen,石油沥青,Hedge-position margin ratio,套保持仓交易保证金比例,0.15,0.15,0.2,0.2,bu1910,bu1910,1,1,12,12,0.08333333333333333,0.08333333333333333,single_contract,单一合约,1,1,0,0,Descriptive cluster only; it is not automatically classified as a notice-driven or causal policy event.,仅为描述性变更簇，不自动认定为公告驱动或因果政策事件。
v15_cluster_0009983,v15_cluster_0009983,20191101,20191101,BU,BU,Bitumen,石油沥青,General-position margin ratio,一般持仓交易保证金比例,0.09,0.09,0.1,0.1,bu1912,bu1912,1,1,12,12,0.08333333333333333,0.08333333333333333,single_contract,单一合约,0,0,0,0,Descriptive cluster only; it is not automatically classified as a notice-driven or causal policy event.,仅为描述性变更簇，不自动认定为公告驱动或因果政策事件。
v15_cluster_0009984,v15_cluster_0009984,20191101,20191101,BU,BU,Bitumen,石油沥青,General-position margin ratio,一般持仓交易保证金比例,0.1,0.1,0.15,0.15,bu1911,bu1911,1,1,12,12,0.08333333333333333,0.08333333333333333,single_contract,单一合约,1,1,0,0,Descriptive cluster only; it is not automatically classified as a notice-driven or causal policy event.,仅为描述性变更簇，不自动认定为公告驱动或因果政策事件。
v15_cluster_0009985,v15_cluster_0009985,20191101,20191101,BU,BU,Bitumen,石油沥青,Hedge-position margin ratio,套保持仓交易保证金比例,0.09,0.09,0.1,0.1,bu1912,bu1912,1,1,12,12,0.08333333333333333,0.08333333333333333,single_contract,单一合约,0,0,0,0,Descriptive cluster only; it is not automatically classified as a notice-driven or causal policy event.,仅为描述性变更簇，不自动认定为公告驱动或因果政策事件。
v15_cluster_0009986,v15_cluster_0009986,20191101,20191101,BU,BU,Bitumen,石油沥青,Hedge-position margin ratio,套保持仓交易保证金比例,0.1,0.1,0.15,0.15,bu1911,bu1911,1,1,12,12,0.08333333333333333,0.08333333333333333,single_contract,单一合约,1,1,0,0,Descriptive cluster only; it is not automatically classified as a notice-driven or causal policy event.,仅为描述性变更簇，不自动认定为公告驱动或因果政策事件。
v15_cluster_0010033,v15_cluster_0010033,20191113,20191113,BU,BU,Bitumen,石油沥青,General-position margin ratio,一般持仓交易保证金比例,0.15,0.15,0.2,0.2,bu1911,bu1911,1,1,12,12,0.08333333333333333,0.08333333333333333,single_contract,单一合约,1,1,0,0,Descriptive cluster only; it is not automatically classified as a notice-driven or causal policy event.,仅为描述性变更簇，不自动认定为公告驱动或因果政策事件。
v15_cluster_0010034,v15_cluster_0010034,20191113,20191113,BU,BU,Bitumen,石油沥青,Hedge-position margin ratio,套保持仓交易保证金比例,0.15,0.15,0.2,0.2,bu1911,bu1911,1,1,12,12,0.08333333333333333,0.08333333333333333,single_contract,单一合约,1,1,0,0,Descriptive cluster only; it is not automatically classified as a notice-driven or causal policy event.,仅为描述性变更簇，不自动认定为公告驱动或因果政策事件。
v15_cluster_0010061,v15_cluster_0010061,20191119,20191119,BU,BU,Bitumen,石油沥青,Price-limit ratio,涨跌停板幅度,0.14,0.14,0.07,0.07,bu2004;bu2005,bu2004;bu2005,2,2,12,12,0.16666666666666666,0.16666666666666666,multiple_contracts_partial,覆盖多个但非多数合约,0,0,0,0,Descriptive cluster only; it is not automatically classified as a notice-driven or causal policy event.,仅为描述性变更簇，不自动认定为公告驱动或因果政策事件。
v15_cluster_0010095,v15_cluster_0010095,20191202,20191202,BU,BU,Bitumen,石油沥青,General-position margin ratio,一般持仓交易保证金比例,0.09,0.09,0.1,0.1,bu2001,bu2001,1,1,12,12,0.08333333333333333,0.08333333333333333,single_contract,单一合约,0,0,0,0,Descriptive cluster only; it is not automatically classified as a notice-driven or causal policy event.,仅为描述性变更簇，不自动认定为公告驱动或因果政策事件。
v15_cluster_0010096,v15_cluster_0010096,20191202,20191202,BU,BU,Bitumen,石油沥青,General-position margin ratio,一般持仓交易保证金比例,0.1,0.1,0.15,0.15,bu1912,bu1912,1,1,12,12,0.08333333333333333,0.08333333333333333,single_contract,单一合约,1,1,0,0,Descriptive cluster only; it is not automatically classified as a notice-driven or causal policy event.,仅为描述性变更簇，不自动认定为公告驱动或因果政策事件。
v15_cluster_0010097,v15_cluster_0010097,20191202,20191202,BU,BU,Bitumen,石油沥青,Hedge-position margin ratio,套保持仓交易保证金比例,0.09,0.09,0.1,0.1,bu2001,bu2001,1,1,12,12,0.08333333333333333,0.08333333333333333,single_contract,单一合约,0,0,0,0,Descriptive cluster only; it is not automatically classified as a notice-driven or causal policy event.,仅为描述性变更簇，不自动认定为公告驱动或因果政策事件。
v15_cluster_0010098,v15_cluster_0010098,20191202,20191202,BU,BU,Bitumen,石油沥青,Hedge-position margin ratio,套保持仓交易保证金比例,0.1,0.1,0.15,0.15,bu1912,bu1912,1,1,12,12,0.08333333333333333,0.08333333333333333,single_contract,单一合约,1,1,0,0,Descriptive cluster only; it is not automatically classified as a notice-driven or causal policy event.,仅为描述性变更簇，不自动认定为公告驱动或因果政策事件。
v15_cluster_0010145,v15_cluster_0010145,20191212,20191212,BU,BU,Bitumen,石油沥青,General-position margin ratio,一般持仓交易保证金比例,0.15,0.15,0.2,0.2,bu1912,bu1912,1,1,12,12,0.08333333333333333,0.08333333333333333,single_contract,单一合约,1,1,0,0,Descriptive cluster only; it is not automatically classified as a notice-driven or causal policy event.,仅为描述性变更簇，不自动认定为公告驱动或因果政策事件。
v15_cluster_0010146,v15_cluster_0010146,20191212,20191212,BU,BU,Bitumen,石油沥青,Hedge-position margin ratio,套保持仓交易保证金比例,0.15,0.15,0.2,0.2,bu1912,bu1912,1,1,12,12,0.08333333333333333,0.08333333333333333,single_contract,单一合约,1,1,0,0,Descriptive cluster only; it is not automatically classified as a notice-driven or causal policy event.,仅为描述性变更簇，不自动认定为公告驱动或因果政策事件。
v15_cluster_0010169,v15_cluster_0010169,20191218,20191218,BU,BU,Bitumen,石油沥青,Price-limit ratio,涨跌停板幅度,0.14,0.14,0.07,0.07,bu2112,bu2112,1,1,12,12,0.08333333333333333,0.08333333333333333,single_contract,单一合约,0,0,0,0,Descriptive cluster only; it is not automatically classified as a notice-driven or causal policy event.,仅为描述性变更簇，不自动认定为公告驱动或因果政策事件。
v15_cluster_0010197,v15_cluster_0010197,20200102,20200102,BU,BU,Bitumen,石油沥青,General-position margin ratio,一般持仓交易保证金比例,0.09,0.09,0.1,0.1,bu2002,bu2002,1,1,12,12,0.08333333333333333,0.08333333333333333,single_contract,单一合约,0,0,0,0,Descriptive cluster only; it is not automatically classified as a notice-driven or causal policy event.,仅为描述性变更簇，不自动认定为公告驱动或因果政策事件。
v15_cluster_0010198,v15_cluster_0010198,20200102,20200102,BU,BU,Bitumen,石油沥青,General-position margin ratio,一般持仓交易保证金比例,0.1,0.1,0.15,0.15,bu2001,bu2001,1,1,12,12,0.08333333333333333,0.08333333333333333,single_contract,单一合约,1,1,0,0,Descriptive cluster only; it is not automatically classified as a notice-driven or causal policy event.,仅为描述性变更簇，不自动认定为公告驱动或因果政策事件。
v15_cluster_0010199,v15_cluster_0010199,20200102,20200102,BU,BU,Bitumen,石油沥青,Hedge-position margin ratio,套保持仓交易保证金比例,0.09,0.09,0.1,0.1,bu2002,bu2002,1,1,12,12,0.08333333333333333,0.08333333333333333,single_contract,单一合约,0,0,0,0,Descriptive cluster only; it is not automatically classified as a notice-driven or causal policy event.,仅为描述性变更簇，不自动认定为公告驱动或因果政策事件。
v15_cluster_0010200,v15_cluster_0010200,20200102,20200102,BU,BU,Bitumen,石油沥青,Hedge-position margin ratio,套保持仓交易保证金比例,0.1,0.1,0.15,0.15,bu2001,bu2001,1,1,12,12,0.08333333333333333,0.08333333333333333,single_contract,单一合约,1,1,0,0,Descriptive cluster only; it is not automatically classified as a notice-driven or causal policy event.,仅为描述性变更簇，不自动认定为公告驱动或因果政策事件。
v15_cluster_0010243,v15_cluster_0010243,20200107,20200107,BU,BU,Bitumen,石油沥青,General-position margin ratio,一般持仓交易保证金比例,0.09,0.09,0.12,0.12,bu2003,bu2003,1,1,12,12,0.08333333333333333,0.08333333333333333,single_contract,单一合约,0,0,0,0,Descriptive cluster only; it is not automatically classified as a notice-driven or causal policy event.,仅为描述性变更簇，不自动认定为公告驱动或因果政策事件。
v15_cluster_0010244,v15_cluster_0010244,20200107,20200107,BU,BU,Bitumen,石油沥青,Hedge-position margin ratio,套保持仓交易保证金比例,0.09,0.09,0.12,0.12,bu2003,bu2003,1,1,12,12,0.08333333333333333,0.08333333333333333,single_contract,单一合约,0,0,0,0,Descriptive cluster only; it is not automatically classified as a notice-driven or causal policy event.,仅为描述性变更簇，不自动认定为公告驱动或因果政策事件。
v15_cluster_0010245,v15_cluster_0010245,20200107,20200107,BU,BU,Bitumen,石油沥青,Price-limit ratio,涨跌停板幅度,0.07,0.07,0.1,0.1,bu2003,bu2003,1,1,12,12,0.08333333333333333,0.08333333333333333,single_contract,单一合约,0,0,0,0,Descriptive cluster only; it is not automatically classified as a notice-driven or causal policy event.,仅为描述性变更簇，不自动认定为公告驱动或因果政策事件。
v15_cluster_0010252,v15_cluster_0010252,20200108,20200108,BU,BU,Bitumen,石油沥青,General-position margin ratio,一般持仓交易保证金比例,0.12,0.12,0.09,0.09,bu2003,bu2003,1,1,12,12,0.08333333333333333,0.08333333333333333,single_contract,单一合约,0,0,0,0,Descriptive cluster only; it is not automatically classified as a notice-driven or causal policy event.,仅为描述性变更簇，不自动认定为公告驱动或因果政策事件。
v15_cluster_0010253,v15_cluster_0010253,20200108,20200108,BU,BU,Bitumen,石油沥青,Hedge-position margin ratio,套保持仓交易保证金比例,0.12,0.12,0.09,0.09,bu2003,bu2003,1,1,12,12,0.08333333333333333,0.08333333333333333,single_contract,单一合约,0,0,0,0,Descriptive cluster only; it is not automatically classified as a notice-driven or causal policy event.,仅为描述性变更簇，不自动认定为公告驱动或因果政策事件。
v15_cluster_0010254,v15_cluster_0010254,20200108,20200108,BU,BU,Bitumen,石油沥青,Price-limit ratio,涨跌停板幅度,0.1,0.1,0.07,0.07,bu2003,bu2003,1,1,12,12,0.08333333333333333,0.08333333333333333,single_contract,单一合约,0,0,0,0,Descriptive cluster only; it is not automatically classified as a notice-driven or causal policy event.,仅为描述性变更簇，不自动认定为公告驱动或因果政策事件。
v15_cluster_0010271,v15_cluster_0010271,20200113,20200113,BU,BU,Bitumen,石油沥青,General-position margin ratio,一般持仓交易保证金比例,0.15,0.15,0.2,0.2,bu2001,bu2001,1,1,12,12,0.08333333333333333,0.08333333333333333,single_contract,单一合约,1,1,0,0,Descriptive cluster only; it is not automatically classified as a notice-driven or causal policy event.,仅为描述性变更簇，不自动认定为公告驱动或因果政策事件。
v15_cluster_0010272,v15_cluster_0010272,20200113,20200113,BU,BU,Bitumen,石油沥青,Hedge-position margin ratio,套保持仓交易保证金比例,0.15,0.15,0.2,0.2,bu2001,bu2001,1,1,12,12,0.08333333333333333,0.08333333333333333,single_contract,单一合约,1,1,0,0,Descriptive cluster only; it is not automatically classified as a notice-driven or causal policy event.,仅为描述性变更簇，不自动认定为公告驱动或因果政策事件。
v15_cluster_0010328,v15_cluster_0010328,20200123,20200123,BU,BU,Bitumen,石油沥青,General-position margin ratio,一般持仓交易保证金比例,0.09,0.09,0.11,0.11,bu2003;bu2004;bu2005;bu2006;bu2007;bu2009;bu2012;bu2103;bu2106;bu2109;bu2112,bu2003;bu2004;bu2005;bu2006;bu2007;bu2009;bu2012;bu2103;bu2106;bu2109;bu2112,11,11,12,12,0.9166666666666666,0.9166666666666666,majority_of_active_contracts,覆盖当日多数活跃合约,0,0,0,0,Descriptive cluster only; it is not automatically classified as a notice-driven or causal policy event.,仅为描述性变更簇，不自动认定为公告驱动或因果政策事件。
v15_cluster_0010329,v15_cluster_0010329,20200123,20200123,BU,BU,Bitumen,石油沥青,General-position margin ratio,一般持仓交易保证金比例,0.1,0.1,0.11,0.11,bu2002,bu2002,1,1,12,12,0.08333333333333333,0.08333333333333333,single_contract,单一合约,1,1,0,0,Descriptive cluster only; it is not automatically classified as a notice-driven or causal policy event.,仅为描述性变更簇，不自动认定为公告驱动或因果政策事件。
v15_cluster_0010330,v15_cluster_0010330,20200123,20200123,BU,BU,Bitumen,石油沥青,Hedge-position margin ratio,套保持仓交易保证金比例,0.09,0.09,0.11,0.11,bu2003;bu2004;bu2005;bu2006;bu2007;bu2009;bu2012;bu2103;bu2106;bu2109;bu2112,bu2003;bu2004;bu2005;bu2006;bu2007;bu2009;bu2012;bu2103;bu2106;bu2109;bu2112,11,11,12,12,0.9166666666666666,0.9166666666666666,majority_of_active_contracts,覆盖当日多数活跃合约,0,0,0,0,Descriptive cluster only; it is not automatically classified as a notice-driven or causal policy event.,仅为描述性变更簇，不自动认定为公告驱动或因果政策事件。
v15_cluster_0010331,v15_cluster_0010331,20200123,20200123,BU,BU,Bitumen,石油沥青,Hedge-position margin ratio,套保持仓交易保证金比例,0.1,0.1,0.11,0.11,bu2002,bu2002,1,1,12,12,0.08333333333333333,0.08333333333333333,single_contract,单一合约,1,1,0,0,Descriptive cluster only; it is not automatically classified as a notice-driven or causal policy event.,仅为描述性变更簇，不自动认定为公告驱动或因果政策事件。
v15_cluster_0010332,v15_cluster_0010332,20200123,20200123,BU,BU,Bitumen,石油沥青,Price-limit ratio,涨跌停板幅度,0.07,0.07,0.09,0.09,bu2002;bu2003;bu2004;bu2005;bu2006;bu2009;bu2012;bu2103;bu2106;bu2109;bu2112,bu2002;bu2003;bu2004;bu2005;bu2006;bu2009;bu2012;bu2103;bu2106;bu2109;bu2112,11,11,12,12,0.9166666666666666,0.9166666666666666,majority_of_active_contracts,覆盖当日多数活跃合约,1,1,0,0,Descriptive cluster only; it is not automatically classified as a notice-driven or causal policy event.,仅为描述性变更簇，不自动认定为公告驱动或因果政策事件。
v15_cluster_0010333,v15_cluster_0010333,20200123,20200123,BU,BU,Bitumen,石油沥青,Price-limit ratio,涨跌停板幅度,0.14,0.14,0.18,0.18,bu2007,bu2007,1,1,12,12,0.08333333333333333,0.08333333333333333,single_contract,单一合约,0,0,0,0,Descriptive cluster only; it is not automatically classified as a notice-driven or causal policy event.,仅为描述性变更簇，不自动认定为公告驱动或因果政策事件。
v15_cluster_0010395,v15_cluster_0010395,20200203,20200203,BU,BU,Bitumen,石油沥青,General-position margin ratio,一般持仓交易保证金比例,0.11,0.11,0.15,0.15,bu2002,bu2002,1,1,12,12,0.08333333333333333,0.08333333333333333,single_contract,单一合约,1,1,2,2,Descriptive cluster only; it is not automatically classified as a notice-driven or causal policy event.,仅为描述性变更簇，不自动认定为公告驱动或因果政策事件。
v15_cluster_0010396,v15_cluster_0010396,20200203,20200203,BU,BU,Bitumen,石油沥青,Hedge-position margin ratio,套保持仓交易保证金比例,0.11,0.11,0.15,0.15,bu2002,bu2002,1,1,12,12,0.08333333333333333,0.08333333333333333,single_contract,单一合约,1,1,2,2,Descriptive cluster only; it is not automatically classified as a notice-driven or causal policy event.,仅为描述性变更簇，不自动认定为公告驱动或因果政策事件。
v15_cluster_0010397,v15_cluster_0010397,20200203,20200203,BU,BU,Bitumen,石油沥青,Price-limit ratio,涨跌停板幅度,0.18,0.18,0.09,0.09,bu2007,bu2007,1,1,12,12,0.08333333333333333,0.08333333333333333,single_contract,单一合约,0,0,2,2,Descriptive cluster only; it is not automatically classified as a notice-driven or causal policy event.,仅为描述性变更簇，不自动认定为公告驱动或因果政策事件。
v15_cluster_0010439,v15_cluster_0010439,20200204,20200204,BU,BU,Bitumen,石油沥青,General-position margin ratio,一般持仓交易保证金比例,0.11,0.11,0.09,0.09,bu2004;bu2005;bu2006;bu2007;bu2009;bu2012;bu2103;bu2106;bu2109;bu2112,bu2004;bu2005;bu2006;bu2007;bu2009;bu2012;bu2103;bu2106;bu2109;bu2112,10,10,12,12,0.8333333333333334,0.8333333333333334,majority_of_active_contracts,覆盖当日多数活跃合约,0,0,0,0,Descriptive cluster only; it is not automatically classified as a notice-driven or causal policy event.,仅为描述性变更簇，不自动认定为公告驱动或因果政策事件。
v15_cluster_0010440,v15_cluster_0010440,20200204,20200204,BU,BU,Bitumen,石油沥青,General-position margin ratio,一般持仓交易保证金比例,0.11,0.11,0.1,0.1,bu2003,bu2003,1,1,12,12,0.08333333333333333,0.08333333333333333,single_contract,单一合约,0,0,0,0,Descriptive cluster only; it is not automatically classified as a notice-driven or causal policy event.,仅为描述性变更簇，不自动认定为公告驱动或因果政策事件。
v15_cluster_0010441,v15_cluster_0010441,20200204,20200204,BU,BU,Bitumen,石油沥青,Hedge-position margin ratio,套保持仓交易保证金比例,0.11,0.11,0.09,0.09,bu2004;bu2005;bu2006;bu2007;bu2009;bu2012;bu2103;bu2106;bu2109;bu2112,bu2004;bu2005;bu2006;bu2007;bu2009;bu2012;bu2103;bu2106;bu2109;bu2112,10,10,12,12,0.8333333333333334,0.8333333333333334,majority_of_active_contracts,覆盖当日多数活跃合约,0,0,0,0,Descriptive cluster only; it is not automatically classified as a notice-driven or causal policy event.,仅为描述性变更簇，不自动认定为公告驱动或因果政策事件。
v15_cluster_0010442,v15_cluster_0010442,20200204,20200204,BU,BU,Bitumen,石油沥青,Hedge-position margin ratio,套保持仓交易保证金比例,0.11,0.11,0.1,0.1,bu2003,bu2003,1,1,12,12,0.08333333333333333,0.08333333333333333,single_contract,单一合约,0,0,0,0,Descriptive cluster only; it is not automatically classified as a notice-driven or causal policy event.,仅为描述性变更簇，不自动认定为公告驱动或因果政策事件。
v15_cluster_0010443,v15_cluster_0010443,20200204,20200204,BU,BU,Bitumen,石油沥青,Price-limit ratio,涨跌停板幅度,0.09,0.09,0.07,0.07,bu2002;bu2003;bu2004;bu2005;bu2006;bu2007;bu2009;bu2012;bu2103;bu2106;bu2109;bu2112,bu2002;bu2003;bu2004;bu2005;bu2006;bu2007;bu2009;bu2012;bu2103;bu2106;bu2109;bu2112,12,12,12,12,1.0,1.0,all_active_contracts,覆盖当日全部活跃合约,1,1,0,0,Descriptive cluster only; it is not automatically classified as a notice-driven or causal policy event.,仅为描述性变更簇，不自动认定为公告驱动或因果政策事件。
v15_cluster_0010542,v15_cluster_0010542,20200213,20200213,BU,BU,Bitumen,石油沥青,General-position margin ratio,一般持仓交易保证金比例,0.15,0.15,0.2,0.2,bu2002,bu2002,1,1,12,12,0.08333333333333333,0.08333333333333333,single_contract,单一合约,1,1,0,0,Descriptive cluster only; it is not automatically classified as a notice-driven or causal policy event.,仅为描述性变更簇，不自动认定为公告驱动或因果政策事件。
v15_cluster_0010543,v15_cluster_0010543,20200213,20200213,BU,BU,Bitumen,石油沥青,Hedge-position margin ratio,套保持仓交易保证金比例,0.15,0.15,0.2,0.2,bu2002,bu2002,1,1,12,12,0.08333333333333333,0.08333333333333333,single_contract,单一合约,1,1,0,0,Descriptive cluster only; it is not automatically classified as a notice-driven or causal policy event.,仅为描述性变更簇，不自动认定为公告驱动或因果政策事件。
v15_cluster_0010599,v15_cluster_0010599,20200302,20200302,BU,BU,Bitumen,石油沥青,General-position margin ratio,一般持仓交易保证金比例,0.09,0.09,0.1,0.1,bu2004,bu2004,1,1,12,12,0.08333333333333333,0.08333333333333333,single_contract,单一合约,0,0,0,0,Descriptive cluster only; it is not automatically classified as a notice-driven or causal policy event.,仅为描述性变更簇，不自动认定为公告驱动或因果政策事件。
v15_cluster_0010600,v15_cluster_0010600,20200302,20200302,BU,BU,Bitumen,石油沥青,General-position margin ratio,一般持仓交易保证金比例,0.1,0.1,0.15,0.15,bu2003,bu2003,1,1,12,12,0.08333333333333333,0.08333333333333333,single_contract,单一合约,1,1,0,0,Descriptive cluster only; it is not automatically classified as a notice-driven or causal policy event.,仅为描述性变更簇，不自动认定为公告驱动或因果政策事件。
v15_cluster_0010601,v15_cluster_0010601,20200302,20200302,BU,BU,Bitumen,石油沥青,Hedge-position margin ratio,套保持仓交易保证金比例,0.09,0.09,0.1,0.1,bu2004,bu2004,1,1,12,12,0.08333333333333333,0.08333333333333333,single_contract,单一合约,0,0,0,0,Descriptive cluster only; it is not automatically classified as a notice-driven or causal policy event.,仅为描述性变更簇，不自动认定为公告驱动或因果政策事件。
v15_cluster_0010602,v15_cluster_0010602,20200302,20200302,BU,BU,Bitumen,石油沥青,Hedge-position margin ratio,套保持仓交易保证金比例,0.1,0.1,0.15,0.15,bu2003,bu2003,1,1,12,12,0.08333333333333333,0.08333333333333333,single_contract,单一合约,1,1,0,0,Descriptive cluster only; it is not automatically classified as a notice-driven or causal policy event.,仅为描述性变更簇，不自动认定为公告驱动或因果政策事件。
v15_cluster_0010659,v15_cluster_0010659,20200310,20200310,BU,BU,Bitumen,石油沥青,General-position margin ratio,一般持仓交易保证金比例,0.09,0.09,0.12,0.12,bu2005;bu2006;bu2008;bu2009;bu2012;bu2103;bu2106;bu2109;bu2112,bu2005;bu2006;bu2008;bu2009;bu2012;bu2103;bu2106;bu2109;bu2112,9,9,12,12,0.75,0.75,majority_of_active_contracts,覆盖当日多数活跃合约,0,0,0,0,Descriptive cluster only; it is not automatically classified as a notice-driven or causal policy event.,仅为描述性变更簇，不自动认定为公告驱动或因果政策事件。
v15_cluster_0010660,v15_cluster_0010660,20200310,20200310,BU,BU,Bitumen,石油沥青,Hedge-position margin ratio,套保持仓交易保证金比例,0.09,0.09,0.12,0.12,bu2005;bu2006;bu2008;bu2009;bu2012;bu2103;bu2106;bu2109;bu2112,bu2005;bu2006;bu2008;bu2009;bu2012;bu2103;bu2106;bu2109;bu2112,9,9,12,12,0.75,0.75,majority_of_active_contracts,覆盖当日多数活跃合约,0,0,0,0,Descriptive cluster only; it is not automatically classified as a notice-driven or causal policy event.,仅为描述性变更簇，不自动认定为公告驱动或因果政策事件。
v15_cluster_0010661,v15_cluster_0010661,20200310,20200310,BU,BU,Bitumen,石油沥青,Price-limit ratio,涨跌停板幅度,0.07,0.07,0.1,0.1,bu2005;bu2006;bu2009;bu2012;bu2103;bu2106;bu2109;bu2112,bu2005;bu2006;bu2009;bu2012;bu2103;bu2106;bu2109;bu2112,8,8,12,12,0.6666666666666666,0.6666666666666666,majority_of_active_contracts,覆盖当日多数活跃合约,0,0,0,0,Descriptive cluster only; it is not automatically classified as a notice-driven or causal policy event.,仅为描述性变更簇，不自动认定为公告驱动或因果政策事件。
v15_cluster_0010662,v15_cluster_0010662,20200310,20200310,BU,BU,Bitumen,石油沥青,Price-limit ratio,涨跌停板幅度,0.14,0.14,0.1,0.1,bu2008,bu2008,1,1,12,12,0.08333333333333333,0.08333333333333333,single_contract,单一合约,0,0,0,0,Descriptive cluster only; it is not automatically classified as a notice-driven or causal policy event.,仅为描述性变更簇，不自动认定为公告驱动或因果政策事件。
v15_cluster_0010671,v15_cluster_0010671,20200311,20200311,BU,BU,Bitumen,石油沥青,General-position margin ratio,一般持仓交易保证金比例,0.12,0.12,0.09,0.09,bu2005;bu2006;bu2008;bu2009;bu2012;bu2103;bu2106;bu2109;bu2112,bu2005;bu2006;bu2008;bu2009;bu2012;bu2103;bu2106;bu2109;bu2112,9,9,12,12,0.75,0.75,majority_of_active_contracts,覆盖当日多数活跃合约,0,0,0,0,Descriptive cluster only; it is not automatically classified as a notice-driven or causal policy event.,仅为描述性变更簇，不自动认定为公告驱动或因果政策事件。
v15_cluster_0010672,v15_cluster_0010672,20200311,20200311,BU,BU,Bitumen,石油沥青,Hedge-position margin ratio,套保持仓交易保证金比例,0.12,0.12,0.09,0.09,bu2005;bu2006;bu2008;bu2009;bu2012;bu2103;bu2106;bu2109;bu2112,bu2005;bu2006;bu2008;bu2009;bu2012;bu2103;bu2106;bu2109;bu2112,9,9,12,12,0.75,0.75,majority_of_active_contracts,覆盖当日多数活跃合约,0,0,0,0,Descriptive cluster only; it is not automatically classified as a notice-driven or causal policy event.,仅为描述性变更簇，不自动认定为公告驱动或因果政策事件。
v15_cluster_0010673,v15_cluster_0010673,20200311,20200311,BU,BU,Bitumen,石油沥青,Price-limit ratio,涨跌停板幅度,0.1,0.1,0.07,0.07,bu2005;bu2006;bu2008;bu2009;bu2012;bu2103;bu2106;bu2109;bu2112,bu2005;bu2006;bu2008;bu2009;bu2012;bu2103;bu2106;bu2109;bu2112,9,9,12,12,0.75,0.75,majority_of_active_contracts,覆盖当日多数活跃合约,0,0,0,0,Descriptive cluster only; it is not automatically classified as a notice-driven or causal policy event.,仅为描述性变更簇，不自动认定为公告驱动或因果政策事件。
v15_cluster_0010692,v15_cluster_0010692,20200312,20200312,BU,BU,Bitumen,石油沥青,General-position margin ratio,一般持仓交易保证金比例,0.1,0.1,0.12,0.12,bu2004,bu2004,1,1,12,12,0.08333333333333333,0.08333333333333333,single_contract,单一合约,0,0,0,0,Descriptive cluster only; it is not automatically classified as a notice-driven or causal policy event.,仅为描述性变更簇，不自动认定为公告驱动或因果政策事件。
v15_cluster_0010693,v15_cluster_0010693,20200312,20200312,BU,BU,Bitumen,石油沥青,General-position margin ratio,一般持仓交易保证金比例,0.15,0.15,0.2,0.2,bu2003,bu2003,1,1,12,12,0.08333333333333333,0.08333333333333333,single_contract,单一合约,1,1,0,0,Descriptive cluster only; it is not automatically classified as a notice-driven or causal policy event.,仅为描述性变更簇，不自动认定为公告驱动或因果政策事件。
v15_cluster_0010694,v15_cluster_0010694,20200312,20200312,BU,BU,Bitumen,石油沥青,Hedge-position margin ratio,套保持仓交易保证金比例,0.1,0.1,0.12,0.12,bu2004,bu2004,1,1,12,12,0.08333333333333333,0.08333333333333333,single_contract,单一合约,0,0,0,0,Descriptive cluster only; it is not automatically classified as a notice-driven or causal policy event.,仅为描述性变更簇，不自动认定为公告驱动或因果政策事件。
v15_cluster_0010695,v15_cluster_0010695,20200312,20200312,BU,BU,Bitumen,石油沥青,Hedge-position margin ratio,套保持仓交易保证金比例,0.15,0.15,0.2,0.2,bu2003,bu2003,1,1,12,12,0.08333333333333333,0.08333333333333333,single_contract,单一合约,1,1,0,0,Descriptive cluster only; it is not automatically classified as a notice-driven or causal policy event.,仅为描述性变更簇，不自动认定为公告驱动或因果政策事件。
v15_cluster_0010696,v15_cluster_0010696,20200312,20200312,BU,BU,Bitumen,石油沥青,Price-limit ratio,涨跌停板幅度,0.07,0.07,0.1,0.1,bu2004,bu2004,1,1,12,12,0.08333333333333333,0.08333333333333333,single_contract,单一合约,0,0,0,0,Descriptive cluster only; it is not automatically classified as a notice-driven or causal policy event.,仅为描述性变更簇，不自动认定为公告驱动或因果政策事件。
v15_cluster_0010728,v15_cluster_0010728,20200313,20200313,BU,BU,Bitumen,石油沥青,General-position margin ratio,一般持仓交易保证金比例,0.09,0.09,0.12,0.12,bu2005;bu2006,bu2005;bu2006,2,2,12,12,0.16666666666666666,0.16666666666666666,multiple_contracts_partial,覆盖多个但非多数合约,0,0,0,0,Descriptive cluster only; it is not automatically classified as a notice-driven or causal policy event.,仅为描述性变更簇，不自动认定为公告驱动或因果政策事件。
v15_cluster_0010729,v15_cluster_0010729,20200313,20200313,BU,BU,Bitumen,石油沥青,General-position margin ratio,一般持仓交易保证金比例,0.12,0.12,0.1,0.1,bu2004,bu2004,1,1,12,12,0.08333333333333333,0.08333333333333333,single_contract,单一合约,0,0,0,0,Descriptive cluster only; it is not automatically classified as a notice-driven or causal policy event.,仅为描述性变更簇，不自动认定为公告驱动或因果政策事件。
v15_cluster_0010730,v15_cluster_0010730,20200313,20200313,BU,BU,Bitumen,石油沥青,Hedge-position margin ratio,套保持仓交易保证金比例,0.09,0.09,0.12,0.12,bu2005;bu2006,bu2005;bu2006,2,2,12,12,0.16666666666666666,0.16666666666666666,multiple_contracts_partial,覆盖多个但非多数合约,0,0,0,0,Descriptive cluster only; it is not automatically classified as a notice-driven or causal policy event.,仅为描述性变更簇，不自动认定为公告驱动或因果政策事件。
v15_cluster_0010731,v15_cluster_0010731,20200313,20200313,BU,BU,Bitumen,石油沥青,Hedge-position margin ratio,套保持仓交易保证金比例,0.12,0.12,0.1,0.1,bu2004,bu2004,1,1,12,12,0.08333333333333333,0.08333333333333333,single_contract,单一合约,0,0,0,0,Descriptive cluster only; it is not automatically classified as a notice-driven or causal policy event.,仅为描述性变更簇，不自动认定为公告驱动或因果政策事件。
v15_cluster_0010732,v15_cluster_0010732,20200313,20200313,BU,BU,Bitumen,石油沥青,Price-limit ratio,涨跌停板幅度,0.07,0.07,0.1,0.1,bu2003;bu2005;bu2006,bu2003;bu2005;bu2006,3,3,12,12,0.25,0.25,multiple_contracts_partial,覆盖多个但非多数合约,1,1,0,0,Descriptive cluster only; it is not automatically classified as a notice-driven or causal policy event.,仅为描述性变更簇，不自动认定为公告驱动或因果政策事件。
v15_cluster_0010733,v15_cluster_0010733,20200313,20200313,BU,BU,Bitumen,石油沥青,Price-limit ratio,涨跌停板幅度,0.1,0.1,0.07,0.07,bu2004,bu2004,1,1,12,12,0.08333333333333333,0.08333333333333333,single_contract,单一合约,0,0,0,0,Descriptive cluster only; it is not automatically classified as a notice-driven or causal policy event.,仅为描述性变更簇，不自动认定为公告驱动或因果政策事件。
v15_cluster_0010737,v15_cluster_0010737,20200316,20200316,BU,BU,Bitumen,石油沥青,General-position margin ratio,一般持仓交易保证金比例,0.12,0.12,0.09,0.09,bu2005;bu2006,bu2005;bu2006,2,2,12,12,0.16666666666666666,0.16666666666666666,multiple_contracts_partial,覆盖多个但非多数合约,0,0,0,0,Descriptive cluster only; it is not automatically classified as a notice-driven or causal policy event.,仅为描述性变更簇，不自动认定为公告驱动或因果政策事件。
v15_cluster_0010738,v15_cluster_0010738,20200316,20200316,BU,BU,Bitumen,石油沥青,Hedge-position margin ratio,套保持仓交易保证金比例,0.12,0.12,0.09,0.09,bu2005;bu2006,bu2005;bu2006,2,2,12,12,0.16666666666666666,0.16666666666666666,multiple_contracts_partial,覆盖多个但非多数合约,0,0,0,0,Descriptive cluster only; it is not automatically classified as a notice-driven or causal policy event.,仅为描述性变更簇，不自动认定为公告驱动或因果政策事件。
v15_cluster_0010739,v15_cluster_0010739,20200316,20200316,BU,BU,Bitumen,石油沥青,Price-limit ratio,涨跌停板幅度,0.1,0.1,0.07,0.07,bu2003;bu2005;bu2006,bu2003;bu2005;bu2006,3,3,12,12,0.25,0.25,multiple_contracts_partial,覆盖多个但非多数合约,1,1,0,0,Descriptive cluster only; it is not automatically classified as a notice-driven or causal policy event.,仅为描述性变更簇，不自动认定为公告驱动或因果政策事件。
v15_cluster_0010754,v15_cluster_0010754,20200317,20200317,BU,BU,Bitumen,石油沥青,General-position margin ratio,一般持仓交易保证金比例,0.09,0.09,0.11,0.11,bu2005;bu2006;bu2007;bu2008;bu2009;bu2012;bu2103;bu2106;bu2109;bu2112,bu2005;bu2006;bu2007;bu2008;bu2009;bu2012;bu2103;bu2106;bu2109;bu2112,10,10,12,12,0.8333333333333334,0.8333333333333334,majority_of_active_contracts,覆盖当日多数活跃合约,0,0,0,0,Descriptive cluster only; it is not automatically classified as a notice-driven or causal policy event.,仅为描述性变更簇，不自动认定为公告驱动或因果政策事件。
v15_cluster_0010755,v15_cluster_0010755,20200317,20200317,BU,BU,Bitumen,石油沥青,General-position margin ratio,一般持仓交易保证金比例,0.1,0.1,0.11,0.11,bu2004,bu2004,1,1,12,12,0.08333333333333333,0.08333333333333333,single_contract,单一合约,1,1,0,0,Descriptive cluster only; it is not automatically classified as a notice-driven or causal policy event.,仅为描述性变更簇，不自动认定为公告驱动或因果政策事件。
v15_cluster_0010756,v15_cluster_0010756,20200317,20200317,BU,BU,Bitumen,石油沥青,Hedge-position margin ratio,套保持仓交易保证金比例,0.09,0.09,0.11,0.11,bu2005;bu2006;bu2007;bu2008;bu2009;bu2012;bu2103;bu2106;bu2109;bu2112,bu2005;bu2006;bu2007;bu2008;bu2009;bu2012;bu2103;bu2106;bu2109;bu2112,10,10,12,12,0.8333333333333334,0.8333333333333334,majority_of_active_contracts,覆盖当日多数活跃合约,0,0,0,0,Descriptive cluster only; it is not automatically classified as a notice-driven or causal policy event.,仅为描述性变更簇，不自动认定为公告驱动或因果政策事件。
v15_cluster_0010757,v15_cluster_0010757,20200317,20200317,BU,BU,Bitumen,石油沥青,Hedge-position margin ratio,套保持仓交易保证金比例,0.1,0.1,0.11,0.11,bu2004,bu2004,1,1,12,12,0.08333333333333333,0.08333333333333333,single_contract,单一合约,1,1,0,0,Descriptive cluster only; it is not automatically classified as a notice-driven or causal policy event.,仅为描述性变更簇，不自动认定为公告驱动或因果政策事件。
v15_cluster_0010758,v15_cluster_0010758,20200317,20200317,BU,BU,Bitumen,石油沥青,Price-limit ratio,涨跌停板幅度,0.07,0.07,0.1,0.1,bu2004;bu2005;bu2006;bu2007;bu2008;bu2009;bu2012;bu2103;bu2106;bu2109;bu2112,bu2004;bu2005;bu2006;bu2007;bu2008;bu2009;bu2012;bu2103;bu2106;bu2109;bu2112,11,11,12,12,0.9166666666666666,0.9166666666666666,majority_of_active_contracts,覆盖当日多数活跃合约,1,1,0,0,Descriptive cluster only; it is not automatically classified as a notice-driven or causal policy event.,仅为描述性变更簇，不自动认定为公告驱动或因果政策事件。
v15_cluster_0010901,v15_cluster_0010901,20200326,20200326,BU,BU,Bitumen,石油沥青,Price-limit ratio,涨跌停板幅度,0.2,0.2,0.1,0.1,bu2203,bu2203,1,1,12,12,0.08333333333333333,0.08333333333333333,single_contract,单一合约,0,0,0,0,Descriptive cluster only; it is not automatically classified as a notice-driven or causal policy event.,仅为描述性变更簇，不自动认定为公告驱动或因果政策事件。
v15_cluster_0010918,v15_cluster_0010918,20200401,20200401,BU,BU,Bitumen,石油沥青,General-position margin ratio,一般持仓交易保证金比例,0.11,0.11,0.15,0.15,bu2004,bu2004,1,1,12,12,0.08333333333333333,0.08333333333333333,single_contract,单一合约,1,1,0,0,Descriptive cluster only; it is not automatically classified as a notice-driven or causal policy event.,仅为描述性变更簇，不自动认定为公告驱动或因果政策事件。
v15_cluster_0010919,v15_cluster_0010919,20200401,20200401,BU,BU,Bitumen,石油沥青,Hedge-position margin ratio,套保持仓交易保证金比例,0.11,0.11,0.15,0.15,bu2004,bu2004,1,1,12,12,0.08333333333333333,0.08333333333333333,single_contract,单一合约,1,1,0,0,Descriptive cluster only; it is not automatically classified as a notice-driven or causal policy event.,仅为描述性变更簇，不自动认定为公告驱动或因果政策事件。
v15_cluster_0010968,v15_cluster_0010968,20200403,20200403,BU,BU,Bitumen,石油沥青,General-position margin ratio,一般持仓交易保证金比例,0.11,0.11,0.13,0.13,bu2005;bu2006;bu2007;bu2008;bu2009;bu2012;bu2103;bu2106;bu2109;bu2112;bu2203,bu2005;bu2006;bu2007;bu2008;bu2009;bu2012;bu2103;bu2106;bu2109;bu2112;bu2203,11,11,12,12,0.9166666666666666,0.9166666666666666,majority_of_active_contracts,覆盖当日多数活跃合约,0,0,0,0,Descriptive cluster only; it is not automatically classified as a notice-driven or causal policy event.,仅为描述性变更簇，不自动认定为公告驱动或因果政策事件。
v15_cluster_0010969,v15_cluster_0010969,20200403,20200403,BU,BU,Bitumen,石油沥青,Hedge-position margin ratio,套保持仓交易保证金比例,0.11,0.11,0.13,0.13,bu2005;bu2006;bu2007;bu2008;bu2009;bu2012;bu2103;bu2106;bu2109;bu2112;bu2203,bu2005;bu2006;bu2007;bu2008;bu2009;bu2012;bu2103;bu2106;bu2109;bu2112;bu2203,11,11,12,12,0.9166666666666666,0.9166666666666666,majority_of_active_contracts,覆盖当日多数活跃合约,0,0,0,0,Descriptive cluster only; it is not automatically classified as a notice-driven or causal policy event.,仅为描述性变更簇，不自动认定为公告驱动或因果政策事件。
v15_cluster_0010970,v15_cluster_0010970,20200403,20200403,BU,BU,Bitumen,石油沥青,Price-limit ratio,涨跌停板幅度,0.1,0.1,0.12,0.12,bu2004;bu2005;bu2006;bu2007;bu2008;bu2009;bu2012;bu2103;bu2106;bu2109;bu2112;bu2203,bu2004;bu2005;bu2006;bu2007;bu2008;bu2009;bu2012;bu2103;bu2106;bu2109;bu2112;bu2203,12,12,12,12,1.0,1.0,all_active_contracts,覆盖当日全部活跃合约,1,1,0,0,Descriptive cluster only; it is not automatically classified as a notice-driven or causal policy event.,仅为描述性变更簇，不自动认定为公告驱动或因果政策事件。
v15_cluster_0011033,v15_cluster_0011033,20200408,20200408,BU,BU,Bitumen,石油沥青,General-position margin ratio,一般持仓交易保证金比例,0.13,0.13,0.11,0.11,bu2005;bu2006;bu2007;bu2008;bu2009;bu2012;bu2103;bu2106;bu2109;bu2112;bu2203,bu2005;bu2006;bu2007;bu2008;bu2009;bu2012;bu2103;bu2106;bu2109;bu2112;bu2203,11,11,12,12,0.9166666666666666,0.9166666666666666,majority_of_active_contracts,覆盖当日多数活跃合约,0,0,0,0,Descriptive cluster only; it is not automatically classified as a notice-driven or causal policy event.,仅为描述性变更簇，不自动认定为公告驱动或因果政策事件。
v15_cluster_0011034,v15_cluster_0011034,20200408,20200408,BU,BU,Bitumen,石油沥青,Hedge-position margin ratio,套保持仓交易保证金比例,0.13,0.13,0.11,0.11,bu2005;bu2006;bu2007;bu2008;bu2009;bu2012;bu2103;bu2106;bu2109;bu2112;bu2203,bu2005;bu2006;bu2007;bu2008;bu2009;bu2012;bu2103;bu2106;bu2109;bu2112;bu2203,11,11,12,12,0.9166666666666666,0.9166666666666666,majority_of_active_contracts,覆盖当日多数活跃合约,0,0,0,0,Descriptive cluster only; it is not automatically classified as a notice-driven or causal policy event.,仅为描述性变更簇，不自动认定为公告驱动或因果政策事件。
v15_cluster_0011035,v15_cluster_0011035,20200408,20200408,BU,BU,Bitumen,石油沥青,Price-limit ratio,涨跌停板幅度,0.12,0.12,0.1,0.1,bu2004;bu2005;bu2006;bu2007;bu2008;bu2009;bu2012;bu2103;bu2106;bu2109;bu2112;bu2203,bu2004;bu2005;bu2006;bu2007;bu2008;bu2009;bu2012;bu2103;bu2106;bu2109;bu2112;bu2203,12,12,12,12,1.0,1.0,all_active_contracts,覆盖当日全部活跃合约,1,1,0,0,Descriptive cluster only; it is not automatically classified as a notice-driven or causal policy event.,仅为描述性变更簇，不自动认定为公告驱动或因果政策事件。
v15_cluster_0011094,v15_cluster_0011094,20200413,20200413,BU,BU,Bitumen,石油沥青,General-position margin ratio,一般持仓交易保证金比例,0.15,0.15,0.2,0.2,bu2004,bu2004,1,1,12,12,0.08333333333333333,0.08333333333333333,single_contract,单一合约,1,1,0,0,Descriptive cluster only; it is not automatically classified as a notice-driven or causal policy event.,仅为描述性变更簇，不自动认定为公告驱动或因果政策事件。
v15_cluster_0011095,v15_cluster_0011095,20200413,20200413,BU,BU,Bitumen,石油沥青,Hedge-position margin ratio,套保持仓交易保证金比例,0.15,0.15,0.2,0.2,bu2004,bu2004,1,1,12,12,0.08333333333333333,0.08333333333333333,single_contract,单一合约,1,1,0,0,Descriptive cluster only; it is not automatically classified as a notice-driven or causal policy event.,仅为描述性变更簇，不自动认定为公告驱动或因果政策事件。
v15_cluster_0011125,v15_cluster_0011125,20200417,20200417,BU,BU,Bitumen,石油沥青,Price-limit ratio,涨跌停板幅度,0.2,0.2,0.1,0.1,bu2010,bu2010,1,1,12,12,0.08333333333333333,0.08333333333333333,single_contract,单一合约,0,0,0,0,Descriptive cluster only; it is not automatically classified as a notice-driven or causal policy event.,仅为描述性变更簇，不自动认定为公告驱动或因果政策事件。
v15_cluster_0011143,v15_cluster_0011143,20200424,20200424,BU,BU,Bitumen,石油沥青,General-position margin ratio,一般持仓交易保证金比例,0.11,0.11,0.15,0.15,bu2006;bu2007;bu2012,bu2006;bu2007;bu2012,3,3,12,12,0.25,0.25,multiple_contracts_partial,覆盖多个但非多数合约,0,0,0,0,Descriptive cluster only; it is not automatically classified as a notice-driven or causal policy event.,仅为描述性变更簇，不自动认定为公告驱动或因果政策事件。
v15_cluster_0011144,v15_cluster_0011144,20200424,20200424,BU,BU,Bitumen,石油沥青,Hedge-position margin ratio,套保持仓交易保证金比例,0.11,0.11,0.15,0.15,bu2006;bu2007;bu2012,bu2006;bu2007;bu2012,3,3,12,12,0.25,0.25,multiple_contracts_partial,覆盖多个但非多数合约,0,0,0,0,Descriptive cluster only; it is not automatically classified as a notice-driven or causal policy event.,仅为描述性变更簇，不自动认定为公告驱动或因果政策事件。
v15_cluster_0011145,v15_cluster_0011145,20200424,20200424,BU,BU,Bitumen,石油沥青,Price-limit ratio,涨跌停板幅度,0.1,0.1,0.13,0.13,bu2006;bu2007;bu2012,bu2006;bu2007;bu2012,3,3,12,12,0.25,0.25,multiple_contracts_partial,覆盖多个但非多数合约,0,0,0,0,Descriptive cluster only; it is not automatically classified as a notice-driven or causal policy event.,仅为描述性变更簇，不自动认定为公告驱动或因果政策事件。
v15_cluster_0011155,v15_cluster_0011155,20200427,20200427,BU,BU,Bitumen,石油沥青,General-position margin ratio,一般持仓交易保证金比例,0.15,0.15,0.11,0.11,bu2006;bu2007;bu2012,bu2006;bu2007;bu2012,3,3,12,12,0.25,0.25,multiple_contracts_partial,覆盖多个但非多数合约,0,0,0,0,Descriptive cluster only; it is not automatically classified as a notice-driven or causal policy event.,仅为描述性变更簇，不自动认定为公告驱动或因果政策事件。
v15_cluster_0011156,v15_cluster_0011156,20200427,20200427,BU,BU,Bitumen,石油沥青,Hedge-position margin ratio,套保持仓交易保证金比例,0.15,0.15,0.11,0.11,bu2006;bu2007;bu2012,bu2006;bu2007;bu2012,3,3,12,12,0.25,0.25,multiple_contracts_partial,覆盖多个但非多数合约,0,0,0,0,Descriptive cluster only; it is not automatically classified as a notice-driven or causal policy event.,仅为描述性变更簇，不自动认定为公告驱动或因果政策事件。
v15_cluster_0011157,v15_cluster_0011157,20200427,20200427,BU,BU,Bitumen,石油沥青,Price-limit ratio,涨跌停板幅度,0.13,0.13,0.1,0.1,bu2006;bu2007;bu2012,bu2006;bu2007;bu2012,3,3,12,12,0.25,0.25,multiple_contracts_partial,覆盖多个但非多数合约,0,0,0,0,Descriptive cluster only; it is not automatically classified as a notice-driven or causal policy event.,仅为描述性变更簇，不自动认定为公告驱动或因果政策事件。
v15_cluster_0011181,v15_cluster_0011181,20200430,20200430,BU,BU,Bitumen,石油沥青,General-position margin ratio,一般持仓交易保证金比例,0.11,0.11,0.16,0.16,bu2005;bu2006;bu2007;bu2008;bu2009;bu2010;bu2012;bu2103;bu2106;bu2109;bu2112;bu2203,bu2005;bu2006;bu2007;bu2008;bu2009;bu2010;bu2012;bu2103;bu2106;bu2109;bu2112;bu2203,12,12,12,12,1.0,1.0,all_active_contracts,覆盖当日全部活跃合约,1,1,0,0,Descriptive cluster only; it is not automatically classified as a notice-driven or causal policy event.,仅为描述性变更簇，不自动认定为公告驱动或因果政策事件。
v15_cluster_0011182,v15_cluster_0011182,20200430,20200430,BU,BU,Bitumen,石油沥青,Hedge-position margin ratio,套保持仓交易保证金比例,0.11,0.11,0.16,0.16,bu2005;bu2006;bu2007;bu2008;bu2009;bu2010;bu2012;bu2103;bu2106;bu2109;bu2112;bu2203,bu2005;bu2006;bu2007;bu2008;bu2009;bu2010;bu2012;bu2103;bu2106;bu2109;bu2112;bu2203,12,12,12,12,1.0,1.0,all_active_contracts,覆盖当日全部活跃合约,1,1,0,0,Descriptive cluster only; it is not automatically classified as a notice-driven or causal policy event.,仅为描述性变更簇，不自动认定为公告驱动或因果政策事件。
v15_cluster_0011183,v15_cluster_0011183,20200430,20200430,BU,BU,Bitumen,石油沥青,Price-limit ratio,涨跌停板幅度,0.1,0.1,0.14,0.14,bu2005;bu2006;bu2007;bu2008;bu2009;bu2010;bu2012;bu2103;bu2106;bu2109;bu2112;bu2203,bu2005;bu2006;bu2007;bu2008;bu2009;bu2010;bu2012;bu2103;bu2106;bu2109;bu2112;bu2203,12,12,12,12,1.0,1.0,all_active_contracts,覆盖当日全部活跃合约,1,1,0,0,Descriptive cluster only; it is not automatically classified as a notice-driven or causal policy event.,仅为描述性变更簇，不自动认定为公告驱动或因果政策事件。
v15_cluster_0011277,v15_cluster_0011277,20200507,20200507,BU,BU,Bitumen,石油沥青,General-position margin ratio,一般持仓交易保证金比例,0.16,0.16,0.15,0.15,bu2005;bu2006;bu2007;bu2008;bu2009;bu2010;bu2012;bu2103;bu2106;bu2109;bu2112;bu2203,bu2005;bu2006;bu2007;bu2008;bu2009;bu2010;bu2012;bu2103;bu2106;bu2109;bu2112;bu2203,12,12,12,12,1.0,1.0,all_active_contracts,覆盖当日全部活跃合约,1,1,0,0,Descriptive cluster only; it is not automatically classified as a notice-driven or causal policy event.,仅为描述性变更簇，不自动认定为公告驱动或因果政策事件。
v15_cluster_0011278,v15_cluster_0011278,20200507,20200507,BU,BU,Bitumen,石油沥青,Hedge-position margin ratio,套保持仓交易保证金比例,0.16,0.16,0.15,0.15,bu2005;bu2006;bu2007;bu2008;bu2009;bu2010;bu2012;bu2103;bu2106;bu2109;bu2112;bu2203,bu2005;bu2006;bu2007;bu2008;bu2009;bu2010;bu2012;bu2103;bu2106;bu2109;bu2112;bu2203,12,12,12,12,1.0,1.0,all_active_contracts,覆盖当日全部活跃合约,1,1,0,0,Descriptive cluster only; it is not automatically classified as a notice-driven or causal policy event.,仅为描述性变更簇，不自动认定为公告驱动或因果政策事件。
v15_cluster_0011279,v15_cluster_0011279,20200507,20200507,BU,BU,Bitumen,石油沥青,Price-limit ratio,涨跌停板幅度,0.14,0.14,0.13,0.13,bu2005;bu2006;bu2007;bu2008;bu2009;bu2010;bu2012;bu2103;bu2106;bu2109;bu2112;bu2203,bu2005;bu2006;bu2007;bu2008;bu2009;bu2010;bu2012;bu2103;bu2106;bu2109;bu2112;bu2203,12,12,12,12,1.0,1.0,all_active_contracts,覆盖当日全部活跃合约,1,1,0,0,Descriptive cluster only; it is not automatically classified as a notice-driven or causal policy event.,仅为描述性变更簇，不自动认定为公告驱动或因果政策事件。
v15_cluster_0011341,v15_cluster_0011341,20200513,20200513,BU,BU,Bitumen,石油沥青,General-position margin ratio,一般持仓交易保证金比例,0.15,0.15,0.2,0.2,bu2005,bu2005,1,1,12,12,0.08333333333333333,0.08333333333333333,single_contract,单一合约,1,1,0,0,Descriptive cluster only; it is not automatically classified as a notice-driven or causal policy event.,仅为描述性变更簇，不自动认定为公告驱动或因果政策事件。
v15_cluster_0011342,v15_cluster_0011342,20200513,20200513,BU,BU,Bitumen,石油沥青,Hedge-position margin ratio,套保持仓交易保证金比例,0.15,0.15,0.2,0.2,bu2005,bu2005,1,1,12,12,0.08333333333333333,0.08333333333333333,single_contract,单一合约,1,1,0,0,Descriptive cluster only; it is not automatically classified as a notice-driven or causal policy event.,仅为描述性变更簇，不自动认定为公告驱动或因果政策事件。
v15_cluster_0011388,v15_cluster_0011388,20200526,20200526,BU,BU,Bitumen,石油沥青,Price-limit ratio,涨跌停板幅度,0.26,0.26,0.13,0.13,bu2011,bu2011,1,1,12,12,0.08333333333333333,0.08333333333333333,single_contract,单一合约,0,0,0,0,Descriptive cluster only; it is not automatically classified as a notice-driven or causal policy event.,仅为描述性变更簇，不自动认定为公告驱动或因果政策事件。
v15_cluster_0011445,v15_cluster_0011445,20200611,20200611,BU,BU,Bitumen,石油沥青,General-position margin ratio,一般持仓交易保证金比例,0.15,0.15,0.2,0.2,bu2006,bu2006,1,1,12,12,0.08333333333333333,0.08333333333333333,single_contract,单一合约,1,1,0,0,Descriptive cluster only; it is not automatically classified as a notice-driven or causal policy event.,仅为描述性变更簇，不自动认定为公告驱动或因果政策事件。
v15_cluster_0011446,v15_cluster_0011446,20200611,20200611,BU,BU,Bitumen,石油沥青,Hedge-position margin ratio,套保持仓交易保证金比例,0.15,0.15,0.2,0.2,bu2006,bu2006,1,1,12,12,0.08333333333333333,0.08333333333333333,single_contract,单一合约,1,1,0,0,Descriptive cluster only; it is not automatically classified as a notice-driven or causal policy event.,仅为描述性变更簇，不自动认定为公告驱动或因果政策事件。
v15_cluster_0011474,v15_cluster_0011474,20200617,20200617,BU,BU,Bitumen,石油沥青,Price-limit ratio,涨跌停板幅度,0.26,0.26,0.13,0.13,bu2206,bu2206,1,1,12,12,0.08333333333333333,0.08333333333333333,single_contract,单一合约,0,0,0,0,Descriptive cluster only; it is not automatically classified as a notice-driven or causal policy event.,仅为描述性变更簇，不自动认定为公告驱动或因果政策事件。
v15_cluster_0011541,v15_cluster_0011541,20200713,20200713,BU,BU,Bitumen,石油沥青,General-position margin ratio,一般持仓交易保证金比例,0.15,0.15,0.2,0.2,bu2007,bu2007,1,1,12,12,0.08333333333333333,0.08333333333333333,single_contract,单一合约,1,1,0,0,Descriptive cluster only; it is not automatically classified as a notice-driven or causal policy event.,仅为描述性变更簇，不自动认定为公告驱动或因果政策事件。
v15_cluster_0011542,v15_cluster_0011542,20200713,20200713,BU,BU,Bitumen,石油沥青,Hedge-position margin ratio,套保持仓交易保证金比例,0.15,0.15,0.2,0.2,bu2007,bu2007,1,1,12,12,0.08333333333333333,0.08333333333333333,single_contract,单一合约,1,1,0,0,Descriptive cluster only; it is not automatically classified as a notice-driven or causal policy event.,仅为描述性变更簇，不自动认定为公告驱动或因果政策事件。
v15_cluster_0011569,v15_cluster_0011569,20200717,20200717,BU,BU,Bitumen,石油沥青,General-position margin ratio,一般持仓交易保证金比例,0.15,0.15,0.1,0.1,bu2008;bu2009;bu2010;bu2011;bu2012;bu2103;bu2106;bu2109;bu2112;bu2203;bu2206,bu2008;bu2009;bu2010;bu2011;bu2012;bu2103;bu2106;bu2109;bu2112;bu2203;bu2206,11,11,12,12,0.9166666666666666,0.9166666666666666,majority_of_active_contracts,覆盖当日多数活跃合约,0,0,0,0,Descriptive cluster only; it is not automatically classified as a notice-driven or causal policy event.,仅为描述性变更簇，不自动认定为公告驱动或因果政策事件。
v15_cluster_0011570,v15_cluster_0011570,20200717,20200717,BU,BU,Bitumen,石油沥青,Hedge-position margin ratio,套保持仓交易保证金比例,0.15,0.15,0.1,0.1,bu2008;bu2009;bu2010;bu2011;bu2012;bu2103;bu2106;bu2109;bu2112;bu2203;bu2206,bu2008;bu2009;bu2010;bu2011;bu2012;bu2103;bu2106;bu2109;bu2112;bu2203;bu2206,11,11,12,12,0.9166666666666666,0.9166666666666666,majority_of_active_contracts,覆盖当日多数活跃合约,0,0,0,0,Descriptive cluster only; it is not automatically classified as a notice-driven or causal policy event.,仅为描述性变更簇，不自动认定为公告驱动或因果政策事件。
v15_cluster_0011571,v15_cluster_0011571,20200717,20200717,BU,BU,Bitumen,石油沥青,Price-limit ratio,涨跌停板幅度,0.13,0.13,0.08,0.08,bu2008;bu2009;bu2010;bu2011;bu2012;bu2103;bu2106;bu2109;bu2112;bu2203;bu2206,bu2008;bu2009;bu2010;bu2011;bu2012;bu2103;bu2106;bu2109;bu2112;bu2203;bu2206,11,11,12,12,0.9166666666666666,0.9166666666666666,majority_of_active_contracts,覆盖当日多数活跃合约,0,0,0,0,Descriptive cluster only; it is not automatically classified as a notice-driven or causal policy event.,仅为描述性变更簇，不自动认定为公告驱动或因果政策事件。
v15_cluster_0011572,v15_cluster_0011572,20200717,20200717,BU,BU,Bitumen,石油沥青,Price-limit ratio,涨跌停板幅度,0.26,0.26,0.08,0.08,bu2101,bu2101,1,1,12,12,0.08333333333333333,0.08333333333333333,single_contract,单一合约,0,0,0,0,Descriptive cluster only; it is not automatically classified as a notice-driven or causal policy event.,仅为描述性变更簇，不自动认定为公告驱动或因果政策事件。
v15_cluster_0011641,v15_cluster_0011641,20200803,20200803,BU,BU,Bitumen,石油沥青,General-position margin ratio,一般持仓交易保证金比例,0.1,0.1,0.15,0.15,bu2008,bu2008,1,1,12,12,0.08333333333333333,0.08333333333333333,single_contract,单一合约,1,1,0,0,Descriptive cluster only; it is not automatically classified as a notice-driven or causal policy event.,仅为描述性变更簇，不自动认定为公告驱动或因果政策事件。
v15_cluster_0011642,v15_cluster_0011642,20200803,20200803,BU,BU,Bitumen,石油沥青,Hedge-position margin ratio,套保持仓交易保证金比例,0.1,0.1,0.15,0.15,bu2008,bu2008,1,1,12,12,0.08333333333333333,0.08333333333333333,single_contract,单一合约,1,1,0,0,Descriptive cluster only; it is not automatically classified as a notice-driven or causal policy event.,仅为描述性变更簇，不自动认定为公告驱动或因果政策事件。
v15_cluster_0011717,v15_cluster_0011717,20200813,20200813,BU,BU,Bitumen,石油沥青,General-position margin ratio,一般持仓交易保证金比例,0.15,0.15,0.2,0.2,bu2008,bu2008,1,1,12,12,0.08333333333333333,0.08333333333333333,single_contract,单一合约,1,1,0,0,Descriptive cluster only; it is not automatically classified as a notice-driven or causal policy event.,仅为描述性变更簇，不自动认定为公告驱动或因果政策事件。
v15_cluster_0011718,v15_cluster_0011718,20200813,20200813,BU,BU,Bitumen,石油沥青,Hedge-position margin ratio,套保持仓交易保证金比例,0.15,0.15,0.2,0.2,bu2008,bu2008,1,1,12,12,0.08333333333333333,0.08333333333333333,single_contract,单一合约,1,1,0,0,Descriptive cluster only; it is not automatically classified as a notice-driven or causal policy event.,仅为描述性变更簇，不自动认定为公告驱动或因果政策事件。
v15_cluster_0011757,v15_cluster_0011757,20200819,20200819,BU,BU,Bitumen,石油沥青,Price-limit ratio,涨跌停板幅度,0.16,0.16,0.08,0.08,bu2102,bu2102,1,1,12,12,0.08333333333333333,0.08333333333333333,single_contract,单一合约,0,0,0,0,Descriptive cluster only; it is not automatically classified as a notice-driven or causal policy event.,仅为描述性变更簇，不自动认定为公告驱动或因果政策事件。
v15_cluster_0011791,v15_cluster_0011791,20200901,20200901,BU,BU,Bitumen,石油沥青,General-position margin ratio,一般持仓交易保证金比例,0.1,0.1,0.15,0.15,bu2009,bu2009,1,1,12,12,0.08333333333333333,0.08333333333333333,single_contract,单一合约,1,1,0,0,Descriptive cluster only; it is not automatically classified as a notice-driven or causal policy event.,仅为描述性变更簇，不自动认定为公告驱动或因果政策事件。
v15_cluster_0011792,v15_cluster_0011792,20200901,20200901,BU,BU,Bitumen,石油沥青,Hedge-position margin ratio,套保持仓交易保证金比例,0.1,0.1,0.15,0.15,bu2009,bu2009,1,1,12,12,0.08333333333333333,0.08333333333333333,single_contract,单一合约,1,1,0,0,Descriptive cluster only; it is not automatically classified as a notice-driven or causal policy event.,仅为描述性变更簇，不自动认定为公告驱动或因果政策事件。
v15_cluster_0011843,v15_cluster_0011843,20200911,20200911,BU,BU,Bitumen,石油沥青,General-position margin ratio,一般持仓交易保证金比例,0.15,0.15,0.2,0.2,bu2009,bu2009,1,1,12,12,0.08333333333333333,0.08333333333333333,single_contract,单一合约,1,1,0,0,Descriptive cluster only; it is not automatically classified as a notice-driven or causal policy event.,仅为描述性变更簇，不自动认定为公告驱动或因果政策事件。
v15_cluster_0011844,v15_cluster_0011844,20200911,20200911,BU,BU,Bitumen,石油沥青,Hedge-position margin ratio,套保持仓交易保证金比例,0.15,0.15,0.2,0.2,bu2009,bu2009,1,1,12,12,0.08333333333333333,0.08333333333333333,single_contract,单一合约,1,1,0,0,Descriptive cluster only; it is not automatically classified as a notice-driven or causal policy event.,仅为描述性变更簇，不自动认定为公告驱动或因果政策事件。
v15_cluster_0011878,v15_cluster_0011878,20200917,20200917,BU,BU,Bitumen,石油沥青,Price-limit ratio,涨跌停板幅度,0.16,0.16,0.08,0.08,bu2209,bu2209,1,1,12,12,0.08333333333333333,0.08333333333333333,single_contract,单一合约,0,0,0,0,Descriptive cluster only; it is not automatically classified as a notice-driven or causal policy event.,仅为描述性变更簇，不自动认定为公告驱动或因果政策事件。
v15_cluster_0011911,v15_cluster_0011911,20200930,20200930,BU,BU,Bitumen,石油沥青,General-position margin ratio,一般持仓交易保证金比例,0.1,0.1,0.13,0.13,bu2010;bu2011;bu2012;bu2101;bu2102;bu2103;bu2106;bu2109;bu2112;bu2203;bu2206;bu2209,bu2010;bu2011;bu2012;bu2101;bu2102;bu2103;bu2106;bu2109;bu2112;bu2203;bu2206;bu2209,12,12,12,12,1.0,1.0,all_active_contracts,覆盖当日全部活跃合约,1,1,0,0,Descriptive cluster only; it is not automatically classified as a notice-driven or causal policy event.,仅为描述性变更簇，不自动认定为公告驱动或因果政策事件。
v15_cluster_0011912,v15_cluster_0011912,20200930,20200930,BU,BU,Bitumen,石油沥青,Hedge-position margin ratio,套保持仓交易保证金比例,0.1,0.1,0.13,0.13,bu2010;bu2011;bu2012;bu2101;bu2102;bu2103;bu2106;bu2109;bu2112;bu2203;bu2206;bu2209,bu2010;bu2011;bu2012;bu2101;bu2102;bu2103;bu2106;bu2109;bu2112;bu2203;bu2206;bu2209,12,12,12,12,1.0,1.0,all_active_contracts,覆盖当日全部活跃合约,1,1,0,0,Descriptive cluster only; it is not automatically classified as a notice-driven or causal policy event.,仅为描述性变更簇，不自动认定为公告驱动或因果政策事件。
v15_cluster_0011913,v15_cluster_0011913,20200930,20200930,BU,BU,Bitumen,石油沥青,Price-limit ratio,涨跌停板幅度,0.08,0.08,0.11,0.11,bu2010;bu2011;bu2012;bu2101;bu2102;bu2103;bu2106;bu2109;bu2112;bu2203;bu2206;bu2209,bu2010;bu2011;bu2012;bu2101;bu2102;bu2103;bu2106;bu2109;bu2112;bu2203;bu2206;bu2209,12,12,12,12,1.0,1.0,all_active_contracts,覆盖当日全部活跃合约,1,1,0,0,Descriptive cluster only; it is not automatically classified as a notice-driven or causal policy event.,仅为描述性变更簇，不自动认定为公告驱动或因果政策事件。
v15_cluster_0011970,v15_cluster_0011970,20201009,20201009,BU,BU,Bitumen,石油沥青,General-position margin ratio,一般持仓交易保证金比例,0.13,0.13,0.15,0.15,bu2010,bu2010,1,1,12,12,0.08333333333333333,0.08333333333333333,single_contract,单一合约,1,1,0,0,Descriptive cluster only; it is not automatically classified as a notice-driven or causal policy event.,仅为描述性变更簇，不自动认定为公告驱动或因果政策事件。
v15_cluster_0011971,v15_cluster_0011971,20201009,20201009,BU,BU,Bitumen,石油沥青,Hedge-position margin ratio,套保持仓交易保证金比例,0.13,0.13,0.15,0.15,bu2010,bu2010,1,1,12,12,0.08333333333333333,0.08333333333333333,single_contract,单一合约,1,1,0,0,Descriptive cluster only; it is not automatically classified as a notice-driven or causal policy event.,仅为描述性变更簇，不自动认定为公告驱动或因果政策事件。
v15_cluster_0012007,v15_cluster_0012007,20201012,20201012,BU,BU,Bitumen,石油沥青,General-position margin ratio,一般持仓交易保证金比例,0.13,0.13,0.1,0.1,bu2011;bu2012;bu2101;bu2102;bu2103;bu2106;bu2109;bu2112;bu2203;bu2206;bu2209,bu2011;bu2012;bu2101;bu2102;bu2103;bu2106;bu2109;bu2112;bu2203;bu2206;bu2209,11,11,12,12,0.9166666666666666,0.9166666666666666,majority_of_active_contracts,覆盖当日多数活跃合约,0,0,0,0,Descriptive cluster only; it is not automatically classified as a notice-driven or causal policy event.,仅为描述性变更簇，不自动认定为公告驱动或因果政策事件。
v15_cluster_0012008,v15_cluster_0012008,20201012,20201012,BU,BU,Bitumen,石油沥青,Hedge-position margin ratio,套保持仓交易保证金比例,0.13,0.13,0.1,0.1,bu2011;bu2012;bu2101;bu2102;bu2103;bu2106;bu2109;bu2112;bu2203;bu2206;bu2209,bu2011;bu2012;bu2101;bu2102;bu2103;bu2106;bu2109;bu2112;bu2203;bu2206;bu2209,11,11,12,12,0.9166666666666666,0.9166666666666666,majority_of_active_contracts,覆盖当日多数活跃合约,0,0,0,0,Descriptive cluster only; it is not automatically classified as a notice-driven or causal policy event.,仅为描述性变更簇，不自动认定为公告驱动或因果政策事件。
v15_cluster_0012009,v15_cluster_0012009,20201012,20201012,BU,BU,Bitumen,石油沥青,Price-limit ratio,涨跌停板幅度,0.11,0.11,0.08,0.08,bu2010;bu2011;bu2012;bu2101;bu2102;bu2103;bu2106;bu2109;bu2112;bu2203;bu2206;bu2209,bu2010;bu2011;bu2012;bu2101;bu2102;bu2103;bu2106;bu2109;bu2112;bu2203;bu2206;bu2209,12,12,12,12,1.0,1.0,all_active_contracts,覆盖当日全部活跃合约,1,1,0,0,Descriptive cluster only; it is not automatically classified as a notice-driven or causal policy event.,仅为描述性变更簇，不自动认定为公告驱动或因果政策事件。
v15_cluster_0012066,v15_cluster_0012066,20201013,20201013,BU,BU,Bitumen,石油沥青,General-position margin ratio,一般持仓交易保证金比例,0.15,0.15,0.2,0.2,bu2010,bu2010,1,1,12,12,0.08333333333333333,0.08333333333333333,single_contract,单一合约,1,1,0,0,Descriptive cluster only; it is not automatically classified as a notice-driven or causal policy event.,仅为描述性变更簇，不自动认定为公告驱动或因果政策事件。
v15_cluster_0012067,v15_cluster_0012067,20201013,20201013,BU,BU,Bitumen,石油沥青,Hedge-position margin ratio,套保持仓交易保证金比例,0.15,0.15,0.2,0.2,bu2010,bu2010,1,1,12,12,0.08333333333333333,0.08333333333333333,single_contract,单一合约,1,1,0,0,Descriptive cluster only; it is not automatically classified as a notice-driven or causal policy event.,仅为描述性变更簇，不自动认定为公告驱动或因果政策事件。
v15_cluster_0012095,v15_cluster_0012095,20201019,20201019,BU,BU,Bitumen,石油沥青,Price-limit ratio,涨跌停板幅度,0.16,0.16,0.08,0.08,bu2104,bu2104,1,1,12,12,0.08333333333333333,0.08333333333333333,single_contract,单一合约,0,0,0,0,Descriptive cluster only; it is not automatically classified as a notice-driven or causal policy event.,仅为描述性变更簇，不自动认定为公告驱动或因果政策事件。
v15_cluster_0012154,v15_cluster_0012154,20201102,20201102,BU,BU,Bitumen,石油沥青,General-position margin ratio,一般持仓交易保证金比例,0.1,0.1,0.15,0.15,bu2011,bu2011,1,1,12,12,0.08333333333333333,0.08333333333333333,single_contract,单一合约,1,1,0,0,Descriptive cluster only; it is not automatically classified as a notice-driven or causal policy event.,仅为描述性变更簇，不自动认定为公告驱动或因果政策事件。
v15_cluster_0012155,v15_cluster_0012155,20201102,20201102,BU,BU,Bitumen,石油沥青,Hedge-position margin ratio,套保持仓交易保证金比例,0.1,0.1,0.15,0.15,bu2011,bu2011,1,1,12,12,0.08333333333333333,0.08333333333333333,single_contract,单一合约,1,1,0,0,Descriptive cluster only; it is not automatically classified as a notice-driven or causal policy event.,仅为描述性变更簇，不自动认定为公告驱动或因果政策事件。
v15_cluster_0012216,v15_cluster_0012216,20201112,20201112,BU,BU,Bitumen,石油沥青,General-position margin ratio,一般持仓交易保证金比例,0.15,0.15,0.2,0.2,bu2011,bu2011,1,1,12,12,0.08333333333333333,0.08333333333333333,single_contract,单一合约,1,1,0,0,Descriptive cluster only; it is not automatically classified as a notice-driven or causal policy event.,仅为描述性变更簇，不自动认定为公告驱动或因果政策事件。
v15_cluster_0012217,v15_cluster_0012217,20201112,20201112,BU,BU,Bitumen,石油沥青,Hedge-position margin ratio,套保持仓交易保证金比例,0.15,0.15,0.2,0.2,bu2011,bu2011,1,1,12,12,0.08333333333333333,0.08333333333333333,single_contract,单一合约,1,1,0,0,Descriptive cluster only; it is not automatically classified as a notice-driven or causal policy event.,仅为描述性变更簇，不自动认定为公告驱动或因果政策事件。
v15_cluster_0012247,v15_cluster_0012247,20201118,20201118,BU,BU,Bitumen,石油沥青,Price-limit ratio,涨跌停板幅度,0.16,0.16,0.08,0.08,bu2105,bu2105,1,1,12,12,0.08333333333333333,0.08333333333333333,single_contract,单一合约,0,0,0,0,Descriptive cluster only; it is not automatically classified as a notice-driven or causal policy event.,仅为描述性变更簇，不自动认定为公告驱动或因果政策事件。
v15_cluster_0012296,v15_cluster_0012296,20201201,20201201,BU,BU,Bitumen,石油沥青,General-position margin ratio,一般持仓交易保证金比例,0.1,0.1,0.15,0.15,bu2012,bu2012,1,1,12,12,0.08333333333333333,0.08333333333333333,single_contract,单一合约,1,1,0,0,Descriptive cluster only; it is not automatically classified as a notice-driven or causal policy event.,仅为描述性变更簇，不自动认定为公告驱动或因果政策事件。
v15_cluster_0012297,v15_cluster_0012297,20201201,20201201,BU,BU,Bitumen,石油沥青,Hedge-position margin ratio,套保持仓交易保证金比例,0.1,0.1,0.15,0.15,bu2012,bu2012,1,1,12,12,0.08333333333333333,0.08333333333333333,single_contract,单一合约,1,1,0,0,Descriptive cluster only; it is not automatically classified as a notice-driven or causal policy event.,仅为描述性变更簇，不自动认定为公告驱动或因果政策事件。
v15_cluster_0012350,v15_cluster_0012350,20201211,20201211,BU,BU,Bitumen,石油沥青,General-position margin ratio,一般持仓交易保证金比例,0.15,0.15,0.2,0.2,bu2012,bu2012,1,1,12,12,0.08333333333333333,0.08333333333333333,single_contract,单一合约,1,1,0,0,Descriptive cluster only; it is not automatically classified as a notice-driven or causal policy event.,仅为描述性变更簇，不自动认定为公告驱动或因果政策事件。
v15_cluster_0012351,v15_cluster_0012351,20201211,20201211,BU,BU,Bitumen,石油沥青,Hedge-position margin ratio,套保持仓交易保证金比例,0.15,0.15,0.2,0.2,bu2012,bu2012,1,1,12,12,0.08333333333333333,0.08333333333333333,single_contract,单一合约,1,1,0,0,Descriptive cluster only; it is not automatically classified as a notice-driven or causal policy event.,仅为描述性变更簇，不自动认定为公告驱动或因果政策事件。
v15_cluster_0012386,v15_cluster_0012386,20201217,20201217,BU,BU,Bitumen,石油沥青,Price-limit ratio,涨跌停板幅度,0.16,0.16,0.08,0.08,bu2212,bu2212,1,1,12,12,0.08333333333333333,0.08333333333333333,single_contract,单一合约,0,0,0,0,Descriptive cluster only; it is not automatically classified as a notice-driven or causal policy event.,仅为描述性变更簇，不自动认定为公告驱动或因果政策事件。
v15_cluster_0012444,v15_cluster_0012444,20210104,20210104,BU,BU,Bitumen,石油沥青,General-position margin ratio,一般持仓交易保证金比例,0.1,0.1,0.15,0.15,bu2101,bu2101,1,1,12,12,0.08333333333333333,0.08333333333333333,single_contract,单一合约,1,1,0,0,Descriptive cluster only; it is not automatically classified as a notice-driven or causal policy event.,仅为描述性变更簇，不自动认定为公告驱动或因果政策事件。
v15_cluster_0012445,v15_cluster_0012445,20210104,20210104,BU,BU,Bitumen,石油沥青,Hedge-position margin ratio,套保持仓交易保证金比例,0.1,0.1,0.15,0.15,bu2101,bu2101,1,1,12,12,0.08333333333333333,0.08333333333333333,single_contract,单一合约,1,1,0,0,Descriptive cluster only; it is not automatically classified as a notice-driven or causal policy event.,仅为描述性变更簇，不自动认定为公告驱动或因果政策事件。
v15_cluster_0012527,v15_cluster_0012527,20210113,20210113,BU,BU,Bitumen,石油沥青,General-position margin ratio,一般持仓交易保证金比例,0.15,0.15,0.2,0.2,bu2101,bu2101,1,1,12,12,0.08333333333333333,0.08333333333333333,single_contract,单一合约,1,1,0,0,Descriptive cluster only; it is not automatically classified as a notice-driven or causal policy event.,仅为描述性变更簇，不自动认定为公告驱动或因果政策事件。
v15_cluster_0012528,v15_cluster_0012528,20210113,20210113,BU,BU,Bitumen,石油沥青,Hedge-position margin ratio,套保持仓交易保证金比例,0.15,0.15,0.2,0.2,bu2101,bu2101,1,1,12,12,0.08333333333333333,0.08333333333333333,single_contract,单一合约,1,1,0,0,Descriptive cluster only; it is not automatically classified as a notice-driven or causal policy event.,仅为描述性变更簇，不自动认定为公告驱动或因果政策事件。
v15_cluster_0012572,v15_cluster_0012572,20210126,20210126,BU,BU,Bitumen,石油沥青,Price-limit ratio,涨跌停板幅度,0.16,0.16,0.08,0.08,bu2107,bu2107,1,1,12,12,0.08333333333333333,0.08333333333333333,single_contract,单一合约,0,0,0,0,Descriptive cluster only; it is not automatically classified as a notice-driven or causal policy event.,仅为描述性变更簇，不自动认定为公告驱动或因果政策事件。
v15_cluster_0012593,v15_cluster_0012593,20210201,20210201,BU,BU,Bitumen,石油沥青,General-position margin ratio,一般持仓交易保证金比例,0.1,0.1,0.15,0.15,bu2102,bu2102,1,1,12,12,0.08333333333333333,0.08333333333333333,single_contract,单一合约,1,1,0,0,Descriptive cluster only; it is not automatically classified as a notice-driven or causal policy event.,仅为描述性变更簇，不自动认定为公告驱动或因果政策事件。
v15_cluster_0012594,v15_cluster_0012594,20210201,20210201,BU,BU,Bitumen,石油沥青,Hedge-position margin ratio,套保持仓交易保证金比例,0.1,0.1,0.15,0.15,bu2102,bu2102,1,1,12,12,0.08333333333333333,0.08333333333333333,single_contract,单一合约,1,1,0,0,Descriptive cluster only; it is not automatically classified as a notice-driven or causal policy event.,仅为描述性变更簇，不自动认定为公告驱动或因果政策事件。
v15_cluster_0012644,v15_cluster_0012644,20210203,20210203,BU,BU,Bitumen,石油沥青,General-position margin ratio,一般持仓交易保证金比例,0.15,0.15,0.2,0.2,bu2102,bu2102,1,1,12,12,0.08333333333333333,0.08333333333333333,single_contract,单一合约,1,1,0,0,Descriptive cluster only; it is not automatically classified as a notice-driven or causal policy event.,仅为描述性变更簇，不自动认定为公告驱动或因果政策事件。
v15_cluster_0012645,v15_cluster_0012645,20210203,20210203,BU,BU,Bitumen,石油沥青,Hedge-position margin ratio,套保持仓交易保证金比例,0.15,0.15,0.2,0.2,bu2102,bu2102,1,1,12,12,0.08333333333333333,0.08333333333333333,single_contract,单一合约,1,1,0,0,Descriptive cluster only; it is not automatically classified as a notice-driven or causal policy event.,仅为描述性变更簇，不自动认定为公告驱动或因果政策事件。
v15_cluster_0012690,v15_cluster_0012690,20210210,20210210,BU,BU,Bitumen,石油沥青,General-position margin ratio,一般持仓交易保证金比例,0.1,0.1,0.13,0.13,bu2103;bu2104;bu2105;bu2106;bu2107;bu2108;bu2109;bu2112;bu2203;bu2206;bu2209;bu2212,bu2103;bu2104;bu2105;bu2106;bu2107;bu2108;bu2109;bu2112;bu2203;bu2206;bu2209;bu2212,12,12,12,12,1.0,1.0,all_active_contracts,覆盖当日全部活跃合约,0,0,0,0,Descriptive cluster only; it is not automatically classified as a notice-driven or causal policy event.,仅为描述性变更簇，不自动认定为公告驱动或因果政策事件。
v15_cluster_0012691,v15_cluster_0012691,20210210,20210210,BU,BU,Bitumen,石油沥青,Hedge-position margin ratio,套保持仓交易保证金比例,0.1,0.1,0.13,0.13,bu2103;bu2104;bu2105;bu2106;bu2107;bu2108;bu2109;bu2112;bu2203;bu2206;bu2209;bu2212,bu2103;bu2104;bu2105;bu2106;bu2107;bu2108;bu2109;bu2112;bu2203;bu2206;bu2209;bu2212,12,12,12,12,1.0,1.0,all_active_contracts,覆盖当日全部活跃合约,0,0,0,0,Descriptive cluster only; it is not automatically classified as a notice-driven or causal policy event.,仅为描述性变更簇，不自动认定为公告驱动或因果政策事件。
v15_cluster_0012692,v15_cluster_0012692,20210210,20210210,BU,BU,Bitumen,石油沥青,Price-limit ratio,涨跌停板幅度,0.08,0.08,0.11,0.11,bu2103;bu2104;bu2105;bu2106;bu2107;bu2109;bu2112;bu2203;bu2206;bu2209;bu2212,bu2103;bu2104;bu2105;bu2106;bu2107;bu2109;bu2112;bu2203;bu2206;bu2209;bu2212,11,11,12,12,0.9166666666666666,0.9166666666666666,majority_of_active_contracts,覆盖当日多数活跃合约,0,0,0,0,Descriptive cluster only; it is not automatically classified as a notice-driven or causal policy event.,仅为描述性变更簇，不自动认定为公告驱动或因果政策事件。
v15_cluster_0012693,v15_cluster_0012693,20210210,20210210,BU,BU,Bitumen,石油沥青,Price-limit ratio,涨跌停板幅度,0.16,0.16,0.11,0.11,bu2108,bu2108,1,1,12,12,0.08333333333333333,0.08333333333333333,single_contract,单一合约,0,0,0,0,Descriptive cluster only; it is not automatically classified as a notice-driven or causal policy event.,仅为描述性变更簇，不自动认定为公告驱动或因果政策事件。
v15_cluster_0012761,v15_cluster_0012761,20210219,20210219,BU,BU,Bitumen,石油沥青,General-position margin ratio,一般持仓交易保证金比例,0.13,0.13,0.1,0.1,bu2103;bu2104;bu2105;bu2106;bu2107;bu2108;bu2109;bu2112;bu2203;bu2206;bu2209;bu2212,bu2103;bu2104;bu2105;bu2106;bu2107;bu2108;bu2109;bu2112;bu2203;bu2206;bu2209;bu2212,12,12,12,12,1.0,1.0,all_active_contracts,覆盖当日全部活跃合约,1,1,0,0,Descriptive cluster only; it is not automatically classified as a notice-driven or causal policy event.,仅为描述性变更簇，不自动认定为公告驱动或因果政策事件。
v15_cluster_0012762,v15_cluster_0012762,20210219,20210219,BU,BU,Bitumen,石油沥青,Hedge-position margin ratio,套保持仓交易保证金比例,0.13,0.13,0.1,0.1,bu2103;bu2104;bu2105;bu2106;bu2107;bu2108;bu2109;bu2112;bu2203;bu2206;bu2209;bu2212,bu2103;bu2104;bu2105;bu2106;bu2107;bu2108;bu2109;bu2112;bu2203;bu2206;bu2209;bu2212,12,12,12,12,1.0,1.0,all_active_contracts,覆盖当日全部活跃合约,1,1,0,0,Descriptive cluster only; it is not automatically classified as a notice-driven or causal policy event.,仅为描述性变更簇，不自动认定为公告驱动或因果政策事件。
v15_cluster_0012763,v15_cluster_0012763,20210219,20210219,BU,BU,Bitumen,石油沥青,Price-limit ratio,涨跌停板幅度,0.11,0.11,0.08,0.08,bu2103;bu2104;bu2105;bu2106;bu2107;bu2108;bu2109;bu2112;bu2203;bu2206;bu2209;bu2212,bu2103;bu2104;bu2105;bu2106;bu2107;bu2108;bu2109;bu2112;bu2203;bu2206;bu2209;bu2212,12,12,12,12,1.0,1.0,all_active_contracts,覆盖当日全部活跃合约,1,1,0,0,Descriptive cluster only; it is not automatically classified as a notice-driven or causal policy event.,仅为描述性变更簇，不自动认定为公告驱动或因果政策事件。
v15_cluster_0012869,v15_cluster_0012869,20210301,20210301,BU,BU,Bitumen,石油沥青,General-position margin ratio,一般持仓交易保证金比例,0.1,0.1,0.15,0.15,bu2103,bu2103,1,1,12,12,0.08333333333333333,0.08333333333333333,single_contract,单一合约,1,1,0,0,Descriptive cluster only; it is not automatically classified as a notice-driven or causal policy event.,仅为描述性变更簇，不自动认定为公告驱动或因果政策事件。
v15_cluster_0012870,v15_cluster_0012870,20210301,20210301,BU,BU,Bitumen,石油沥青,Hedge-position margin ratio,套保持仓交易保证金比例,0.1,0.1,0.15,0.15,bu2103,bu2103,1,1,12,12,0.08333333333333333,0.08333333333333333,single_contract,单一合约,1,1,0,0,Descriptive cluster only; it is not automatically classified as a notice-driven or causal policy event.,仅为描述性变更簇，不自动认定为公告驱动或因果政策事件。
v15_cluster_0012967,v15_cluster_0012967,20210311,20210311,BU,BU,Bitumen,石油沥青,General-position margin ratio,一般持仓交易保证金比例,0.15,0.15,0.2,0.2,bu2103,bu2103,1,1,12,12,0.08333333333333333,0.08333333333333333,single_contract,单一合约,1,1,0,0,Descriptive cluster only; it is not automatically classified as a notice-driven or causal policy event.,仅为描述性变更簇，不自动认定为公告驱动或因果政策事件。
v15_cluster_0012968,v15_cluster_0012968,20210311,20210311,BU,BU,Bitumen,石油沥青,Hedge-position margin ratio,套保持仓交易保证金比例,0.15,0.15,0.2,0.2,bu2103,bu2103,1,1,12,12,0.08333333333333333,0.08333333333333333,single_contract,单一合约,1,1,0,0,Descriptive cluster only; it is not automatically classified as a notice-driven or causal policy event.,仅为描述性变更簇，不自动认定为公告驱动或因果政策事件。
v15_cluster_0012998,v15_cluster_0012998,20210317,20210317,BU,BU,Bitumen,石油沥青,Price-limit ratio,涨跌停板幅度,0.16,0.16,0.08,0.08,bu2303,bu2303,1,1,12,12,0.08333333333333333,0.08333333333333333,single_contract,单一合约,0,0,0,0,Descriptive cluster only; it is not automatically classified as a notice-driven or causal policy event.,仅为描述性变更簇，不自动认定为公告驱动或因果政策事件。
v15_cluster_0013035,v15_cluster_0013035,20210401,20210401,BU,BU,Bitumen,石油沥青,General-position margin ratio,一般持仓交易保证金比例,0.1,0.1,0.15,0.15,bu2104,bu2104,1,1,12,12,0.08333333333333333,0.08333333333333333,single_contract,单一合约,1,1,0,0,Descriptive cluster only; it is not automatically classified as a notice-driven or causal policy event.,仅为描述性变更簇，不自动认定为公告驱动或因果政策事件。
v15_cluster_0013036,v15_cluster_0013036,20210401,20210401,BU,BU,Bitumen,石油沥青,Hedge-position margin ratio,套保持仓交易保证金比例,0.1,0.1,0.15,0.15,bu2104,bu2104,1,1,12,12,0.08333333333333333,0.08333333333333333,single_contract,单一合约,1,1,0,0,Descriptive cluster only; it is not automatically classified as a notice-driven or causal policy event.,仅为描述性变更簇，不自动认定为公告驱动或因果政策事件。
v15_cluster_0013103,v15_cluster_0013103,20210413,20210413,BU,BU,Bitumen,石油沥青,General-position margin ratio,一般持仓交易保证金比例,0.15,0.15,0.2,0.2,bu2104,bu2104,1,1,12,12,0.08333333333333333,0.08333333333333333,single_contract,单一合约,1,1,0,0,Descriptive cluster only; it is not automatically classified as a notice-driven or causal policy event.,仅为描述性变更簇，不自动认定为公告驱动或因果政策事件。
v15_cluster_0013104,v15_cluster_0013104,20210413,20210413,BU,BU,Bitumen,石油沥青,Hedge-position margin ratio,套保持仓交易保证金比例,0.15,0.15,0.2,0.2,bu2104,bu2104,1,1,12,12,0.08333333333333333,0.08333333333333333,single_contract,单一合约,1,1,0,0,Descriptive cluster only; it is not automatically classified as a notice-driven or causal policy event.,仅为描述性变更簇，不自动认定为公告驱动或因果政策事件。
v15_cluster_0013145,v15_cluster_0013145,20210428,20210428,BU,BU,Bitumen,石油沥青,Price-limit ratio,涨跌停板幅度,0.16,0.16,0.08,0.08,bu2110,bu2110,1,1,12,12,0.08333333333333333,0.08333333333333333,single_contract,单一合约,0,0,0,0,Descriptive cluster only; it is not automatically classified as a notice-driven or causal policy event.,仅为描述性变更簇，不自动认定为公告驱动或因果政策事件。
v15_cluster_0013170,v15_cluster_0013170,20210430,20210430,BU,BU,Bitumen,石油沥青,General-position margin ratio,一般持仓交易保证金比例,0.1,0.1,0.12,0.12,bu2105;bu2106;bu2107;bu2108;bu2109;bu2110;bu2112;bu2203;bu2206;bu2209;bu2212;bu2303,bu2105;bu2106;bu2107;bu2108;bu2109;bu2110;bu2112;bu2203;bu2206;bu2209;bu2212;bu2303,12,12,12,12,1.0,1.0,all_active_contracts,覆盖当日全部活跃合约,1,1,0,0,Descriptive cluster only; it is not automatically classified as a notice-driven or causal policy event.,仅为描述性变更簇，不自动认定为公告驱动或因果政策事件。
v15_cluster_0013171,v15_cluster_0013171,20210430,20210430,BU,BU,Bitumen,石油沥青,Hedge-position margin ratio,套保持仓交易保证金比例,0.1,0.1,0.12,0.12,bu2105;bu2106;bu2107;bu2108;bu2109;bu2110;bu2112;bu2203;bu2206;bu2209;bu2212;bu2303,bu2105;bu2106;bu2107;bu2108;bu2109;bu2110;bu2112;bu2203;bu2206;bu2209;bu2212;bu2303,12,12,12,12,1.0,1.0,all_active_contracts,覆盖当日全部活跃合约,1,1,0,0,Descriptive cluster only; it is not automatically classified as a notice-driven or causal policy event.,仅为描述性变更簇，不自动认定为公告驱动或因果政策事件。
v15_cluster_0013172,v15_cluster_0013172,20210430,20210430,BU,BU,Bitumen,石油沥青,Price-limit ratio,涨跌停板幅度,0.08,0.08,0.1,0.1,bu2105;bu2106;bu2107;bu2108;bu2109;bu2110;bu2112;bu2203;bu2206;bu2209;bu2212;bu2303,bu2105;bu2106;bu2107;bu2108;bu2109;bu2110;bu2112;bu2203;bu2206;bu2209;bu2212;bu2303,12,12,12,12,1.0,1.0,all_active_contracts,覆盖当日全部活跃合约,1,1,0,0,Descriptive cluster only; it is not automatically classified as a notice-driven or causal policy event.,仅为描述性变更簇，不自动认定为公告驱动或因果政策事件。
v15_cluster_0013240,v15_cluster_0013240,20210506,20210506,BU,BU,Bitumen,石油沥青,General-position margin ratio,一般持仓交易保证金比例,0.12,0.12,0.15,0.15,bu2105,bu2105,1,1,12,12,0.08333333333333333,0.08333333333333333,single_contract,单一合约,1,1,0,0,Descriptive cluster only; it is not automatically classified as a notice-driven or causal policy event.,仅为描述性变更簇，不自动认定为公告驱动或因果政策事件。
v15_cluster_0013241,v15_cluster_0013241,20210506,20210506,BU,BU,Bitumen,石油沥青,Hedge-position margin ratio,套保持仓交易保证金比例,0.12,0.12,0.15,0.15,bu2105,bu2105,1,1,12,12,0.08333333333333333,0.08333333333333333,single_contract,单一合约,1,1,0,0,Descriptive cluster only; it is not automatically classified as a notice-driven or causal policy event.,仅为描述性变更簇，不自动认定为公告驱动或因果政策事件。
v15_cluster_0013283,v15_cluster_0013283,20210507,20210507,BU,BU,Bitumen,石油沥青,General-position margin ratio,一般持仓交易保证金比例,0.12,0.12,0.1,0.1,bu2106;bu2107;bu2108;bu2109;bu2110;bu2112;bu2203;bu2206;bu2209;bu2212;bu2303,bu2106;bu2107;bu2108;bu2109;bu2110;bu2112;bu2203;bu2206;bu2209;bu2212;bu2303,11,11,12,12,0.9166666666666666,0.9166666666666666,majority_of_active_contracts,覆盖当日多数活跃合约,0,0,0,0,Descriptive cluster only; it is not automatically classified as a notice-driven or causal policy event.,仅为描述性变更簇，不自动认定为公告驱动或因果政策事件。
v15_cluster_0013284,v15_cluster_0013284,20210507,20210507,BU,BU,Bitumen,石油沥青,Hedge-position margin ratio,套保持仓交易保证金比例,0.12,0.12,0.1,0.1,bu2106;bu2107;bu2108;bu2109;bu2110;bu2112;bu2203;bu2206;bu2209;bu2212;bu2303,bu2106;bu2107;bu2108;bu2109;bu2110;bu2112;bu2203;bu2206;bu2209;bu2212;bu2303,11,11,12,12,0.9166666666666666,0.9166666666666666,majority_of_active_contracts,覆盖当日多数活跃合约,0,0,0,0,Descriptive cluster only; it is not automatically classified as a notice-driven or causal policy event.,仅为描述性变更簇，不自动认定为公告驱动或因果政策事件。
v15_cluster_0013285,v15_cluster_0013285,20210507,20210507,BU,BU,Bitumen,石油沥青,Price-limit ratio,涨跌停板幅度,0.1,0.1,0.08,0.08,bu2105;bu2106;bu2107;bu2108;bu2109;bu2110;bu2112;bu2203;bu2206;bu2209;bu2212;bu2303,bu2105;bu2106;bu2107;bu2108;bu2109;bu2110;bu2112;bu2203;bu2206;bu2209;bu2212;bu2303,12,12,12,12,1.0,1.0,all_active_contracts,覆盖当日全部活跃合约,1,1,0,0,Descriptive cluster only; it is not automatically classified as a notice-driven or causal policy event.,仅为描述性变更簇，不自动认定为公告驱动或因果政策事件。
v15_cluster_0013384,v15_cluster_0013384,20210513,20210513,BU,BU,Bitumen,石油沥青,General-position margin ratio,一般持仓交易保证金比例,0.15,0.15,0.2,0.2,bu2105,bu2105,1,1,12,12,0.08333333333333333,0.08333333333333333,single_contract,单一合约,1,1,0,0,Descriptive cluster only; it is not automatically classified as a notice-driven or causal policy event.,仅为描述性变更簇，不自动认定为公告驱动或因果政策事件。
v15_cluster_0013385,v15_cluster_0013385,20210513,20210513,BU,BU,Bitumen,石油沥青,Hedge-position margin ratio,套保持仓交易保证金比例,0.15,0.15,0.2,0.2,bu2105,bu2105,1,1,12,12,0.08333333333333333,0.08333333333333333,single_contract,单一合约,1,1,0,0,Descriptive cluster only; it is not automatically classified as a notice-driven or causal policy event.,仅为描述性变更簇，不自动认定为公告驱动或因果政策事件。
v15_cluster_0013421,v15_cluster_0013421,20210518,20210518,BU,BU,Bitumen,石油沥青,General-position margin ratio,一般持仓交易保证金比例,0.1,0.1,0.13,0.13,bu2106;bu2107;bu2108;bu2109;bu2110;bu2112,bu2106;bu2107;bu2108;bu2109;bu2110;bu2112,6,6,12,12,0.5,0.5,majority_of_active_contracts,覆盖当日多数活跃合约,1,1,0,0,Descriptive cluster only; it is not automatically classified as a notice-driven or causal policy event.,仅为描述性变更簇，不自动认定为公告驱动或因果政策事件。
v15_cluster_0013422,v15_cluster_0013422,20210518,20210518,BU,BU,Bitumen,石油沥青,Hedge-position margin ratio,套保持仓交易保证金比例,0.1,0.1,0.13,0.13,bu2106;bu2107;bu2108;bu2109;bu2110;bu2112,bu2106;bu2107;bu2108;bu2109;bu2110;bu2112,6,6,12,12,0.5,0.5,majority_of_active_contracts,覆盖当日多数活跃合约,1,1,0,0,Descriptive cluster only; it is not automatically classified as a notice-driven or causal policy event.,仅为描述性变更簇，不自动认定为公告驱动或因果政策事件。
v15_cluster_0013423,v15_cluster_0013423,20210518,20210518,BU,BU,Bitumen,石油沥青,Price-limit ratio,涨跌停板幅度,0.08,0.08,0.11,0.11,bu2106;bu2107;bu2108;bu2109;bu2110;bu2112,bu2106;bu2107;bu2108;bu2109;bu2110;bu2112,6,6,12,12,0.5,0.5,majority_of_active_contracts,覆盖当日多数活跃合约,1,1,0,0,Descriptive cluster only; it is not automatically classified as a notice-driven or causal policy event.,仅为描述性变更簇，不自动认定为公告驱动或因果政策事件。
v15_cluster_0013433,v15_cluster_0013433,20210519,20210519,BU,BU,Bitumen,石油沥青,General-position margin ratio,一般持仓交易保证金比例,0.13,0.13,0.1,0.1,bu2106;bu2107;bu2108;bu2109;bu2110;bu2112,bu2106;bu2107;bu2108;bu2109;bu2110;bu2112,6,6,12,12,0.5,0.5,majority_of_active_contracts,覆盖当日多数活跃合约,1,1,0,0,Descriptive cluster only; it is not automatically classified as a notice-driven or causal policy event.,仅为描述性变更簇，不自动认定为公告驱动或因果政策事件。
v15_cluster_0013434,v15_cluster_0013434,20210519,20210519,BU,BU,Bitumen,石油沥青,Hedge-position margin ratio,套保持仓交易保证金比例,0.13,0.13,0.1,0.1,bu2106;bu2107;bu2108;bu2109;bu2110;bu2112,bu2106;bu2107;bu2108;bu2109;bu2110;bu2112,6,6,12,12,0.5,0.5,majority_of_active_contracts,覆盖当日多数活跃合约,1,1,0,0,Descriptive cluster only; it is not automatically classified as a notice-driven or causal policy event.,仅为描述性变更簇，不自动认定为公告驱动或因果政策事件。
v15_cluster_0013435,v15_cluster_0013435,20210519,20210519,BU,BU,Bitumen,石油沥青,Price-limit ratio,涨跌停板幅度,0.11,0.11,0.08,0.08,bu2106;bu2107;bu2108;bu2109;bu2110;bu2112,bu2106;bu2107;bu2108;bu2109;bu2110;bu2112,6,6,12,12,0.5,0.5,majority_of_active_contracts,覆盖当日多数活跃合约,1,1,0,0,Descriptive cluster only; it is not automatically classified as a notice-driven or causal policy event.,仅为描述性变更簇，不自动认定为公告驱动或因果政策事件。
v15_cluster_0013485,v15_cluster_0013485,20210601,20210601,BU,BU,Bitumen,石油沥青,General-position margin ratio,一般持仓交易保证金比例,0.1,0.1,0.15,0.15,bu2106,bu2106,1,1,12,12,0.08333333333333333,0.08333333333333333,single_contract,单一合约,1,1,0,0,Descriptive cluster only; it is not automatically classified as a notice-driven or causal policy event.,仅为描述性变更簇，不自动认定为公告驱动或因果政策事件。
v15_cluster_0013486,v15_cluster_0013486,20210601,20210601,BU,BU,Bitumen,石油沥青,Hedge-position margin ratio,套保持仓交易保证金比例,0.1,0.1,0.15,0.15,bu2106,bu2106,1,1,12,12,0.08333333333333333,0.08333333333333333,single_contract,单一合约,1,1,0,0,Descriptive cluster only; it is not automatically classified as a notice-driven or causal policy event.,仅为描述性变更簇，不自动认定为公告驱动或因果政策事件。
v15_cluster_0013530,v15_cluster_0013530,20210602,20210602,BU,BU,Bitumen,石油沥青,Price-limit ratio,涨跌停板幅度,0.16,0.16,0.08,0.08,bu2111,bu2111,1,1,12,12,0.08333333333333333,0.08333333333333333,single_contract,单一合约,0,0,0,0,Descriptive cluster only; it is not automatically classified as a notice-driven or causal policy event.,仅为描述性变更簇，不自动认定为公告驱动或因果政策事件。
v15_cluster_0013545,v15_cluster_0013545,20210610,20210610,BU,BU,Bitumen,石油沥青,General-position margin ratio,一般持仓交易保证金比例,0.15,0.15,0.2,0.2,bu2106,bu2106,1,1,12,12,0.08333333333333333,0.08333333333333333,single_contract,单一合约,1,1,0,0,Descriptive cluster only; it is not automatically classified as a notice-driven or causal policy event.,仅为描述性变更簇，不自动认定为公告驱动或因果政策事件。
v15_cluster_0013546,v15_cluster_0013546,20210610,20210610,BU,BU,Bitumen,石油沥青,Hedge-position margin ratio,套保持仓交易保证金比例,0.15,0.15,0.2,0.2,bu2106,bu2106,1,1,12,12,0.08333333333333333,0.08333333333333333,single_contract,单一合约,1,1,0,0,Descriptive cluster only; it is not automatically classified as a notice-driven or causal policy event.,仅为描述性变更簇，不自动认定为公告驱动或因果政策事件。
v15_cluster_0013588,v15_cluster_0013588,20210611,20210611,BU,BU,Bitumen,石油沥青,General-position margin ratio,一般持仓交易保证金比例,0.1,0.1,0.12,0.12,bu2107;bu2108;bu2109;bu2110;bu2111;bu2112;bu2203;bu2206;bu2209;bu2212;bu2303,bu2107;bu2108;bu2109;bu2110;bu2111;bu2112;bu2203;bu2206;bu2209;bu2212;bu2303,11,11,12,12,0.9166666666666666,0.9166666666666666,majority_of_active_contracts,覆盖当日多数活跃合约,0,0,0,0,Descriptive cluster only; it is not automatically classified as a notice-driven or causal policy event.,仅为描述性变更簇，不自动认定为公告驱动或因果政策事件。
v15_cluster_0013589,v15_cluster_0013589,20210611,20210611,BU,BU,Bitumen,石油沥青,Hedge-position margin ratio,套保持仓交易保证金比例,0.1,0.1,0.12,0.12,bu2107;bu2108;bu2109;bu2110;bu2111;bu2112;bu2203;bu2206;bu2209;bu2212;bu2303,bu2107;bu2108;bu2109;bu2110;bu2111;bu2112;bu2203;bu2206;bu2209;bu2212;bu2303,11,11,12,12,0.9166666666666666,0.9166666666666666,majority_of_active_contracts,覆盖当日多数活跃合约,0,0,0,0,Descriptive cluster only; it is not automatically classified as a notice-driven or causal policy event.,仅为描述性变更簇，不自动认定为公告驱动或因果政策事件。
v15_cluster_0013590,v15_cluster_0013590,20210611,20210611,BU,BU,Bitumen,石油沥青,Price-limit ratio,涨跌停板幅度,0.08,0.08,0.1,0.1,bu2106;bu2107;bu2108;bu2109;bu2110;bu2111;bu2112;bu2203;bu2206;bu2209;bu2212;bu2303,bu2106;bu2107;bu2108;bu2109;bu2110;bu2111;bu2112;bu2203;bu2206;bu2209;bu2212;bu2303,12,12,12,12,1.0,1.0,all_active_contracts,覆盖当日全部活跃合约,1,1,0,0,Descriptive cluster only; it is not automatically classified as a notice-driven or causal policy event.,仅为描述性变更簇，不自动认定为公告驱动或因果政策事件。
v15_cluster_0013666,v15_cluster_0013666,20210616,20210616,BU,BU,Bitumen,石油沥青,General-position margin ratio,一般持仓交易保证金比例,0.12,0.12,0.1,0.1,bu2107;bu2108;bu2109;bu2110;bu2111;bu2112;bu2203;bu2206;bu2209;bu2212;bu2303,bu2107;bu2108;bu2109;bu2110;bu2111;bu2112;bu2203;bu2206;bu2209;bu2212;bu2303,11,11,12,12,0.9166666666666666,0.9166666666666666,majority_of_active_contracts,覆盖当日多数活跃合约,1,1,0,0,Descriptive cluster only; it is not automatically classified as a notice-driven or causal policy event.,仅为描述性变更簇，不自动认定为公告驱动或因果政策事件。
v15_cluster_0013667,v15_cluster_0013667,20210616,20210616,BU,BU,Bitumen,石油沥青,Hedge-position margin ratio,套保持仓交易保证金比例,0.12,0.12,0.1,0.1,bu2107;bu2108;bu2109;bu2110;bu2111;bu2112;bu2203;bu2206;bu2209;bu2212;bu2303,bu2107;bu2108;bu2109;bu2110;bu2111;bu2112;bu2203;bu2206;bu2209;bu2212;bu2303,11,11,12,12,0.9166666666666666,0.9166666666666666,majority_of_active_contracts,覆盖当日多数活跃合约,1,1,0,0,Descriptive cluster only; it is not automatically classified as a notice-driven or causal policy event.,仅为描述性变更簇，不自动认定为公告驱动或因果政策事件。
v15_cluster_0013668,v15_cluster_0013668,20210616,20210616,BU,BU,Bitumen,石油沥青,Price-limit ratio,涨跌停板幅度,0.1,0.1,0.08,0.08,bu2107;bu2108;bu2109;bu2110;bu2111;bu2112;bu2203;bu2206;bu2209;bu2212;bu2303,bu2107;bu2108;bu2109;bu2110;bu2111;bu2112;bu2203;bu2206;bu2209;bu2212;bu2303,11,11,12,12,0.9166666666666666,0.9166666666666666,majority_of_active_contracts,覆盖当日多数活跃合约,1,1,0,0,Descriptive cluster only; it is not automatically classified as a notice-driven or causal policy event.,仅为描述性变更簇，不自动认定为公告驱动或因果政策事件。
v15_cluster_0013716,v15_cluster_0013716,20210617,20210617,BU,BU,Bitumen,石油沥青,Price-limit ratio,涨跌停板幅度,0.16,0.16,0.08,0.08,bu2306,bu2306,1,1,12,12,0.08333333333333333,0.08333333333333333,single_contract,单一合约,0,0,0,0,Descriptive cluster only; it is not automatically classified as a notice-driven or causal policy event.,仅为描述性变更簇，不自动认定为公告驱动或因果政策事件。
v15_cluster_0013744,v15_cluster_0013744,20210701,20210701,BU,BU,Bitumen,石油沥青,General-position margin ratio,一般持仓交易保证金比例,0.1,0.1,0.15,0.15,bu2107,bu2107,1,1,12,12,0.08333333333333333,0.08333333333333333,single_contract,单一合约,1,1,0,0,Descriptive cluster only; it is not automatically classified as a notice-driven or causal policy event.,仅为描述性变更簇，不自动认定为公告驱动或因果政策事件。
v15_cluster_0013745,v15_cluster_0013745,20210701,20210701,BU,BU,Bitumen,石油沥青,Hedge-position margin ratio,套保持仓交易保证金比例,0.1,0.1,0.15,0.15,bu2107,bu2107,1,1,12,12,0.08333333333333333,0.08333333333333333,single_contract,单一合约,1,1,0,0,Descriptive cluster only; it is not automatically classified as a notice-driven or causal policy event.,仅为描述性变更簇，不自动认定为公告驱动或因果政策事件。
v15_cluster_0013786,v15_cluster_0013786,20210713,20210713,BU,BU,Bitumen,石油沥青,General-position margin ratio,一般持仓交易保证金比例,0.15,0.15,0.2,0.2,bu2107,bu2107,1,1,12,12,0.08333333333333333,0.08333333333333333,single_contract,单一合约,1,1,0,0,Descriptive cluster only; it is not automatically classified as a notice-driven or causal policy event.,仅为描述性变更簇，不自动认定为公告驱动或因果政策事件。
v15_cluster_0013787,v15_cluster_0013787,20210713,20210713,BU,BU,Bitumen,石油沥青,Hedge-position margin ratio,套保持仓交易保证金比例,0.15,0.15,0.2,0.2,bu2107,bu2107,1,1,12,12,0.08333333333333333,0.08333333333333333,single_contract,单一合约,1,1,0,0,Descriptive cluster only; it is not automatically classified as a notice-driven or causal policy event.,仅为描述性变更簇，不自动认定为公告驱动或因果政策事件。
v15_cluster_0013817,v15_cluster_0013817,20210719,20210719,BU,BU,Bitumen,石油沥青,Price-limit ratio,涨跌停板幅度,0.16,0.16,0.08,0.08,bu2201,bu2201,1,1,12,12,0.08333333333333333,0.08333333333333333,single_contract,单一合约,0,0,0,0,Descriptive cluster only; it is not automatically classified as a notice-driven or causal policy event.,仅为描述性变更簇，不自动认定为公告驱动或因果政策事件。
v15_cluster_0013845,v15_cluster_0013845,20210802,20210802,BU,BU,Bitumen,石油沥青,General-position margin ratio,一般持仓交易保证金比例,0.1,0.1,0.15,0.15,bu2108,bu2108,1,1,12,12,0.08333333333333333,0.08333333333333333,single_contract,单一合约,1,1,0,0,Descriptive cluster only; it is not automatically classified as a notice-driven or causal policy event.,仅为描述性变更簇，不自动认定为公告驱动或因果政策事件。
v15_cluster_0013846,v15_cluster_0013846,20210802,20210802,BU,BU,Bitumen,石油沥青,Hedge-position margin ratio,套保持仓交易保证金比例,0.1,0.1,0.15,0.15,bu2108,bu2108,1,1,12,12,0.08333333333333333,0.08333333333333333,single_contract,单一合约,1,1,0,0,Descriptive cluster only; it is not automatically classified as a notice-driven or causal policy event.,仅为描述性变更簇，不自动认定为公告驱动或因果政策事件。
v15_cluster_0013886,v15_cluster_0013886,20210812,20210812,BU,BU,Bitumen,石油沥青,General-position margin ratio,一般持仓交易保证金比例,0.15,0.15,0.2,0.2,bu2108,bu2108,1,1,12,12,0.08333333333333333,0.08333333333333333,single_contract,单一合约,1,1,0,0,Descriptive cluster only; it is not automatically classified as a notice-driven or causal policy event.,仅为描述性变更簇，不自动认定为公告驱动或因果政策事件。
v15_cluster_0013887,v15_cluster_0013887,20210812,20210812,BU,BU,Bitumen,石油沥青,Hedge-position margin ratio,套保持仓交易保证金比例,0.15,0.15,0.2,0.2,bu2108,bu2108,1,1,12,12,0.08333333333333333,0.08333333333333333,single_contract,单一合约,1,1,0,0,Descriptive cluster only; it is not automatically classified as a notice-driven or causal policy event.,仅为描述性变更簇，不自动认定为公告驱动或因果政策事件。
v15_cluster_0013928,v15_cluster_0013928,20210825,20210825,BU,BU,Bitumen,石油沥青,Price-limit ratio,涨跌停板幅度,0.16,0.16,0.08,0.08,bu2202,bu2202,1,1,12,12,0.08333333333333333,0.08333333333333333,single_contract,单一合约,0,0,0,0,Descriptive cluster only; it is not automatically classified as a notice-driven or causal policy event.,仅为描述性变更簇，不自动认定为公告驱动或因果政策事件。
v15_cluster_0013948,v15_cluster_0013948,20210901,20210901,BU,BU,Bitumen,石油沥青,General-position margin ratio,一般持仓交易保证金比例,0.1,0.1,0.15,0.15,bu2109,bu2109,1,1,12,12,0.08333333333333333,0.08333333333333333,single_contract,单一合约,1,1,0,0,Descriptive cluster only; it is not automatically classified as a notice-driven or causal policy event.,仅为描述性变更簇，不自动认定为公告驱动或因果政策事件。
v15_cluster_0013949,v15_cluster_0013949,20210901,20210901,BU,BU,Bitumen,石油沥青,Hedge-position margin ratio,套保持仓交易保证金比例,0.1,0.1,0.15,0.15,bu2109,bu2109,1,1,12,12,0.08333333333333333,0.08333333333333333,single_contract,单一合约,1,1,0,0,Descriptive cluster only; it is not automatically classified as a notice-driven or causal policy event.,仅为描述性变更簇，不自动认定为公告驱动或因果政策事件。
v15_cluster_0013989,v15_cluster_0013989,20210913,20210913,BU,BU,Bitumen,石油沥青,General-position margin ratio,一般持仓交易保证金比例,0.15,0.15,0.2,0.2,bu2109,bu2109,1,1,12,12,0.08333333333333333,0.08333333333333333,single_contract,单一合约,1,1,0,0,Descriptive cluster only; it is not automatically classified as a notice-driven or causal policy event.,仅为描述性变更簇，不自动认定为公告驱动或因果政策事件。
v15_cluster_0013990,v15_cluster_0013990,20210913,20210913,BU,BU,Bitumen,石油沥青,Hedge-position margin ratio,套保持仓交易保证金比例,0.15,0.15,0.2,0.2,bu2109,bu2109,1,1,12,12,0.08333333333333333,0.08333333333333333,single_contract,单一合约,1,1,0,0,Descriptive cluster only; it is not automatically classified as a notice-driven or causal policy event.,仅为描述性变更簇，不自动认定为公告驱动或因果政策事件。
v15_cluster_0014094,v15_cluster_0014094,20210924,20210924,BU,BU,Bitumen,石油沥青,Price-limit ratio,涨跌停板幅度,0.16,0.16,0.08,0.08,bu2309,bu2309,1,1,12,12,0.08333333333333333,0.08333333333333333,single_contract,单一合约,0,0,0,0,Descriptive cluster only; it is not automatically classified as a notice-driven or causal policy event.,仅为描述性变更簇，不自动认定为公告驱动或因果政策事件。
v15_cluster_0014109,v15_cluster_0014109,20210930,20210930,BU,BU,Bitumen,石油沥青,General-position margin ratio,一般持仓交易保证金比例,0.1,0.1,0.12,0.12,bu2110;bu2111;bu2112;bu2201;bu2202;bu2203;bu2206;bu2209;bu2212;bu2303;bu2306;bu2309,bu2110;bu2111;bu2112;bu2201;bu2202;bu2203;bu2206;bu2209;bu2212;bu2303;bu2306;bu2309,12,12,12,12,1.0,1.0,all_active_contracts,覆盖当日全部活跃合约,1,1,0,0,Descriptive cluster only; it is not automatically classified as a notice-driven or causal policy event.,仅为描述性变更簇，不自动认定为公告驱动或因果政策事件。
v15_cluster_0014110,v15_cluster_0014110,20210930,20210930,BU,BU,Bitumen,石油沥青,Hedge-position margin ratio,套保持仓交易保证金比例,0.1,0.1,0.12,0.12,bu2110;bu2111;bu2112;bu2201;bu2202;bu2203;bu2206;bu2209;bu2212;bu2303;bu2306;bu2309,bu2110;bu2111;bu2112;bu2201;bu2202;bu2203;bu2206;bu2209;bu2212;bu2303;bu2306;bu2309,12,12,12,12,1.0,1.0,all_active_contracts,覆盖当日全部活跃合约,1,1,0,0,Descriptive cluster only; it is not automatically classified as a notice-driven or causal policy event.,仅为描述性变更簇，不自动认定为公告驱动或因果政策事件。
v15_cluster_0014111,v15_cluster_0014111,20210930,20210930,BU,BU,Bitumen,石油沥青,Price-limit ratio,涨跌停板幅度,0.08,0.08,0.1,0.1,bu2110;bu2111;bu2112;bu2201;bu2202;bu2203;bu2206;bu2209;bu2212;bu2303;bu2306;bu2309,bu2110;bu2111;bu2112;bu2201;bu2202;bu2203;bu2206;bu2209;bu2212;bu2303;bu2306;bu2309,12,12,12,12,1.0,1.0,all_active_contracts,覆盖当日全部活跃合约,1,1,0,0,Descriptive cluster only; it is not automatically classified as a notice-driven or causal policy event.,仅为描述性变更簇，不自动认定为公告驱动或因果政策事件。
v15_cluster_0014176,v15_cluster_0014176,20211008,20211008,BU,BU,Bitumen,石油沥青,General-position margin ratio,一般持仓交易保证金比例,0.12,0.12,0.15,0.15,bu2110,bu2110,1,1,12,12,0.08333333333333333,0.08333333333333333,single_contract,单一合约,1,1,0,0,Descriptive cluster only; it is not automatically classified as a notice-driven or causal policy event.,仅为描述性变更簇，不自动认定为公告驱动或因果政策事件。
v15_cluster_0014177,v15_cluster_0014177,20211008,20211008,BU,BU,Bitumen,石油沥青,Hedge-position margin ratio,套保持仓交易保证金比例,0.12,0.12,0.15,0.15,bu2110,bu2110,1,1,12,12,0.08333333333333333,0.08333333333333333,single_contract,单一合约,1,1,0,0,Descriptive cluster only; it is not automatically classified as a notice-driven or causal policy event.,仅为描述性变更簇，不自动认定为公告驱动或因果政策事件。
v15_cluster_0014215,v15_cluster_0014215,20211011,20211011,BU,BU,Bitumen,石油沥青,General-position margin ratio,一般持仓交易保证金比例,0.12,0.12,0.1,0.1,bu2111;bu2112;bu2201;bu2202;bu2203;bu2206;bu2209;bu2212;bu2303;bu2306;bu2309,bu2111;bu2112;bu2201;bu2202;bu2203;bu2206;bu2209;bu2212;bu2303;bu2306;bu2309,11,11,12,12,0.9166666666666666,0.9166666666666666,majority_of_active_contracts,覆盖当日多数活跃合约,0,0,0,0,Descriptive cluster only; it is not automatically classified as a notice-driven or causal policy event.,仅为描述性变更簇，不自动认定为公告驱动或因果政策事件。
v15_cluster_0014216,v15_cluster_0014216,20211011,20211011,BU,BU,Bitumen,石油沥青,Hedge-position margin ratio,套保持仓交易保证金比例,0.12,0.12,0.1,0.1,bu2111;bu2112;bu2201;bu2202;bu2203;bu2206;bu2209;bu2212;bu2303;bu2306;bu2309,bu2111;bu2112;bu2201;bu2202;bu2203;bu2206;bu2209;bu2212;bu2303;bu2306;bu2309,11,11,12,12,0.9166666666666666,0.9166666666666666,majority_of_active_contracts,覆盖当日多数活跃合约,0,0,0,0,Descriptive cluster only; it is not automatically classified as a notice-driven or causal policy event.,仅为描述性变更簇，不自动认定为公告驱动或因果政策事件。
v15_cluster_0014217,v15_cluster_0014217,20211011,20211011,BU,BU,Bitumen,石油沥青,Price-limit ratio,涨跌停板幅度,0.1,0.1,0.08,0.08,bu2110;bu2111;bu2112;bu2201;bu2202;bu2203;bu2206;bu2209;bu2212;bu2303;bu2306;bu2309,bu2110;bu2111;bu2112;bu2201;bu2202;bu2203;bu2206;bu2209;bu2212;bu2303;bu2306;bu2309,12,12,12,12,1.0,1.0,all_active_contracts,覆盖当日全部活跃合约,1,1,0,0,Descriptive cluster only; it is not automatically classified as a notice-driven or causal policy event.,仅为描述性变更簇，不自动认定为公告驱动或因果政策事件。
v15_cluster_0014277,v15_cluster_0014277,20211013,20211013,BU,BU,Bitumen,石油沥青,General-position margin ratio,一般持仓交易保证金比例,0.15,0.15,0.2,0.2,bu2110,bu2110,1,1,12,12,0.08333333333333333,0.08333333333333333,single_contract,单一合约,1,1,0,0,Descriptive cluster only; it is not automatically classified as a notice-driven or causal policy event.,仅为描述性变更簇，不自动认定为公告驱动或因果政策事件。
v15_cluster_0014278,v15_cluster_0014278,20211013,20211013,BU,BU,Bitumen,石油沥青,Hedge-position margin ratio,套保持仓交易保证金比例,0.15,0.15,0.2,0.2,bu2110,bu2110,1,1,12,12,0.08333333333333333,0.08333333333333333,single_contract,单一合约,1,1,0,0,Descriptive cluster only; it is not automatically classified as a notice-driven or causal policy event.,仅为描述性变更簇，不自动认定为公告驱动或因果政策事件。
v15_cluster_0014329,v15_cluster_0014329,20211021,20211021,BU,BU,Bitumen,石油沥青,Price-limit ratio,涨跌停板幅度,0.16,0.16,0.08,0.08,bu2204,bu2204,1,1,12,12,0.08333333333333333,0.08333333333333333,single_contract,单一合约,0,0,0,0,Descriptive cluster only; it is not automatically classified as a notice-driven or causal policy event.,仅为描述性变更簇，不自动认定为公告驱动或因果政策事件。
v15_cluster_0014366,v15_cluster_0014366,20211101,20211101,BU,BU,Bitumen,石油沥青,General-position margin ratio,一般持仓交易保证金比例,0.1,0.1,0.15,0.15,bu2111,bu2111,1,1,12,12,0.08333333333333333,0.08333333333333333,single_contract,单一合约,1,1,0,0,Descriptive cluster only; it is not automatically classified as a notice-driven or causal policy event.,仅为描述性变更簇，不自动认定为公告驱动或因果政策事件。
v15_cluster_0014367,v15_cluster_0014367,20211101,20211101,BU,BU,Bitumen,石油沥青,Hedge-position margin ratio,套保持仓交易保证金比例,0.1,0.1,0.15,0.15,bu2111,bu2111,1,1,12,12,0.08333333333333333,0.08333333333333333,single_contract,单一合约,1,1,0,0,Descriptive cluster only; it is not automatically classified as a notice-driven or causal policy event.,仅为描述性变更簇，不自动认定为公告驱动或因果政策事件。
v15_cluster_0014403,v15_cluster_0014403,20211111,20211111,BU,BU,Bitumen,石油沥青,General-position margin ratio,一般持仓交易保证金比例,0.15,0.15,0.2,0.2,bu2111,bu2111,1,1,12,12,0.08333333333333333,0.08333333333333333,single_contract,单一合约,1,1,0,0,Descriptive cluster only; it is not automatically classified as a notice-driven or causal policy event.,仅为描述性变更簇，不自动认定为公告驱动或因果政策事件。
v15_cluster_0014404,v15_cluster_0014404,20211111,20211111,BU,BU,Bitumen,石油沥青,Hedge-position margin ratio,套保持仓交易保证金比例,0.15,0.15,0.2,0.2,bu2111,bu2111,1,1,12,12,0.08333333333333333,0.08333333333333333,single_contract,单一合约,1,1,0,0,Descriptive cluster only; it is not automatically classified as a notice-driven or causal policy event.,仅为描述性变更簇，不自动认定为公告驱动或因果政策事件。
v15_cluster_0014440,v15_cluster_0014440,20211117,20211117,BU,BU,Bitumen,石油沥青,Price-limit ratio,涨跌停板幅度,0.16,0.16,0.08,0.08,bu2205,bu2205,1,1,12,12,0.08333333333333333,0.08333333333333333,single_contract,单一合约,0,0,0,0,Descriptive cluster only; it is not automatically classified as a notice-driven or causal policy event.,仅为描述性变更簇，不自动认定为公告驱动或因果政策事件。
v15_cluster_0014476,v15_cluster_0014476,20211201,20211201,BU,BU,Bitumen,石油沥青,General-position margin ratio,一般持仓交易保证金比例,0.1,0.1,0.15,0.15,bu2112,bu2112,1,1,12,12,0.08333333333333333,0.08333333333333333,single_contract,单一合约,1,1,0,0,Descriptive cluster only; it is not automatically classified as a notice-driven or causal policy event.,仅为描述性变更簇，不自动认定为公告驱动或因果政策事件。
v15_cluster_0014477,v15_cluster_0014477,20211201,20211201,BU,BU,Bitumen,石油沥青,Hedge-position margin ratio,套保持仓交易保证金比例,0.1,0.1,0.15,0.15,bu2112,bu2112,1,1,12,12,0.08333333333333333,0.08333333333333333,single_contract,单一合约,1,1,0,0,Descriptive cluster only; it is not automatically classified as a notice-driven or causal policy event.,仅为描述性变更簇，不自动认定为公告驱动或因果政策事件。
v15_cluster_0014513,v15_cluster_0014513,20211213,20211213,BU,BU,Bitumen,石油沥青,General-position margin ratio,一般持仓交易保证金比例,0.15,0.15,0.2,0.2,bu2112,bu2112,1,1,12,12,0.08333333333333333,0.08333333333333333,single_contract,单一合约,1,1,0,0,Descriptive cluster only; it is not automatically classified as a notice-driven or causal policy event.,仅为描述性变更簇，不自动认定为公告驱动或因果政策事件。
v15_cluster_0014514,v15_cluster_0014514,20211213,20211213,BU,BU,Bitumen,石油沥青,Hedge-position margin ratio,套保持仓交易保证金比例,0.15,0.15,0.2,0.2,bu2112,bu2112,1,1,12,12,0.08333333333333333,0.08333333333333333,single_contract,单一合约,1,1,0,0,Descriptive cluster only; it is not automatically classified as a notice-driven or causal policy event.,仅为描述性变更簇，不自动认定为公告驱动或因果政策事件。
v15_cluster_0014542,v15_cluster_0014542,20211217,20211217,BU,BU,Bitumen,石油沥青,Price-limit ratio,涨跌停板幅度,0.16,0.16,0.08,0.08,bu2312,bu2312,1,1,12,12,0.08333333333333333,0.08333333333333333,single_contract,单一合约,0,0,0,0,Descriptive cluster only; it is not automatically classified as a notice-driven or causal policy event.,仅为描述性变更簇，不自动认定为公告驱动或因果政策事件。
v15_cluster_0014559,v15_cluster_0014559,20211231,20211231,BU,BU,Bitumen,石油沥青,General-position margin ratio,一般持仓交易保证金比例,0.1,0.1,0.12,0.12,bu2201;bu2202;bu2203;bu2204;bu2205;bu2206;bu2209;bu2212;bu2303;bu2306;bu2309;bu2312,bu2201;bu2202;bu2203;bu2204;bu2205;bu2206;bu2209;bu2212;bu2303;bu2306;bu2309;bu2312,12,12,12,12,1.0,1.0,all_active_contracts,覆盖当日全部活跃合约,1,1,0,0,Descriptive cluster only; it is not automatically classified as a notice-driven or causal policy event.,仅为描述性变更簇，不自动认定为公告驱动或因果政策事件。
v15_cluster_0014560,v15_cluster_0014560,20211231,20211231,BU,BU,Bitumen,石油沥青,Hedge-position margin ratio,套保持仓交易保证金比例,0.1,0.1,0.12,0.12,bu2201;bu2202;bu2203;bu2204;bu2205;bu2206;bu2209;bu2212;bu2303;bu2306;bu2309;bu2312,bu2201;bu2202;bu2203;bu2204;bu2205;bu2206;bu2209;bu2212;bu2303;bu2306;bu2309;bu2312,12,12,12,12,1.0,1.0,all_active_contracts,覆盖当日全部活跃合约,1,1,0,0,Descriptive cluster only; it is not automatically classified as a notice-driven or causal policy event.,仅为描述性变更簇，不自动认定为公告驱动或因果政策事件。
v15_cluster_0014561,v15_cluster_0014561,20211231,20211231,BU,BU,Bitumen,石油沥青,Price-limit ratio,涨跌停板幅度,0.08,0.08,0.1,0.1,bu2201;bu2202;bu2203;bu2204;bu2205;bu2206;bu2209;bu2212;bu2303;bu2306;bu2309;bu2312,bu2201;bu2202;bu2203;bu2204;bu2205;bu2206;bu2209;bu2212;bu2303;bu2306;bu2309;bu2312,12,12,12,12,1.0,1.0,all_active_contracts,覆盖当日全部活跃合约,1,1,0,0,Descriptive cluster only; it is not automatically classified as a notice-driven or causal policy event.,仅为描述性变更簇，不自动认定为公告驱动或因果政策事件。
v15_cluster_0014583,v15_cluster_0014583,20220104,20220104,BU,BU,Bitumen,石油沥青,General-position margin ratio,一般持仓交易保证金比例,0.12,0.12,0.15,0.15,bu2201,bu2201,1,1,12,12,0.08333333333333333,0.08333333333333333,single_contract,单一合约,1,1,0,0,Descriptive cluster only; it is not automatically classified as a notice-driven or causal policy event.,仅为描述性变更簇，不自动认定为公告驱动或因果政策事件。
v15_cluster_0014584,v15_cluster_0014584,20220104,20220104,BU,BU,Bitumen,石油沥青,Hedge-position margin ratio,套保持仓交易保证金比例,0.12,0.12,0.15,0.15,bu2201,bu2201,1,1,12,12,0.08333333333333333,0.08333333333333333,single_contract,单一合约,1,1,0,0,Descriptive cluster only; it is not automatically classified as a notice-driven or causal policy event.,仅为描述性变更簇，不自动认定为公告驱动或因果政策事件。
v15_cluster_0014611,v15_cluster_0014611,20220105,20220105,BU,BU,Bitumen,石油沥青,General-position margin ratio,一般持仓交易保证金比例,0.12,0.12,0.1,0.1,bu2202;bu2203;bu2204;bu2205;bu2206;bu2209;bu2212;bu2303;bu2306;bu2309;bu2312,bu2202;bu2203;bu2204;bu2205;bu2206;bu2209;bu2212;bu2303;bu2306;bu2309;bu2312,11,11,12,12,0.9166666666666666,0.9166666666666666,majority_of_active_contracts,覆盖当日多数活跃合约,0,0,0,0,Descriptive cluster only; it is not automatically classified as a notice-driven or causal policy event.,仅为描述性变更簇，不自动认定为公告驱动或因果政策事件。
v15_cluster_0014612,v15_cluster_0014612,20220105,20220105,BU,BU,Bitumen,石油沥青,Hedge-position margin ratio,套保持仓交易保证金比例,0.12,0.12,0.1,0.1,bu2202;bu2203;bu2204;bu2205;bu2206;bu2209;bu2212;bu2303;bu2306;bu2309;bu2312,bu2202;bu2203;bu2204;bu2205;bu2206;bu2209;bu2212;bu2303;bu2306;bu2309;bu2312,11,11,12,12,0.9166666666666666,0.9166666666666666,majority_of_active_contracts,覆盖当日多数活跃合约,0,0,0,0,Descriptive cluster only; it is not automatically classified as a notice-driven or causal policy event.,仅为描述性变更簇，不自动认定为公告驱动或因果政策事件。
v15_cluster_0014613,v15_cluster_0014613,20220105,20220105,BU,BU,Bitumen,石油沥青,Price-limit ratio,涨跌停板幅度,0.1,0.1,0.08,0.08,bu2201;bu2202;bu2203;bu2204;bu2205;bu2206;bu2209;bu2212;bu2303;bu2306;bu2309;bu2312,bu2201;bu2202;bu2203;bu2204;bu2205;bu2206;bu2209;bu2212;bu2303;bu2306;bu2309;bu2312,12,12,12,12,1.0,1.0,all_active_contracts,覆盖当日全部活跃合约,1,1,0,0,Descriptive cluster only; it is not automatically classified as a notice-driven or causal policy event.,仅为描述性变更簇，不自动认定为公告驱动或因果政策事件。
v15_cluster_0014635,v15_cluster_0014635,20220113,20220113,BU,BU,Bitumen,石油沥青,General-position margin ratio,一般持仓交易保证金比例,0.15,0.15,0.2,0.2,bu2201,bu2201,1,1,12,12,0.08333333333333333,0.08333333333333333,single_contract,单一合约,1,1,0,0,Descriptive cluster only; it is not automatically classified as a notice-driven or causal policy event.,仅为描述性变更簇，不自动认定为公告驱动或因果政策事件。
v15_cluster_0014636,v15_cluster_0014636,20220113,20220113,BU,BU,Bitumen,石油沥青,Hedge-position margin ratio,套保持仓交易保证金比例,0.15,0.15,0.2,0.2,bu2201,bu2201,1,1,12,12,0.08333333333333333,0.08333333333333333,single_contract,单一合约,1,1,0,0,Descriptive cluster only; it is not automatically classified as a notice-driven or causal policy event.,仅为描述性变更簇，不自动认定为公告驱动或因果政策事件。
v15_cluster_0014667,v15_cluster_0014667,20220119,20220119,BU,BU,Bitumen,石油沥青,Price-limit ratio,涨跌停板幅度,0.16,0.16,0.08,0.08,bu2207,bu2207,1,1,12,12,0.08333333333333333,0.08333333333333333,single_contract,单一合约,0,0,0,0,Descriptive cluster only; it is not automatically classified as a notice-driven or causal policy event.,仅为描述性变更簇，不自动认定为公告驱动或因果政策事件。
v15_cluster_0014728,v15_cluster_0014728,20220128,20220128,BU,BU,Bitumen,石油沥青,General-position margin ratio,一般持仓交易保证金比例,0.1,0.1,0.12,0.12,bu2202;bu2203;bu2204;bu2205;bu2206;bu2207;bu2209;bu2212;bu2303;bu2306;bu2309;bu2312,bu2202;bu2203;bu2204;bu2205;bu2206;bu2207;bu2209;bu2212;bu2303;bu2306;bu2309;bu2312,12,12,12,12,1.0,1.0,all_active_contracts,覆盖当日全部活跃合约,1,1,0,0,Descriptive cluster only; it is not automatically classified as a notice-driven or causal policy event.,仅为描述性变更簇，不自动认定为公告驱动或因果政策事件。
v15_cluster_0014729,v15_cluster_0014729,20220128,20220128,BU,BU,Bitumen,石油沥青,Hedge-position margin ratio,套保持仓交易保证金比例,0.1,0.1,0.12,0.12,bu2202;bu2203;bu2204;bu2205;bu2206;bu2207;bu2209;bu2212;bu2303;bu2306;bu2309;bu2312,bu2202;bu2203;bu2204;bu2205;bu2206;bu2207;bu2209;bu2212;bu2303;bu2306;bu2309;bu2312,12,12,12,12,1.0,1.0,all_active_contracts,覆盖当日全部活跃合约,1,1,0,0,Descriptive cluster only; it is not automatically classified as a notice-driven or causal policy event.,仅为描述性变更簇，不自动认定为公告驱动或因果政策事件。
v15_cluster_0014730,v15_cluster_0014730,20220128,20220128,BU,BU,Bitumen,石油沥青,Price-limit ratio,涨跌停板幅度,0.08,0.08,0.1,0.1,bu2202;bu2203;bu2204;bu2205;bu2206;bu2207;bu2209;bu2212;bu2303;bu2306;bu2309;bu2312,bu2202;bu2203;bu2204;bu2205;bu2206;bu2207;bu2209;bu2212;bu2303;bu2306;bu2309;bu2312,12,12,12,12,1.0,1.0,all_active_contracts,覆盖当日全部活跃合约,1,1,0,0,Descriptive cluster only; it is not automatically classified as a notice-driven or causal policy event.,仅为描述性变更簇，不自动认定为公告驱动或因果政策事件。
v15_cluster_0014781,v15_cluster_0014781,20220207,20220207,BU,BU,Bitumen,石油沥青,General-position margin ratio,一般持仓交易保证金比例,0.12,0.12,0.15,0.15,bu2202,bu2202,1,1,12,12,0.08333333333333333,0.08333333333333333,single_contract,单一合约,1,1,0,0,Descriptive cluster only; it is not automatically classified as a notice-driven or causal policy event.,仅为描述性变更簇，不自动认定为公告驱动或因果政策事件。
v15_cluster_0014782,v15_cluster_0014782,20220207,20220207,BU,BU,Bitumen,石油沥青,Hedge-position margin ratio,套保持仓交易保证金比例,0.12,0.12,0.15,0.15,bu2202,bu2202,1,1,12,12,0.08333333333333333,0.08333333333333333,single_contract,单一合约,1,1,0,0,Descriptive cluster only; it is not automatically classified as a notice-driven or causal policy event.,仅为描述性变更簇，不自动认定为公告驱动或因果政策事件。
v15_cluster_0014818,v15_cluster_0014818,20220208,20220208,BU,BU,Bitumen,石油沥青,General-position margin ratio,一般持仓交易保证金比例,0.12,0.12,0.1,0.1,bu2203;bu2204;bu2205;bu2206;bu2207;bu2209;bu2212;bu2303;bu2306;bu2309;bu2312,bu2203;bu2204;bu2205;bu2206;bu2207;bu2209;bu2212;bu2303;bu2306;bu2309;bu2312,11,11,12,12,0.9166666666666666,0.9166666666666666,majority_of_active_contracts,覆盖当日多数活跃合约,0,0,0,0,Descriptive cluster only; it is not automatically classified as a notice-driven or causal policy event.,仅为描述性变更簇，不自动认定为公告驱动或因果政策事件。
v15_cluster_0014819,v15_cluster_0014819,20220208,20220208,BU,BU,Bitumen,石油沥青,Hedge-position margin ratio,套保持仓交易保证金比例,0.12,0.12,0.1,0.1,bu2203;bu2204;bu2205;bu2206;bu2207;bu2209;bu2212;bu2303;bu2306;bu2309;bu2312,bu2203;bu2204;bu2205;bu2206;bu2207;bu2209;bu2212;bu2303;bu2306;bu2309;bu2312,11,11,12,12,0.9166666666666666,0.9166666666666666,majority_of_active_contracts,覆盖当日多数活跃合约,0,0,0,0,Descriptive cluster only; it is not automatically classified as a notice-driven or causal policy event.,仅为描述性变更簇，不自动认定为公告驱动或因果政策事件。
v15_cluster_0014820,v15_cluster_0014820,20220208,20220208,BU,BU,Bitumen,石油沥青,Price-limit ratio,涨跌停板幅度,0.1,0.1,0.08,0.08,bu2202;bu2203;bu2204;bu2205;bu2206;bu2207;bu2209;bu2212;bu2303;bu2306;bu2309;bu2312,bu2202;bu2203;bu2204;bu2205;bu2206;bu2207;bu2209;bu2212;bu2303;bu2306;bu2309;bu2312,12,12,12,12,1.0,1.0,all_active_contracts,覆盖当日全部活跃合约,1,1,0,0,Descriptive cluster only; it is not automatically classified as a notice-driven or causal policy event.,仅为描述性变更簇，不自动认定为公告驱动或因果政策事件。
v15_cluster_0014872,v15_cluster_0014872,20220211,20220211,BU,BU,Bitumen,石油沥青,General-position margin ratio,一般持仓交易保证金比例,0.15,0.15,0.2,0.2,bu2202,bu2202,1,1,12,12,0.08333333333333333,0.08333333333333333,single_contract,单一合约,1,1,0,0,Descriptive cluster only; it is not automatically classified as a notice-driven or causal policy event.,仅为描述性变更簇，不自动认定为公告驱动或因果政策事件。
v15_cluster_0014873,v15_cluster_0014873,20220211,20220211,BU,BU,Bitumen,石油沥青,Hedge-position margin ratio,套保持仓交易保证金比例,0.15,0.15,0.2,0.2,bu2202,bu2202,1,1,12,12,0.08333333333333333,0.08333333333333333,single_contract,单一合约,1,1,0,0,Descriptive cluster only; it is not automatically classified as a notice-driven or causal policy event.,仅为描述性变更簇，不自动认定为公告驱动或因果政策事件。
v15_cluster_0014910,v15_cluster_0014910,20220221,20220221,BU,BU,Bitumen,石油沥青,Price-limit ratio,涨跌停板幅度,0.16,0.16,0.08,0.08,bu2208,bu2208,1,1,12,12,0.08333333333333333,0.08333333333333333,single_contract,单一合约,0,0,0,0,Descriptive cluster only; it is not automatically classified as a notice-driven or causal policy event.,仅为描述性变更簇，不自动认定为公告驱动或因果政策事件。
v15_cluster_0014932,v15_cluster_0014932,20220301,20220301,BU,BU,Bitumen,石油沥青,General-position margin ratio,一般持仓交易保证金比例,0.1,0.1,0.15,0.15,bu2203,bu2203,1,1,12,12,0.08333333333333333,0.08333333333333333,single_contract,单一合约,1,1,0,0,Descriptive cluster only; it is not automatically classified as a notice-driven or causal policy event.,仅为描述性变更簇，不自动认定为公告驱动或因果政策事件。
v15_cluster_0014933,v15_cluster_0014933,20220301,20220301,BU,BU,Bitumen,石油沥青,Hedge-position margin ratio,套保持仓交易保证金比例,0.1,0.1,0.15,0.15,bu2203,bu2203,1,1,12,12,0.08333333333333333,0.08333333333333333,single_contract,单一合约,1,1,0,0,Descriptive cluster only; it is not automatically classified as a notice-driven or causal policy event.,仅为描述性变更簇，不自动认定为公告驱动或因果政策事件。
v15_cluster_0014964,v15_cluster_0014964,20220303,20220303,BU,BU,Bitumen,石油沥青,General-position margin ratio,一般持仓交易保证金比例,0.1,0.1,0.13,0.13,bu2206,bu2206,1,1,12,12,0.08333333333333333,0.08333333333333333,single_contract,单一合约,0,0,0,0,Descriptive cluster only; it is not automatically classified as a notice-driven or causal policy event.,仅为描述性变更簇，不自动认定为公告驱动或因果政策事件。
v15_cluster_0014965,v15_cluster_0014965,20220303,20220303,BU,BU,Bitumen,石油沥青,Hedge-position margin ratio,套保持仓交易保证金比例,0.1,0.1,0.13,0.13,bu2206,bu2206,1,1,12,12,0.08333333333333333,0.08333333333333333,single_contract,单一合约,0,0,0,0,Descriptive cluster only; it is not automatically classified as a notice-driven or causal policy event.,仅为描述性变更簇，不自动认定为公告驱动或因果政策事件。
v15_cluster_0014966,v15_cluster_0014966,20220303,20220303,BU,BU,Bitumen,石油沥青,Price-limit ratio,涨跌停板幅度,0.08,0.08,0.11,0.11,bu2206,bu2206,1,1,12,12,0.08333333333333333,0.08333333333333333,single_contract,单一合约,0,0,0,0,Descriptive cluster only; it is not automatically classified as a notice-driven or causal policy event.,仅为描述性变更簇，不自动认定为公告驱动或因果政策事件。
v15_cluster_0014977,v15_cluster_0014977,20220304,20220304,BU,BU,Bitumen,石油沥青,General-position margin ratio,一般持仓交易保证金比例,0.13,0.13,0.1,0.1,bu2206,bu2206,1,1,12,12,0.08333333333333333,0.08333333333333333,single_contract,单一合约,0,0,0,0,Descriptive cluster only; it is not automatically classified as a notice-driven or causal policy event.,仅为描述性变更簇，不自动认定为公告驱动或因果政策事件。
v15_cluster_0014978,v15_cluster_0014978,20220304,20220304,BU,BU,Bitumen,石油沥青,Hedge-position margin ratio,套保持仓交易保证金比例,0.13,0.13,0.1,0.1,bu2206,bu2206,1,1,12,12,0.08333333333333333,0.08333333333333333,single_contract,单一合约,0,0,0,0,Descriptive cluster only; it is not automatically classified as a notice-driven or causal policy event.,仅为描述性变更簇，不自动认定为公告驱动或因果政策事件。
v15_cluster_0014979,v15_cluster_0014979,20220304,20220304,BU,BU,Bitumen,石油沥青,Price-limit ratio,涨跌停板幅度,0.11,0.11,0.08,0.08,bu2206,bu2206,1,1,12,12,0.08333333333333333,0.08333333333333333,single_contract,单一合约,0,0,0,0,Descriptive cluster only; it is not automatically classified as a notice-driven or causal policy event.,仅为描述性变更簇，不自动认定为公告驱动或因果政策事件。
v15_cluster_0015007,v15_cluster_0015007,20220308,20220308,BU,BU,Bitumen,石油沥青,General-position margin ratio,一般持仓交易保证金比例,0.1,0.1,0.13,0.13,bu2205;bu2206;bu2207;bu2208;bu2209;bu2212,bu2205;bu2206;bu2207;bu2208;bu2209;bu2212,6,6,12,12,0.5,0.5,majority_of_active_contracts,覆盖当日多数活跃合约,0,0,0,0,Descriptive cluster only; it is not automatically classified as a notice-driven or causal policy event.,仅为描述性变更簇，不自动认定为公告驱动或因果政策事件。
v15_cluster_0015008,v15_cluster_0015008,20220308,20220308,BU,BU,Bitumen,石油沥青,Hedge-position margin ratio,套保持仓交易保证金比例,0.1,0.1,0.13,0.13,bu2205;bu2206;bu2207;bu2208;bu2209;bu2212,bu2205;bu2206;bu2207;bu2208;bu2209;bu2212,6,6,12,12,0.5,0.5,majority_of_active_contracts,覆盖当日多数活跃合约,0,0,0,0,Descriptive cluster only; it is not automatically classified as a notice-driven or causal policy event.,仅为描述性变更簇，不自动认定为公告驱动或因果政策事件。
v15_cluster_0015009,v15_cluster_0015009,20220308,20220308,BU,BU,Bitumen,石油沥青,Price-limit ratio,涨跌停板幅度,0.08,0.08,0.11,0.11,bu2205;bu2206;bu2207;bu2208;bu2209;bu2212,bu2205;bu2206;bu2207;bu2208;bu2209;bu2212,6,6,12,12,0.5,0.5,majority_of_active_contracts,覆盖当日多数活跃合约,0,0,0,0,Descriptive cluster only; it is not automatically classified as a notice-driven or causal policy event.,仅为描述性变更簇，不自动认定为公告驱动或因果政策事件。
v15_cluster_0015037,v15_cluster_0015037,20220309,20220309,BU,BU,Bitumen,石油沥青,General-position margin ratio,一般持仓交易保证金比例,0.1,0.1,0.13,0.13,bu2204,bu2204,1,1,12,12,0.08333333333333333,0.08333333333333333,single_contract,单一合约,0,0,0,0,Descriptive cluster only; it is not automatically classified as a notice-driven or causal policy event.,仅为描述性变更簇，不自动认定为公告驱动或因果政策事件。
v15_cluster_0015038,v15_cluster_0015038,20220309,20220309,BU,BU,Bitumen,石油沥青,General-position margin ratio,一般持仓交易保证金比例,0.13,0.13,0.1,0.1,bu2205;bu2206;bu2207;bu2208;bu2209;bu2212,bu2205;bu2206;bu2207;bu2208;bu2209;bu2212,6,6,12,12,0.5,0.5,majority_of_active_contracts,覆盖当日多数活跃合约,0,0,0,0,Descriptive cluster only; it is not automatically classified as a notice-driven or causal policy event.,仅为描述性变更簇，不自动认定为公告驱动或因果政策事件。
v15_cluster_0015039,v15_cluster_0015039,20220309,20220309,BU,BU,Bitumen,石油沥青,Hedge-position margin ratio,套保持仓交易保证金比例,0.1,0.1,0.13,0.13,bu2204,bu2204,1,1,12,12,0.08333333333333333,0.08333333333333333,single_contract,单一合约,0,0,0,0,Descriptive cluster only; it is not automatically classified as a notice-driven or causal policy event.,仅为描述性变更簇，不自动认定为公告驱动或因果政策事件。
v15_cluster_0015040,v15_cluster_0015040,20220309,20220309,BU,BU,Bitumen,石油沥青,Hedge-position margin ratio,套保持仓交易保证金比例,0.13,0.13,0.1,0.1,bu2205;bu2206;bu2207;bu2208;bu2209;bu2212,bu2205;bu2206;bu2207;bu2208;bu2209;bu2212,6,6,12,12,0.5,0.5,majority_of_active_contracts,覆盖当日多数活跃合约,0,0,0,0,Descriptive cluster only; it is not automatically classified as a notice-driven or causal policy event.,仅为描述性变更簇，不自动认定为公告驱动或因果政策事件。
v15_cluster_0015041,v15_cluster_0015041,20220309,20220309,BU,BU,Bitumen,石油沥青,Price-limit ratio,涨跌停板幅度,0.08,0.08,0.11,0.11,bu2203;bu2204,bu2203;bu2204,2,2,12,12,0.16666666666666666,0.16666666666666666,multiple_contracts_partial,覆盖多个但非多数合约,1,1,0,0,Descriptive cluster only; it is not automatically classified as a notice-driven or causal policy event.,仅为描述性变更簇，不自动认定为公告驱动或因果政策事件。
v15_cluster_0015042,v15_cluster_0015042,20220309,20220309,BU,BU,Bitumen,石油沥青,Price-limit ratio,涨跌停板幅度,0.11,0.11,0.08,0.08,bu2205;bu2206;bu2207;bu2208;bu2209;bu2212,bu2205;bu2206;bu2207;bu2208;bu2209;bu2212,6,6,12,12,0.5,0.5,majority_of_active_contracts,覆盖当日多数活跃合约,0,0,0,0,Descriptive cluster only; it is not automatically classified as a notice-driven or causal policy event.,仅为描述性变更簇，不自动认定为公告驱动或因果政策事件。
v15_cluster_0015094,v15_cluster_0015094,20220310,20220310,BU,BU,Bitumen,石油沥青,General-position margin ratio,一般持仓交易保证金比例,0.1,0.1,0.15,0.15,bu2303;bu2306;bu2309;bu2312,bu2303;bu2306;bu2309;bu2312,4,4,12,12,0.3333333333333333,0.3333333333333333,multiple_contracts_partial,覆盖多个但非多数合约,0,0,0,0,Descriptive cluster only; it is not automatically classified as a notice-driven or causal policy event.,仅为描述性变更簇，不自动认定为公告驱动或因果政策事件。
v15_cluster_0015095,v15_cluster_0015095,20220310,20220310,BU,BU,Bitumen,石油沥青,General-position margin ratio,一般持仓交易保证金比例,0.1,0.1,0.18,0.18,bu2205;bu2206;bu2207;bu2208;bu2209;bu2212,bu2205;bu2206;bu2207;bu2208;bu2209;bu2212,6,6,12,12,0.5,0.5,majority_of_active_contracts,覆盖当日多数活跃合约,0,0,0,0,Descriptive cluster only; it is not automatically classified as a notice-driven or causal policy event.,仅为描述性变更簇，不自动认定为公告驱动或因果政策事件。
v15_cluster_0015096,v15_cluster_0015096,20220310,20220310,BU,BU,Bitumen,石油沥青,General-position margin ratio,一般持仓交易保证金比例,0.13,0.13,0.15,0.15,bu2204,bu2204,1,1,12,12,0.08333333333333333,0.08333333333333333,single_contract,单一合约,0,0,0,0,Descriptive cluster only; it is not automatically classified as a notice-driven or causal policy event.,仅为描述性变更簇，不自动认定为公告驱动或因果政策事件。
v15_cluster_0015097,v15_cluster_0015097,20220310,20220310,BU,BU,Bitumen,石油沥青,Hedge-position margin ratio,套保持仓交易保证金比例,0.1,0.1,0.15,0.15,bu2303;bu2306;bu2309;bu2312,bu2303;bu2306;bu2309;bu2312,4,4,12,12,0.3333333333333333,0.3333333333333333,multiple_contracts_partial,覆盖多个但非多数合约,0,0,0,0,Descriptive cluster only; it is not automatically classified as a notice-driven or causal policy event.,仅为描述性变更簇，不自动认定为公告驱动或因果政策事件。
v15_cluster_0015098,v15_cluster_0015098,20220310,20220310,BU,BU,Bitumen,石油沥青,Hedge-position margin ratio,套保持仓交易保证金比例,0.1,0.1,0.18,0.18,bu2205;bu2206;bu2207;bu2208;bu2209;bu2212,bu2205;bu2206;bu2207;bu2208;bu2209;bu2212,6,6,12,12,0.5,0.5,majority_of_active_contracts,覆盖当日多数活跃合约,0,0,0,0,Descriptive cluster only; it is not automatically classified as a notice-driven or causal policy event.,仅为描述性变更簇，不自动认定为公告驱动或因果政策事件。
v15_cluster_0015099,v15_cluster_0015099,20220310,20220310,BU,BU,Bitumen,石油沥青,Hedge-position margin ratio,套保持仓交易保证金比例,0.13,0.13,0.15,0.15,bu2204,bu2204,1,1,12,12,0.08333333333333333,0.08333333333333333,single_contract,单一合约,0,0,0,0,Descriptive cluster only; it is not automatically classified as a notice-driven or causal policy event.,仅为描述性变更簇，不自动认定为公告驱动或因果政策事件。
v15_cluster_0015100,v15_cluster_0015100,20220310,20220310,BU,BU,Bitumen,石油沥青,Price-limit ratio,涨跌停板幅度,0.08,0.08,0.13,0.13,bu2303;bu2306;bu2309;bu2312,bu2303;bu2306;bu2309;bu2312,4,4,12,12,0.3333333333333333,0.3333333333333333,multiple_contracts_partial,覆盖多个但非多数合约,0,0,0,0,Descriptive cluster only; it is not automatically classified as a notice-driven or causal policy event.,仅为描述性变更簇，不自动认定为公告驱动或因果政策事件。
v15_cluster_0015101,v15_cluster_0015101,20220310,20220310,BU,BU,Bitumen,石油沥青,Price-limit ratio,涨跌停板幅度,0.08,0.08,0.16,0.16,bu2205;bu2206;bu2207;bu2208;bu2209;bu2212,bu2205;bu2206;bu2207;bu2208;bu2209;bu2212,6,6,12,12,0.5,0.5,majority_of_active_contracts,覆盖当日多数活跃合约,0,0,0,0,Descriptive cluster only; it is not automatically classified as a notice-driven or causal policy event.,仅为描述性变更簇，不自动认定为公告驱动或因果政策事件。
v15_cluster_0015102,v15_cluster_0015102,20220310,20220310,BU,BU,Bitumen,石油沥青,Price-limit ratio,涨跌停板幅度,0.11,0.11,0.13,0.13,bu2203;bu2204,bu2203;bu2204,2,2,12,12,0.16666666666666666,0.16666666666666666,multiple_contracts_partial,覆盖多个但非多数合约,1,1,0,0,Descriptive cluster only; it is not automatically classified as a notice-driven or causal policy event.,仅为描述性变更簇，不自动认定为公告驱动或因果政策事件。
v15_cluster_0015157,v15_cluster_0015157,20220311,20220311,BU,BU,Bitumen,石油沥青,General-position margin ratio,一般持仓交易保证金比例,0.15,0.15,0.2,0.2,bu2203,bu2203,1,1,12,12,0.08333333333333333,0.08333333333333333,single_contract,单一合约,1,1,0,0,Descriptive cluster only; it is not automatically classified as a notice-driven or causal policy event.,仅为描述性变更簇，不自动认定为公告驱动或因果政策事件。
v15_cluster_0015158,v15_cluster_0015158,20220311,20220311,BU,BU,Bitumen,石油沥青,General-position margin ratio,一般持仓交易保证金比例,0.18,0.18,0.15,0.15,bu2205;bu2206;bu2207;bu2208;bu2209;bu2212,bu2205;bu2206;bu2207;bu2208;bu2209;bu2212,6,6,12,12,0.5,0.5,majority_of_active_contracts,覆盖当日多数活跃合约,0,0,0,0,Descriptive cluster only; it is not automatically classified as a notice-driven or causal policy event.,仅为描述性变更簇，不自动认定为公告驱动或因果政策事件。
v15_cluster_0015159,v15_cluster_0015159,20220311,20220311,BU,BU,Bitumen,石油沥青,Hedge-position margin ratio,套保持仓交易保证金比例,0.15,0.15,0.2,0.2,bu2203,bu2203,1,1,12,12,0.08333333333333333,0.08333333333333333,single_contract,单一合约,1,1,0,0,Descriptive cluster only; it is not automatically classified as a notice-driven or causal policy event.,仅为描述性变更簇，不自动认定为公告驱动或因果政策事件。
v15_cluster_0015160,v15_cluster_0015160,20220311,20220311,BU,BU,Bitumen,石油沥青,Hedge-position margin ratio,套保持仓交易保证金比例,0.18,0.18,0.15,0.15,bu2205;bu2206;bu2207;bu2208;bu2209;bu2212,bu2205;bu2206;bu2207;bu2208;bu2209;bu2212,6,6,12,12,0.5,0.5,majority_of_active_contracts,覆盖当日多数活跃合约,0,0,0,0,Descriptive cluster only; it is not automatically classified as a notice-driven or causal policy event.,仅为描述性变更簇，不自动认定为公告驱动或因果政策事件。
v15_cluster_0015161,v15_cluster_0015161,20220311,20220311,BU,BU,Bitumen,石油沥青,Price-limit ratio,涨跌停板幅度,0.16,0.16,0.13,0.13,bu2205;bu2206;bu2207;bu2208;bu2209;bu2212,bu2205;bu2206;bu2207;bu2208;bu2209;bu2212,6,6,12,12,0.5,0.5,majority_of_active_contracts,覆盖当日多数活跃合约,0,0,0,0,Descriptive cluster only; it is not automatically classified as a notice-driven or causal policy event.,仅为描述性变更簇，不自动认定为公告驱动或因果政策事件。
v15_cluster_0015213,v15_cluster_0015213,20220317,20220317,BU,BU,Bitumen,石油沥青,Price-limit ratio,涨跌停板幅度,0.26,0.26,0.13,0.13,bu2301;bu2403,bu2301;bu2403,2,2,16,16,0.125,0.125,multiple_contracts_partial,覆盖多个但非多数合约,0,0,0,0,Descriptive cluster only; it is not automatically classified as a notice-driven or causal policy event.,仅为描述性变更簇，不自动认定为公告驱动或因果政策事件。
v15_cluster_0015227,v15_cluster_0015227,20220323,20220323,BU,BU,Bitumen,石油沥青,Price-limit ratio,涨跌停板幅度,0.26,0.26,0.13,0.13,bu2210,bu2210,1,1,16,16,0.0625,0.0625,single_contract,单一合约,0,0,0,0,Descriptive cluster only; it is not automatically classified as a notice-driven or causal policy event.,仅为描述性变更簇，不自动认定为公告驱动或因果政策事件。
v15_cluster_0015234,v15_cluster_0015234,20220329,20220329,BU,BU,Bitumen,石油沥青,Price-limit ratio,涨跌停板幅度,0.26,0.26,0.13,0.13,bu2211,bu2211,1,1,16,16,0.0625,0.0625,single_contract,单一合约,0,0,0,0,Descriptive cluster only; it is not automatically classified as a notice-driven or causal policy event.,仅为描述性变更簇，不自动认定为公告驱动或因果政策事件。
v15_cluster_0015250,v15_cluster_0015250,20220401,20220401,BU,BU,Bitumen,石油沥青,General-position margin ratio,一般持仓交易保证金比例,0.15,0.15,0.17,0.17,bu2204;bu2205;bu2206;bu2207;bu2208;bu2209;bu2210;bu2211;bu2212;bu2301;bu2302;bu2303;bu2306;bu2309;bu2312;bu2403,bu2204;bu2205;bu2206;bu2207;bu2208;bu2209;bu2210;bu2211;bu2212;bu2301;bu2302;bu2303;bu2306;bu2309;bu2312;bu2403,16,16,16,16,1.0,1.0,all_active_contracts,覆盖当日全部活跃合约,1,1,0,0,Descriptive cluster only; it is not automatically classified as a notice-driven or causal policy event.,仅为描述性变更簇，不自动认定为公告驱动或因果政策事件。
v15_cluster_0015251,v15_cluster_0015251,20220401,20220401,BU,BU,Bitumen,石油沥青,Hedge-position margin ratio,套保持仓交易保证金比例,0.15,0.15,0.17,0.17,bu2204;bu2205;bu2206;bu2207;bu2208;bu2209;bu2210;bu2211;bu2212;bu2301;bu2302;bu2303;bu2306;bu2309;bu2312;bu2403,bu2204;bu2205;bu2206;bu2207;bu2208;bu2209;bu2210;bu2211;bu2212;bu2301;bu2302;bu2303;bu2306;bu2309;bu2312;bu2403,16,16,16,16,1.0,1.0,all_active_contracts,覆盖当日全部活跃合约,1,1,0,0,Descriptive cluster only; it is not automatically classified as a notice-driven or causal policy event.,仅为描述性变更簇，不自动认定为公告驱动或因果政策事件。
v15_cluster_0015252,v15_cluster_0015252,20220401,20220401,BU,BU,Bitumen,石油沥青,Price-limit ratio,涨跌停板幅度,0.13,0.13,0.15,0.15,bu2204;bu2205;bu2206;bu2207;bu2208;bu2209;bu2210;bu2211;bu2212;bu2301;bu2303;bu2306;bu2309;bu2312;bu2403,bu2204;bu2205;bu2206;bu2207;bu2208;bu2209;bu2210;bu2211;bu2212;bu2301;bu2303;bu2306;bu2309;bu2312;bu2403,15,15,16,16,0.9375,0.9375,majority_of_active_contracts,覆盖当日多数活跃合约,1,1,0,0,Descriptive cluster only; it is not automatically classified as a notice-driven or causal policy event.,仅为描述性变更簇，不自动认定为公告驱动或因果政策事件。
v15_cluster_0015253,v15_cluster_0015253,20220401,20220401,BU,BU,Bitumen,石油沥青,Price-limit ratio,涨跌停板幅度,0.26,0.26,0.3,0.3,bu2302,bu2302,1,1,16,16,0.0625,0.0625,single_contract,单一合约,0,0,0,0,Descriptive cluster only; it is not automatically classified as a notice-driven or causal policy event.,仅为描述性变更簇，不自动认定为公告驱动或因果政策事件。
v15_cluster_0015303,v15_cluster_0015303,20220407,20220407,BU,BU,Bitumen,石油沥青,General-position margin ratio,一般持仓交易保证金比例,0.17,0.17,0.15,0.15,bu2204;bu2205;bu2206;bu2207;bu2208;bu2209;bu2210;bu2211;bu2212;bu2301;bu2302;bu2303;bu2306;bu2309;bu2312;bu2403,bu2204;bu2205;bu2206;bu2207;bu2208;bu2209;bu2210;bu2211;bu2212;bu2301;bu2302;bu2303;bu2306;bu2309;bu2312;bu2403,16,16,16,16,1.0,1.0,all_active_contracts,覆盖当日全部活跃合约,1,1,0,0,Descriptive cluster only; it is not automatically classified as a notice-driven or causal policy event.,仅为描述性变更簇，不自动认定为公告驱动或因果政策事件。
v15_cluster_0015304,v15_cluster_0015304,20220407,20220407,BU,BU,Bitumen,石油沥青,Hedge-position margin ratio,套保持仓交易保证金比例,0.17,0.17,0.15,0.15,bu2204;bu2205;bu2206;bu2207;bu2208;bu2209;bu2210;bu2211;bu2212;bu2301;bu2302;bu2303;bu2306;bu2309;bu2312;bu2403,bu2204;bu2205;bu2206;bu2207;bu2208;bu2209;bu2210;bu2211;bu2212;bu2301;bu2302;bu2303;bu2306;bu2309;bu2312;bu2403,16,16,16,16,1.0,1.0,all_active_contracts,覆盖当日全部活跃合约,1,1,0,0,Descriptive cluster only; it is not automatically classified as a notice-driven or causal policy event.,仅为描述性变更簇，不自动认定为公告驱动或因果政策事件。
v15_cluster_0015305,v15_cluster_0015305,20220407,20220407,BU,BU,Bitumen,石油沥青,Price-limit ratio,涨跌停板幅度,0.15,0.15,0.13,0.13,bu2204;bu2205;bu2206;bu2207;bu2208;bu2209;bu2210;bu2211;bu2212;bu2301;bu2303;bu2306;bu2309;bu2312;bu2403,bu2204;bu2205;bu2206;bu2207;bu2208;bu2209;bu2210;bu2211;bu2212;bu2301;bu2303;bu2306;bu2309;bu2312;bu2403,15,15,16,16,0.9375,0.9375,majority_of_active_contracts,覆盖当日多数活跃合约,1,1,0,0,Descriptive cluster only; it is not automatically classified as a notice-driven or causal policy event.,仅为描述性变更簇，不自动认定为公告驱动或因果政策事件。
v15_cluster_0015306,v15_cluster_0015306,20220407,20220407,BU,BU,Bitumen,石油沥青,Price-limit ratio,涨跌停板幅度,0.3,0.3,0.26,0.26,bu2302,bu2302,1,1,16,16,0.0625,0.0625,single_contract,单一合约,0,0,0,0,Descriptive cluster only; it is not automatically classified as a notice-driven or causal policy event.,仅为描述性变更簇，不自动认定为公告驱动或因果政策事件。
v15_cluster_0015335,v15_cluster_0015335,20220413,20220413,BU,BU,Bitumen,石油沥青,General-position margin ratio,一般持仓交易保证金比例,0.15,0.15,0.2,0.2,bu2204,bu2204,1,1,16,16,0.0625,0.0625,single_contract,单一合约,1,1,0,0,Descriptive cluster only; it is not automatically classified as a notice-driven or causal policy event.,仅为描述性变更簇，不自动认定为公告驱动或因果政策事件。
v15_cluster_0015336,v15_cluster_0015336,20220413,20220413,BU,BU,Bitumen,石油沥青,Hedge-position margin ratio,套保持仓交易保证金比例,0.15,0.15,0.2,0.2,bu2204,bu2204,1,1,16,16,0.0625,0.0625,single_contract,单一合约,1,1,0,0,Descriptive cluster only; it is not automatically classified as a notice-driven or causal policy event.,仅为描述性变更簇，不自动认定为公告驱动或因果政策事件。
v15_cluster_0015381,v15_cluster_0015381,20220429,20220429,BU,BU,Bitumen,石油沥青,General-position margin ratio,一般持仓交易保证金比例,0.15,0.15,0.17,0.17,bu2205;bu2206;bu2207;bu2208;bu2209;bu2210;bu2211;bu2212;bu2301;bu2302;bu2303;bu2304;bu2306;bu2309;bu2312;bu2403,bu2205;bu2206;bu2207;bu2208;bu2209;bu2210;bu2211;bu2212;bu2301;bu2302;bu2303;bu2304;bu2306;bu2309;bu2312;bu2403,16,16,16,16,1.0,1.0,all_active_contracts,覆盖当日全部活跃合约,1,1,0,0,Descriptive cluster only; it is not automatically classified as a notice-driven or causal policy event.,仅为描述性变更簇，不自动认定为公告驱动或因果政策事件。
v15_cluster_0015382,v15_cluster_0015382,20220429,20220429,BU,BU,Bitumen,石油沥青,Hedge-position margin ratio,套保持仓交易保证金比例,0.15,0.15,0.17,0.17,bu2205;bu2206;bu2207;bu2208;bu2209;bu2210;bu2211;bu2212;bu2301;bu2302;bu2303;bu2304;bu2306;bu2309;bu2312;bu2403,bu2205;bu2206;bu2207;bu2208;bu2209;bu2210;bu2211;bu2212;bu2301;bu2302;bu2303;bu2304;bu2306;bu2309;bu2312;bu2403,16,16,16,16,1.0,1.0,all_active_contracts,覆盖当日全部活跃合约,1,1,0,0,Descriptive cluster only; it is not automatically classified as a notice-driven or causal policy event.,仅为描述性变更簇，不自动认定为公告驱动或因果政策事件。
v15_cluster_0015383,v15_cluster_0015383,20220429,20220429,BU,BU,Bitumen,石油沥青,Price-limit ratio,涨跌停板幅度,0.13,0.13,0.15,0.15,bu2205;bu2206;bu2207;bu2208;bu2209;bu2210;bu2211;bu2212;bu2301;bu2303;bu2306;bu2309;bu2312;bu2403,bu2205;bu2206;bu2207;bu2208;bu2209;bu2210;bu2211;bu2212;bu2301;bu2303;bu2306;bu2309;bu2312;bu2403,14,14,16,16,0.875,0.875,majority_of_active_contracts,覆盖当日多数活跃合约,1,1,0,0,Descriptive cluster only; it is not automatically classified as a notice-driven or causal policy event.,仅为描述性变更簇，不自动认定为公告驱动或因果政策事件。
v15_cluster_0015384,v15_cluster_0015384,20220429,20220429,BU,BU,Bitumen,石油沥青,Price-limit ratio,涨跌停板幅度,0.26,0.26,0.15,0.15,bu2302;bu2304,bu2302;bu2304,2,2,16,16,0.125,0.125,multiple_contracts_partial,覆盖多个但非多数合约,0,0,0,0,Descriptive cluster only; it is not automatically classified as a notice-driven or causal policy event.,仅为描述性变更簇，不自动认定为公告驱动或因果政策事件。
v15_cluster_0015432,v15_cluster_0015432,20220506,20220506,BU,BU,Bitumen,石油沥青,General-position margin ratio,一般持仓交易保证金比例,0.17,0.17,0.15,0.15,bu2205;bu2206;bu2207;bu2208;bu2209;bu2210;bu2211;bu2212;bu2301;bu2302;bu2303;bu2304;bu2306;bu2309;bu2312;bu2403,bu2205;bu2206;bu2207;bu2208;bu2209;bu2210;bu2211;bu2212;bu2301;bu2302;bu2303;bu2304;bu2306;bu2309;bu2312;bu2403,16,16,16,16,1.0,1.0,all_active_contracts,覆盖当日全部活跃合约,1,1,0,0,Descriptive cluster only; it is not automatically classified as a notice-driven or causal policy event.,仅为描述性变更簇，不自动认定为公告驱动或因果政策事件。
v15_cluster_0015433,v15_cluster_0015433,20220506,20220506,BU,BU,Bitumen,石油沥青,Hedge-position margin ratio,套保持仓交易保证金比例,0.17,0.17,0.15,0.15,bu2205;bu2206;bu2207;bu2208;bu2209;bu2210;bu2211;bu2212;bu2301;bu2302;bu2303;bu2304;bu2306;bu2309;bu2312;bu2403,bu2205;bu2206;bu2207;bu2208;bu2209;bu2210;bu2211;bu2212;bu2301;bu2302;bu2303;bu2304;bu2306;bu2309;bu2312;bu2403,16,16,16,16,1.0,1.0,all_active_contracts,覆盖当日全部活跃合约,1,1,0,0,Descriptive cluster only; it is not automatically classified as a notice-driven or causal policy event.,仅为描述性变更簇，不自动认定为公告驱动或因果政策事件。
v15_cluster_0015434,v15_cluster_0015434,20220506,20220506,BU,BU,Bitumen,石油沥青,Price-limit ratio,涨跌停板幅度,0.15,0.15,0.13,0.13,bu2205;bu2206;bu2207;bu2208;bu2209;bu2210;bu2211;bu2212;bu2301;bu2302;bu2303;bu2304;bu2306;bu2309;bu2312;bu2403,bu2205;bu2206;bu2207;bu2208;bu2209;bu2210;bu2211;bu2212;bu2301;bu2302;bu2303;bu2304;bu2306;bu2309;bu2312;bu2403,16,16,16,16,1.0,1.0,all_active_contracts,覆盖当日全部活跃合约,1,1,0,0,Descriptive cluster only; it is not automatically classified as a notice-driven or causal policy event.,仅为描述性变更簇，不自动认定为公告驱动或因果政策事件。
v15_cluster_0015456,v15_cluster_0015456,20220512,20220512,BU,BU,Bitumen,石油沥青,General-position margin ratio,一般持仓交易保证金比例,0.15,0.15,0.2,0.2,bu2205,bu2205,1,1,16,16,0.0625,0.0625,single_contract,单一合约,1,1,0,0,Descriptive cluster only; it is not automatically classified as a notice-driven or causal policy event.,仅为描述性变更簇，不自动认定为公告驱动或因果政策事件。
v15_cluster_0015457,v15_cluster_0015457,20220512,20220512,BU,BU,Bitumen,石油沥青,Hedge-position margin ratio,套保持仓交易保证金比例,0.15,0.15,0.2,0.2,bu2205,bu2205,1,1,16,16,0.0625,0.0625,single_contract,单一合约,1,1,0,0,Descriptive cluster only; it is not automatically classified as a notice-driven or causal policy event.,仅为描述性变更簇，不自动认定为公告驱动或因果政策事件。
v15_cluster_0015496,v15_cluster_0015496,20220524,20220524,BU,BU,Bitumen,石油沥青,Price-limit ratio,涨跌停板幅度,0.26,0.26,0.13,0.13,bu2305,bu2305,1,1,16,16,0.0625,0.0625,single_contract,单一合约,0,0,0,0,Descriptive cluster only; it is not automatically classified as a notice-driven or causal policy event.,仅为描述性变更簇，不自动认定为公告驱动或因果政策事件。
v15_cluster_0015543,v15_cluster_0015543,20220613,20220613,BU,BU,Bitumen,石油沥青,General-position margin ratio,一般持仓交易保证金比例,0.15,0.15,0.2,0.2,bu2206,bu2206,1,1,16,16,0.0625,0.0625,single_contract,单一合约,1,1,0,0,Descriptive cluster only; it is not automatically classified as a notice-driven or causal policy event.,仅为描述性变更簇，不自动认定为公告驱动或因果政策事件。
v15_cluster_0015544,v15_cluster_0015544,20220613,20220613,BU,BU,Bitumen,石油沥青,Hedge-position margin ratio,套保持仓交易保证金比例,0.15,0.15,0.2,0.2,bu2206,bu2206,1,1,16,16,0.0625,0.0625,single_contract,单一合约,1,1,0,0,Descriptive cluster only; it is not automatically classified as a notice-driven or causal policy event.,仅为描述性变更簇，不自动认定为公告驱动或因果政策事件。
v15_cluster_0015572,v15_cluster_0015572,20220617,20220617,BU,BU,Bitumen,石油沥青,Price-limit ratio,涨跌停板幅度,0.26,0.26,0.13,0.13,bu2406,bu2406,1,1,16,16,0.0625,0.0625,single_contract,单一合约,0,0,0,0,Descriptive cluster only; it is not automatically classified as a notice-driven or causal policy event.,仅为描述性变更簇，不自动认定为公告驱动或因果政策事件。
v15_cluster_0015632,v15_cluster_0015632,20220713,20220713,BU,BU,Bitumen,石油沥青,General-position margin ratio,一般持仓交易保证金比例,0.15,0.15,0.2,0.2,bu2207,bu2207,1,1,16,16,0.0625,0.0625,single_contract,单一合约,1,1,0,0,Descriptive cluster only; it is not automatically classified as a notice-driven or causal policy event.,仅为描述性变更簇，不自动认定为公告驱动或因果政策事件。
v15_cluster_0015633,v15_cluster_0015633,20220713,20220713,BU,BU,Bitumen,石油沥青,Hedge-position margin ratio,套保持仓交易保证金比例,0.15,0.15,0.2,0.2,bu2207,bu2207,1,1,16,16,0.0625,0.0625,single_contract,单一合约,1,1,0,0,Descriptive cluster only; it is not automatically classified as a notice-driven or causal policy event.,仅为描述性变更簇，不自动认定为公告驱动或因果政策事件。
v15_cluster_0015679,v15_cluster_0015679,20220722,20220722,BU,BU,Bitumen,石油沥青,Price-limit ratio,涨跌停板幅度,0.26,0.26,0.13,0.13,bu2307,bu2307,1,1,16,16,0.0625,0.0625,single_contract,单一合约,0,0,0,0,Descriptive cluster only; it is not automatically classified as a notice-driven or causal policy event.,仅为描述性变更簇，不自动认定为公告驱动或因果政策事件。
v15_cluster_0015725,v15_cluster_0015725,20220811,20220811,BU,BU,Bitumen,石油沥青,General-position margin ratio,一般持仓交易保证金比例,0.15,0.15,0.2,0.2,bu2208,bu2208,1,1,16,16,0.0625,0.0625,single_contract,单一合约,1,1,0,0,Descriptive cluster only; it is not automatically classified as a notice-driven or causal policy event.,仅为描述性变更簇，不自动认定为公告驱动或因果政策事件。
v15_cluster_0015726,v15_cluster_0015726,20220811,20220811,BU,BU,Bitumen,石油沥青,Hedge-position margin ratio,套保持仓交易保证金比例,0.15,0.15,0.2,0.2,bu2208,bu2208,1,1,16,16,0.0625,0.0625,single_contract,单一合约,1,1,0,0,Descriptive cluster only; it is not automatically classified as a notice-driven or causal policy event.,仅为描述性变更簇，不自动认定为公告驱动或因果政策事件。
v15_cluster_0015772,v15_cluster_0015772,20220830,20220830,BU,BU,Bitumen,石油沥青,Price-limit ratio,涨跌停板幅度,0.26,0.26,0.13,0.13,bu2308,bu2308,1,1,16,16,0.0625,0.0625,single_contract,单一合约,0,0,0,0,Descriptive cluster only; it is not automatically classified as a notice-driven or causal policy event.,仅为描述性变更簇，不自动认定为公告驱动或因果政策事件。
v15_cluster_0015816,v15_cluster_0015816,20220913,20220913,BU,BU,Bitumen,石油沥青,General-position margin ratio,一般持仓交易保证金比例,0.15,0.15,0.2,0.2,bu2209,bu2209,1,1,16,16,0.0625,0.0625,single_contract,单一合约,1,1,0,0,Descriptive cluster only; it is not automatically classified as a notice-driven or causal policy event.,仅为描述性变更簇，不自动认定为公告驱动或因果政策事件。
v15_cluster_0015817,v15_cluster_0015817,20220913,20220913,BU,BU,Bitumen,石油沥青,Hedge-position margin ratio,套保持仓交易保证金比例,0.15,0.15,0.2,0.2,bu2209,bu2209,1,1,16,16,0.0625,0.0625,single_contract,单一合约,1,1,0,0,Descriptive cluster only; it is not automatically classified as a notice-driven or causal policy event.,仅为描述性变更簇，不自动认定为公告驱动或因果政策事件。
v15_cluster_0015844,v15_cluster_0015844,20220919,20220919,BU,BU,Bitumen,石油沥青,Price-limit ratio,涨跌停板幅度,0.26,0.26,0.13,0.13,bu2409,bu2409,1,1,16,16,0.0625,0.0625,single_contract,单一合约,0,0,0,0,Descriptive cluster only; it is not automatically classified as a notice-driven or causal policy event.,仅为描述性变更簇，不自动认定为公告驱动或因果政策事件。
v15_cluster_0015867,v15_cluster_0015867,20220930,20220930,BU,BU,Bitumen,石油沥青,General-position margin ratio,一般持仓交易保证金比例,0.15,0.15,0.17,0.17,bu2210;bu2211;bu2212;bu2301;bu2302;bu2303;bu2304;bu2305;bu2306;bu2307;bu2308;bu2309;bu2312;bu2403;bu2406;bu2409,bu2210;bu2211;bu2212;bu2301;bu2302;bu2303;bu2304;bu2305;bu2306;bu2307;bu2308;bu2309;bu2312;bu2403;bu2406;bu2409,16,16,16,16,1.0,1.0,all_active_contracts,覆盖当日全部活跃合约,1,1,0,0,Descriptive cluster only; it is not automatically classified as a notice-driven or causal policy event.,仅为描述性变更簇，不自动认定为公告驱动或因果政策事件。
v15_cluster_0015868,v15_cluster_0015868,20220930,20220930,BU,BU,Bitumen,石油沥青,Hedge-position margin ratio,套保持仓交易保证金比例,0.15,0.15,0.17,0.17,bu2210;bu2211;bu2212;bu2301;bu2302;bu2303;bu2304;bu2305;bu2306;bu2307;bu2308;bu2309;bu2312;bu2403;bu2406;bu2409,bu2210;bu2211;bu2212;bu2301;bu2302;bu2303;bu2304;bu2305;bu2306;bu2307;bu2308;bu2309;bu2312;bu2403;bu2406;bu2409,16,16,16,16,1.0,1.0,all_active_contracts,覆盖当日全部活跃合约,1,1,0,0,Descriptive cluster only; it is not automatically classified as a notice-driven or causal policy event.,仅为描述性变更簇，不自动认定为公告驱动或因果政策事件。
v15_cluster_0015869,v15_cluster_0015869,20220930,20220930,BU,BU,Bitumen,石油沥青,Price-limit ratio,涨跌停板幅度,0.13,0.13,0.15,0.15,bu2210;bu2211;bu2212;bu2301;bu2302;bu2303;bu2304;bu2305;bu2306;bu2307;bu2308;bu2309;bu2312;bu2403;bu2406;bu2409,bu2210;bu2211;bu2212;bu2301;bu2302;bu2303;bu2304;bu2305;bu2306;bu2307;bu2308;bu2309;bu2312;bu2403;bu2406;bu2409,16,16,16,16,1.0,1.0,all_active_contracts,覆盖当日全部活跃合约,1,1,0,0,Descriptive cluster only; it is not automatically classified as a notice-driven or causal policy event.,仅为描述性变更簇，不自动认定为公告驱动或因果政策事件。
v15_cluster_0015915,v15_cluster_0015915,20221011,20221011,BU,BU,Bitumen,石油沥青,General-position margin ratio,一般持仓交易保证金比例,0.17,0.17,0.15,0.15,bu2210;bu2211;bu2212;bu2301;bu2302;bu2303;bu2304;bu2305;bu2306;bu2307;bu2308;bu2309;bu2312;bu2403;bu2406;bu2409,bu2210;bu2211;bu2212;bu2301;bu2302;bu2303;bu2304;bu2305;bu2306;bu2307;bu2308;bu2309;bu2312;bu2403;bu2406;bu2409,16,16,16,16,1.0,1.0,all_active_contracts,覆盖当日全部活跃合约,1,1,0,0,Descriptive cluster only; it is not automatically classified as a notice-driven or causal policy event.,仅为描述性变更簇，不自动认定为公告驱动或因果政策事件。
v15_cluster_0015916,v15_cluster_0015916,20221011,20221011,BU,BU,Bitumen,石油沥青,Hedge-position margin ratio,套保持仓交易保证金比例,0.17,0.17,0.15,0.15,bu2210;bu2211;bu2212;bu2301;bu2302;bu2303;bu2304;bu2305;bu2306;bu2307;bu2308;bu2309;bu2312;bu2403;bu2406;bu2409,bu2210;bu2211;bu2212;bu2301;bu2302;bu2303;bu2304;bu2305;bu2306;bu2307;bu2308;bu2309;bu2312;bu2403;bu2406;bu2409,16,16,16,16,1.0,1.0,all_active_contracts,覆盖当日全部活跃合约,1,1,0,0,Descriptive cluster only; it is not automatically classified as a notice-driven or causal policy event.,仅为描述性变更簇，不自动认定为公告驱动或因果政策事件。
v15_cluster_0015917,v15_cluster_0015917,20221011,20221011,BU,BU,Bitumen,石油沥青,Price-limit ratio,涨跌停板幅度,0.15,0.15,0.13,0.13,bu2210;bu2211;bu2212;bu2301;bu2302;bu2303;bu2304;bu2305;bu2306;bu2307;bu2308;bu2309;bu2312;bu2403;bu2406;bu2409,bu2210;bu2211;bu2212;bu2301;bu2302;bu2303;bu2304;bu2305;bu2306;bu2307;bu2308;bu2309;bu2312;bu2403;bu2406;bu2409,16,16,16,16,1.0,1.0,all_active_contracts,覆盖当日全部活跃合约,1,1,0,0,Descriptive cluster only; it is not automatically classified as a notice-driven or causal policy event.,仅为描述性变更簇，不自动认定为公告驱动或因果政策事件。
v15_cluster_0015947,v15_cluster_0015947,20221013,20221013,BU,BU,Bitumen,石油沥青,General-position margin ratio,一般持仓交易保证金比例,0.15,0.15,0.2,0.2,bu2210,bu2210,1,1,16,16,0.0625,0.0625,single_contract,单一合约,1,1,0,0,Descriptive cluster only; it is not automatically classified as a notice-driven or causal policy event.,仅为描述性变更簇，不自动认定为公告驱动或因果政策事件。
v15_cluster_0015948,v15_cluster_0015948,20221013,20221013,BU,BU,Bitumen,石油沥青,Hedge-position margin ratio,套保持仓交易保证金比例,0.15,0.15,0.2,0.2,bu2210,bu2210,1,1,16,16,0.0625,0.0625,single_contract,单一合约,1,1,0,0,Descriptive cluster only; it is not automatically classified as a notice-driven or causal policy event.,仅为描述性变更簇，不自动认定为公告驱动或因果政策事件。
v15_cluster_0016022,v15_cluster_0016022,20221103,20221103,BU,BU,Bitumen,石油沥青,Price-limit ratio,涨跌停板幅度,0.26,0.26,0.13,0.13,bu2310,bu2310,1,1,16,16,0.0625,0.0625,single_contract,单一合约,0,0,0,0,Descriptive cluster only; it is not automatically classified as a notice-driven or causal policy event.,仅为描述性变更簇，不自动认定为公告驱动或因果政策事件。
v15_cluster_0016033,v15_cluster_0016033,20221111,20221111,BU,BU,Bitumen,石油沥青,General-position margin ratio,一般持仓交易保证金比例,0.15,0.15,0.2,0.2,bu2211,bu2211,1,1,16,16,0.0625,0.0625,single_contract,单一合约,1,1,0,0,Descriptive cluster only; it is not automatically classified as a notice-driven or causal policy event.,仅为描述性变更簇，不自动认定为公告驱动或因果政策事件。
v15_cluster_0016034,v15_cluster_0016034,20221111,20221111,BU,BU,Bitumen,石油沥青,Hedge-position margin ratio,套保持仓交易保证金比例,0.15,0.15,0.2,0.2,bu2211,bu2211,1,1,16,16,0.0625,0.0625,single_contract,单一合约,1,1,0,0,Descriptive cluster only; it is not automatically classified as a notice-driven or causal policy event.,仅为描述性变更簇，不自动认定为公告驱动或因果政策事件。
v15_cluster_0016106,v15_cluster_0016106,20221202,20221202,BU,BU,Bitumen,石油沥青,Price-limit ratio,涨跌停板幅度,0.26,0.26,0.13,0.13,bu2311,bu2311,1,1,16,16,0.0625,0.0625,single_contract,单一合约,0,0,0,0,Descriptive cluster only; it is not automatically classified as a notice-driven or causal policy event.,仅为描述性变更簇，不自动认定为公告驱动或因果政策事件。
v15_cluster_0016119,v15_cluster_0016119,20221213,20221213,BU,BU,Bitumen,石油沥青,General-position margin ratio,一般持仓交易保证金比例,0.15,0.15,0.2,0.2,bu2212,bu2212,1,1,16,16,0.0625,0.0625,single_contract,单一合约,1,1,0,0,Descriptive cluster only; it is not automatically classified as a notice-driven or causal policy event.,仅为描述性变更簇，不自动认定为公告驱动或因果政策事件。
v15_cluster_0016120,v15_cluster_0016120,20221213,20221213,BU,BU,Bitumen,石油沥青,Hedge-position margin ratio,套保持仓交易保证金比例,0.15,0.15,0.2,0.2,bu2212,bu2212,1,1,16,16,0.0625,0.0625,single_contract,单一合约,1,1,0,0,Descriptive cluster only; it is not automatically classified as a notice-driven or causal policy event.,仅为描述性变更簇，不自动认定为公告驱动或因果政策事件。
v15_cluster_0016166,v15_cluster_0016166,20221227,20221227,BU,BU,Bitumen,石油沥青,Price-limit ratio,涨跌停板幅度,0.26,0.26,0.13,0.13,bu2412,bu2412,1,1,16,16,0.0625,0.0625,single_contract,单一合约,0,0,0,0,Descriptive cluster only; it is not automatically classified as a notice-driven or causal policy event.,仅为描述性变更簇，不自动认定为公告驱动或因果政策事件。
v15_cluster_0016204,v15_cluster_0016204,20230112,20230112,BU,BU,Bitumen,石油沥青,General-position margin ratio,一般持仓交易保证金比例,0.15,0.15,0.2,0.2,bu2301,bu2301,1,1,16,16,0.0625,0.0625,single_contract,单一合约,1,1,0,0,Descriptive cluster only; it is not automatically classified as a notice-driven or causal policy event.,仅为描述性变更簇，不自动认定为公告驱动或因果政策事件。
v15_cluster_0016205,v15_cluster_0016205,20230112,20230112,BU,BU,Bitumen,石油沥青,Hedge-position margin ratio,套保持仓交易保证金比例,0.15,0.15,0.2,0.2,bu2301,bu2301,1,1,16,16,0.0625,0.0625,single_contract,单一合约,1,1,0,0,Descriptive cluster only; it is not automatically classified as a notice-driven or causal policy event.,仅为描述性变更簇，不自动认定为公告驱动或因果政策事件。
v15_cluster_0016251,v15_cluster_0016251,20230120,20230120,BU,BU,Bitumen,石油沥青,General-position margin ratio,一般持仓交易保证金比例,0.15,0.15,0.17,0.17,bu2302;bu2303;bu2304;bu2305;bu2306;bu2307;bu2308;bu2309;bu2310;bu2311;bu2312;bu2401;bu2403;bu2406;bu2409;bu2412,bu2302;bu2303;bu2304;bu2305;bu2306;bu2307;bu2308;bu2309;bu2310;bu2311;bu2312;bu2401;bu2403;bu2406;bu2409;bu2412,16,16,16,16,1.0,1.0,all_active_contracts,覆盖当日全部活跃合约,1,1,0,0,Descriptive cluster only; it is not automatically classified as a notice-driven or causal policy event.,仅为描述性变更簇，不自动认定为公告驱动或因果政策事件。
v15_cluster_0016252,v15_cluster_0016252,20230120,20230120,BU,BU,Bitumen,石油沥青,Hedge-position margin ratio,套保持仓交易保证金比例,0.15,0.15,0.17,0.17,bu2302;bu2303;bu2304;bu2305;bu2306;bu2307;bu2308;bu2309;bu2310;bu2311;bu2312;bu2401;bu2403;bu2406;bu2409;bu2412,bu2302;bu2303;bu2304;bu2305;bu2306;bu2307;bu2308;bu2309;bu2310;bu2311;bu2312;bu2401;bu2403;bu2406;bu2409;bu2412,16,16,16,16,1.0,1.0,all_active_contracts,覆盖当日全部活跃合约,1,1,0,0,Descriptive cluster only; it is not automatically classified as a notice-driven or causal policy event.,仅为描述性变更簇，不自动认定为公告驱动或因果政策事件。
v15_cluster_0016253,v15_cluster_0016253,20230120,20230120,BU,BU,Bitumen,石油沥青,Price-limit ratio,涨跌停板幅度,0.13,0.13,0.15,0.15,bu2302;bu2303;bu2304;bu2305;bu2306;bu2307;bu2308;bu2309;bu2310;bu2311;bu2312;bu2403;bu2406;bu2409;bu2412,bu2302;bu2303;bu2304;bu2305;bu2306;bu2307;bu2308;bu2309;bu2310;bu2311;bu2312;bu2403;bu2406;bu2409;bu2412,15,15,16,16,0.9375,0.9375,majority_of_active_contracts,覆盖当日多数活跃合约,1,1,0,0,Descriptive cluster only; it is not automatically classified as a notice-driven or causal policy event.,仅为描述性变更簇，不自动认定为公告驱动或因果政策事件。
v15_cluster_0016254,v15_cluster_0016254,20230120,20230120,BU,BU,Bitumen,石油沥青,Price-limit ratio,涨跌停板幅度,0.26,0.26,0.3,0.3,bu2401,bu2401,1,1,16,16,0.0625,0.0625,single_contract,单一合约,0,0,0,0,Descriptive cluster only; it is not automatically classified as a notice-driven or causal policy event.,仅为描述性变更簇，不自动认定为公告驱动或因果政策事件。
v15_cluster_0016275,v15_cluster_0016275,20230131,20230131,BU,BU,Bitumen,石油沥青,General-position margin ratio,一般持仓交易保证金比例,0.17,0.17,0.15,0.15,bu2302;bu2303;bu2304;bu2305;bu2306;bu2307;bu2308;bu2309;bu2310;bu2311;bu2312;bu2401;bu2403;bu2406;bu2409;bu2412,bu2302;bu2303;bu2304;bu2305;bu2306;bu2307;bu2308;bu2309;bu2310;bu2311;bu2312;bu2401;bu2403;bu2406;bu2409;bu2412,16,16,16,16,1.0,1.0,all_active_contracts,覆盖当日全部活跃合约,1,1,0,0,Descriptive cluster only; it is not automatically classified as a notice-driven or causal policy event.,仅为描述性变更簇，不自动认定为公告驱动或因果政策事件。
v15_cluster_0016276,v15_cluster_0016276,20230131,20230131,BU,BU,Bitumen,石油沥青,Hedge-position margin ratio,套保持仓交易保证金比例,0.17,0.17,0.15,0.15,bu2302;bu2303;bu2304;bu2305;bu2306;bu2307;bu2308;bu2309;bu2310;bu2311;bu2312;bu2401;bu2403;bu2406;bu2409;bu2412,bu2302;bu2303;bu2304;bu2305;bu2306;bu2307;bu2308;bu2309;bu2310;bu2311;bu2312;bu2401;bu2403;bu2406;bu2409;bu2412,16,16,16,16,1.0,1.0,all_active_contracts,覆盖当日全部活跃合约,1,1,0,0,Descriptive cluster only; it is not automatically classified as a notice-driven or causal policy event.,仅为描述性变更簇，不自动认定为公告驱动或因果政策事件。
v15_cluster_0016277,v15_cluster_0016277,20230131,20230131,BU,BU,Bitumen,石油沥青,Price-limit ratio,涨跌停板幅度,0.15,0.15,0.13,0.13,bu2302;bu2303;bu2304;bu2305;bu2306;bu2307;bu2308;bu2309;bu2310;bu2311;bu2312;bu2403;bu2406;bu2409;bu2412,bu2302;bu2303;bu2304;bu2305;bu2306;bu2307;bu2308;bu2309;bu2310;bu2311;bu2312;bu2403;bu2406;bu2409;bu2412,15,15,16,16,0.9375,0.9375,majority_of_active_contracts,覆盖当日多数活跃合约,1,1,0,0,Descriptive cluster only; it is not automatically classified as a notice-driven or causal policy event.,仅为描述性变更簇，不自动认定为公告驱动或因果政策事件。
v15_cluster_0016278,v15_cluster_0016278,20230131,20230131,BU,BU,Bitumen,石油沥青,Price-limit ratio,涨跌停板幅度,0.3,0.3,0.26,0.26,bu2401,bu2401,1,1,16,16,0.0625,0.0625,single_contract,单一合约,0,0,0,0,Descriptive cluster only; it is not automatically classified as a notice-driven or causal policy event.,仅为描述性变更簇，不自动认定为公告驱动或因果政策事件。
v15_cluster_0016324,v15_cluster_0016324,20230202,20230202,BU,BU,Bitumen,石油沥青,Price-limit ratio,涨跌停板幅度,0.26,0.26,0.13,0.13,bu2401,bu2401,1,1,16,16,0.0625,0.0625,single_contract,单一合约,0,0,0,0,Descriptive cluster only; it is not automatically classified as a notice-driven or causal policy event.,仅为描述性变更簇，不自动认定为公告驱动或因果政策事件。
v15_cluster_0016334,v15_cluster_0016334,20230213,20230213,BU,BU,Bitumen,石油沥青,General-position margin ratio,一般持仓交易保证金比例,0.15,0.15,0.2,0.2,bu2302,bu2302,1,1,16,16,0.0625,0.0625,single_contract,单一合约,1,1,0,0,Descriptive cluster only; it is not automatically classified as a notice-driven or causal policy event.,仅为描述性变更簇，不自动认定为公告驱动或因果政策事件。
v15_cluster_0016335,v15_cluster_0016335,20230213,20230213,BU,BU,Bitumen,石油沥青,Hedge-position margin ratio,套保持仓交易保证金比例,0.15,0.15,0.2,0.2,bu2302,bu2302,1,1,16,16,0.0625,0.0625,single_contract,单一合约,1,1,0,0,Descriptive cluster only; it is not automatically classified as a notice-driven or causal policy event.,仅为描述性变更簇，不自动认定为公告驱动或因果政策事件。
v15_cluster_0016405,v15_cluster_0016405,20230303,20230303,BU,BU,Bitumen,石油沥青,Price-limit ratio,涨跌停板幅度,0.26,0.26,0.13,0.13,bu2402,bu2402,1,1,16,16,0.0625,0.0625,single_contract,单一合约,0,0,0,0,Descriptive cluster only; it is not automatically classified as a notice-driven or causal policy event.,仅为描述性变更簇，不自动认定为公告驱动或因果政策事件。
v15_cluster_0016415,v15_cluster_0016415,20230313,20230313,BU,BU,Bitumen,石油沥青,General-position margin ratio,一般持仓交易保证金比例,0.15,0.15,0.2,0.2,bu2303,bu2303,1,1,16,16,0.0625,0.0625,single_contract,单一合约,1,1,0,0,Descriptive cluster only; it is not automatically classified as a notice-driven or causal policy event.,仅为描述性变更簇，不自动认定为公告驱动或因果政策事件。
v15_cluster_0016416,v15_cluster_0016416,20230313,20230313,BU,BU,Bitumen,石油沥青,Hedge-position margin ratio,套保持仓交易保证金比例,0.15,0.15,0.2,0.2,bu2303,bu2303,1,1,16,16,0.0625,0.0625,single_contract,单一合约,1,1,0,0,Descriptive cluster only; it is not automatically classified as a notice-driven or causal policy event.,仅为描述性变更簇，不自动认定为公告驱动或因果政策事件。
v15_cluster_0016445,v15_cluster_0016445,20230317,20230317,BU,BU,Bitumen,石油沥青,Price-limit ratio,涨跌停板幅度,0.26,0.26,0.13,0.13,bu2503,bu2503,1,1,16,16,0.0625,0.0625,single_contract,单一合约,0,0,0,0,Descriptive cluster only; it is not automatically classified as a notice-driven or causal policy event.,仅为描述性变更簇，不自动认定为公告驱动或因果政策事件。
v15_cluster_0016506,v15_cluster_0016506,20230407,20230407,BU,BU,Bitumen,石油沥青,General-position margin ratio,一般持仓交易保证金比例,0.15,0.15,0.12,0.12,bu2305;bu2306;bu2307;bu2308;bu2309;bu2310;bu2311;bu2312;bu2401;bu2402;bu2403;bu2406;bu2409;bu2412;bu2503,bu2305;bu2306;bu2307;bu2308;bu2309;bu2310;bu2311;bu2312;bu2401;bu2402;bu2403;bu2406;bu2409;bu2412;bu2503,15,15,16,16,0.9375,0.9375,majority_of_active_contracts,覆盖当日多数活跃合约,0,0,0,0,Descriptive cluster only; it is not automatically classified as a notice-driven or causal policy event.,仅为描述性变更簇，不自动认定为公告驱动或因果政策事件。
v15_cluster_0016507,v15_cluster_0016507,20230407,20230407,BU,BU,Bitumen,石油沥青,Hedge-position margin ratio,套保持仓交易保证金比例,0.15,0.15,0.12,0.12,bu2305;bu2306;bu2307;bu2308;bu2309;bu2310;bu2311;bu2312;bu2401;bu2402;bu2403;bu2406;bu2409;bu2412;bu2503,bu2305;bu2306;bu2307;bu2308;bu2309;bu2310;bu2311;bu2312;bu2401;bu2402;bu2403;bu2406;bu2409;bu2412;bu2503,15,15,16,16,0.9375,0.9375,majority_of_active_contracts,覆盖当日多数活跃合约,0,0,0,0,Descriptive cluster only; it is not automatically classified as a notice-driven or causal policy event.,仅为描述性变更簇，不自动认定为公告驱动或因果政策事件。
v15_cluster_0016508,v15_cluster_0016508,20230407,20230407,BU,BU,Bitumen,石油沥青,Price-limit ratio,涨跌停板幅度,0.13,0.13,0.1,0.1,bu2304;bu2305;bu2306;bu2307;bu2308;bu2309;bu2310;bu2311;bu2312;bu2401;bu2402;bu2403;bu2406;bu2409;bu2412;bu2503,bu2304;bu2305;bu2306;bu2307;bu2308;bu2309;bu2310;bu2311;bu2312;bu2401;bu2402;bu2403;bu2406;bu2409;bu2412;bu2503,16,16,16,16,1.0,1.0,all_active_contracts,覆盖当日全部活跃合约,1,1,0,0,Descriptive cluster only; it is not automatically classified as a notice-driven or causal policy event.,仅为描述性变更簇，不自动认定为公告驱动或因果政策事件。
v15_cluster_0016548,v15_cluster_0016548,20230413,20230413,BU,BU,Bitumen,石油沥青,General-position margin ratio,一般持仓交易保证金比例,0.15,0.15,0.2,0.2,bu2304,bu2304,1,1,16,16,0.0625,0.0625,single_contract,单一合约,1,1,0,0,Descriptive cluster only; it is not automatically classified as a notice-driven or causal policy event.,仅为描述性变更簇，不自动认定为公告驱动或因果政策事件。
v15_cluster_0016549,v15_cluster_0016549,20230413,20230413,BU,BU,Bitumen,石油沥青,Hedge-position margin ratio,套保持仓交易保证金比例,0.15,0.15,0.2,0.2,bu2304,bu2304,1,1,16,16,0.0625,0.0625,single_contract,单一合约,1,1,0,0,Descriptive cluster only; it is not automatically classified as a notice-driven or causal policy event.,仅为描述性变更簇，不自动认定为公告驱动或因果政策事件。
v15_cluster_0016615,v15_cluster_0016615,20230428,20230428,BU,BU,Bitumen,石油沥青,General-position margin ratio,一般持仓交易保证金比例,0.12,0.12,0.14,0.14,bu2305;bu2306;bu2307;bu2308;bu2309;bu2310;bu2311;bu2312;bu2401;bu2402;bu2403;bu2404;bu2406;bu2409;bu2412;bu2503,bu2305;bu2306;bu2307;bu2308;bu2309;bu2310;bu2311;bu2312;bu2401;bu2402;bu2403;bu2404;bu2406;bu2409;bu2412;bu2503,16,16,16,16,1.0,1.0,all_active_contracts,覆盖当日全部活跃合约,1,1,0,0,Descriptive cluster only; it is not automatically classified as a notice-driven or causal policy event.,仅为描述性变更簇，不自动认定为公告驱动或因果政策事件。
v15_cluster_0016616,v15_cluster_0016616,20230428,20230428,BU,BU,Bitumen,石油沥青,Hedge-position margin ratio,套保持仓交易保证金比例,0.12,0.12,0.14,0.14,bu2305;bu2306;bu2307;bu2308;bu2309;bu2310;bu2311;bu2312;bu2401;bu2402;bu2403;bu2404;bu2406;bu2409;bu2412;bu2503,bu2305;bu2306;bu2307;bu2308;bu2309;bu2310;bu2311;bu2312;bu2401;bu2402;bu2403;bu2404;bu2406;bu2409;bu2412;bu2503,16,16,16,16,1.0,1.0,all_active_contracts,覆盖当日全部活跃合约,1,1,0,0,Descriptive cluster only; it is not automatically classified as a notice-driven or causal policy event.,仅为描述性变更簇，不自动认定为公告驱动或因果政策事件。
v15_cluster_0016617,v15_cluster_0016617,20230428,20230428,BU,BU,Bitumen,石油沥青,Price-limit ratio,涨跌停板幅度,0.1,0.1,0.12,0.12,bu2305;bu2306;bu2307;bu2308;bu2309;bu2310;bu2311;bu2312;bu2401;bu2402;bu2403;bu2406;bu2409;bu2412;bu2503,bu2305;bu2306;bu2307;bu2308;bu2309;bu2310;bu2311;bu2312;bu2401;bu2402;bu2403;bu2406;bu2409;bu2412;bu2503,15,15,16,16,0.9375,0.9375,majority_of_active_contracts,覆盖当日多数活跃合约,1,1,0,0,Descriptive cluster only; it is not automatically classified as a notice-driven or causal policy event.,仅为描述性变更簇，不自动认定为公告驱动或因果政策事件。
v15_cluster_0016618,v15_cluster_0016618,20230428,20230428,BU,BU,Bitumen,石油沥青,Price-limit ratio,涨跌停板幅度,0.2,0.2,0.24,0.24,bu2404,bu2404,1,1,16,16,0.0625,0.0625,single_contract,单一合约,0,0,0,0,Descriptive cluster only; it is not automatically classified as a notice-driven or causal policy event.,仅为描述性变更簇，不自动认定为公告驱动或因果政策事件。
v15_cluster_0016658,v15_cluster_0016658,20230504,20230504,BU,BU,Bitumen,石油沥青,General-position margin ratio,一般持仓交易保证金比例,0.14,0.14,0.15,0.15,bu2305,bu2305,1,1,16,16,0.0625,0.0625,single_contract,单一合约,1,1,0,0,Descriptive cluster only; it is not automatically classified as a notice-driven or causal policy event.,仅为描述性变更簇，不自动认定为公告驱动或因果政策事件。
v15_cluster_0016659,v15_cluster_0016659,20230504,20230504,BU,BU,Bitumen,石油沥青,Hedge-position margin ratio,套保持仓交易保证金比例,0.14,0.14,0.15,0.15,bu2305,bu2305,1,1,16,16,0.0625,0.0625,single_contract,单一合约,1,1,0,0,Descriptive cluster only; it is not automatically classified as a notice-driven or causal policy event.,仅为描述性变更簇，不自动认定为公告驱动或因果政策事件。
v15_cluster_0016699,v15_cluster_0016699,20230505,20230505,BU,BU,Bitumen,石油沥青,General-position margin ratio,一般持仓交易保证金比例,0.14,0.14,0.12,0.12,bu2306;bu2307;bu2308;bu2309;bu2310;bu2311;bu2312;bu2401;bu2402;bu2403;bu2404;bu2406;bu2409;bu2412;bu2503,bu2306;bu2307;bu2308;bu2309;bu2310;bu2311;bu2312;bu2401;bu2402;bu2403;bu2404;bu2406;bu2409;bu2412;bu2503,15,15,16,16,0.9375,0.9375,majority_of_active_contracts,覆盖当日多数活跃合约,0,0,0,0,Descriptive cluster only; it is not automatically classified as a notice-driven or causal policy event.,仅为描述性变更簇，不自动认定为公告驱动或因果政策事件。
v15_cluster_0016700,v15_cluster_0016700,20230505,20230505,BU,BU,Bitumen,石油沥青,Hedge-position margin ratio,套保持仓交易保证金比例,0.14,0.14,0.12,0.12,bu2306;bu2307;bu2308;bu2309;bu2310;bu2311;bu2312;bu2401;bu2402;bu2403;bu2404;bu2406;bu2409;bu2412;bu2503,bu2306;bu2307;bu2308;bu2309;bu2310;bu2311;bu2312;bu2401;bu2402;bu2403;bu2404;bu2406;bu2409;bu2412;bu2503,15,15,16,16,0.9375,0.9375,majority_of_active_contracts,覆盖当日多数活跃合约,0,0,0,0,Descriptive cluster only; it is not automatically classified as a notice-driven or causal policy event.,仅为描述性变更簇，不自动认定为公告驱动或因果政策事件。
v15_cluster_0016701,v15_cluster_0016701,20230505,20230505,BU,BU,Bitumen,石油沥青,Price-limit ratio,涨跌停板幅度,0.12,0.12,0.1,0.1,bu2305;bu2306;bu2307;bu2308;bu2309;bu2310;bu2311;bu2312;bu2401;bu2402;bu2403;bu2406;bu2409;bu2412;bu2503,bu2305;bu2306;bu2307;bu2308;bu2309;bu2310;bu2311;bu2312;bu2401;bu2402;bu2403;bu2406;bu2409;bu2412;bu2503,15,15,16,16,0.9375,0.9375,majority_of_active_contracts,覆盖当日多数活跃合约,1,1,0,0,Descriptive cluster only; it is not automatically classified as a notice-driven or causal policy event.,仅为描述性变更簇，不自动认定为公告驱动或因果政策事件。
v15_cluster_0016702,v15_cluster_0016702,20230505,20230505,BU,BU,Bitumen,石油沥青,Price-limit ratio,涨跌停板幅度,0.24,0.24,0.2,0.2,bu2404,bu2404,1,1,16,16,0.0625,0.0625,single_contract,单一合约,0,0,0,0,Descriptive cluster only; it is not automatically classified as a notice-driven or causal policy event.,仅为描述性变更簇，不自动认定为公告驱动或因果政策事件。
v15_cluster_0016745,v15_cluster_0016745,20230511,20230511,BU,BU,Bitumen,石油沥青,General-position margin ratio,一般持仓交易保证金比例,0.15,0.15,0.2,0.2,bu2305,bu2305,1,1,16,16,0.0625,0.0625,single_contract,单一合约,1,1,0,0,Descriptive cluster only; it is not automatically classified as a notice-driven or causal policy event.,仅为描述性变更簇，不自动认定为公告驱动或因果政策事件。
v15_cluster_0016746,v15_cluster_0016746,20230511,20230511,BU,BU,Bitumen,石油沥青,Hedge-position margin ratio,套保持仓交易保证金比例,0.15,0.15,0.2,0.2,bu2305,bu2305,1,1,16,16,0.0625,0.0625,single_contract,单一合约,1,1,0,0,Descriptive cluster only; it is not automatically classified as a notice-driven or causal policy event.,仅为描述性变更簇，不自动认定为公告驱动或因果政策事件。
v15_cluster_0016775,v15_cluster_0016775,20230517,20230517,BU,BU,Bitumen,石油沥青,Price-limit ratio,涨跌停板幅度,0.2,0.2,0.1,0.1,bu2404,bu2404,1,1,16,16,0.0625,0.0625,single_contract,单一合约,0,0,0,0,Descriptive cluster only; it is not automatically classified as a notice-driven or causal policy event.,仅为描述性变更簇，不自动认定为公告驱动或因果政策事件。
v15_cluster_0016788,v15_cluster_0016788,20230523,20230523,BU,BU,Bitumen,石油沥青,Price-limit ratio,涨跌停板幅度,0.2,0.2,0.1,0.1,bu2405,bu2405,1,1,16,16,0.0625,0.0625,single_contract,单一合约,0,0,0,0,Descriptive cluster only; it is not automatically classified as a notice-driven or causal policy event.,仅为描述性变更簇，不自动认定为公告驱动或因果政策事件。
v15_cluster_0016812,v15_cluster_0016812,20230601,20230601,BU,BU,Bitumen,石油沥青,General-position margin ratio,一般持仓交易保证金比例,0.12,0.12,0.15,0.15,bu2306,bu2306,1,1,16,16,0.0625,0.0625,single_contract,单一合约,1,1,0,0,Descriptive cluster only; it is not automatically classified as a notice-driven or causal policy event.,仅为描述性变更簇，不自动认定为公告驱动或因果政策事件。
v15_cluster_0016813,v15_cluster_0016813,20230601,20230601,BU,BU,Bitumen,石油沥青,Hedge-position margin ratio,套保持仓交易保证金比例,0.12,0.12,0.15,0.15,bu2306,bu2306,1,1,16,16,0.0625,0.0625,single_contract,单一合约,1,1,0,0,Descriptive cluster only; it is not automatically classified as a notice-driven or causal policy event.,仅为描述性变更簇，不自动认定为公告驱动或因果政策事件。
v15_cluster_0016856,v15_cluster_0016856,20230613,20230613,BU,BU,Bitumen,石油沥青,General-position margin ratio,一般持仓交易保证金比例,0.15,0.15,0.2,0.2,bu2306,bu2306,1,1,16,16,0.0625,0.0625,single_contract,单一合约,1,1,0,0,Descriptive cluster only; it is not automatically classified as a notice-driven or causal policy event.,仅为描述性变更簇，不自动认定为公告驱动或因果政策事件。
v15_cluster_0016857,v15_cluster_0016857,20230613,20230613,BU,BU,Bitumen,石油沥青,Hedge-position margin ratio,套保持仓交易保证金比例,0.15,0.15,0.2,0.2,bu2306,bu2306,1,1,16,16,0.0625,0.0625,single_contract,单一合约,1,1,0,0,Descriptive cluster only; it is not automatically classified as a notice-driven or causal policy event.,仅为描述性变更簇，不自动认定为公告驱动或因果政策事件。
v15_cluster_0016894,v15_cluster_0016894,20230620,20230620,AO,AO,Alumina,氧化铝,Price-limit ratio,涨跌停板幅度,0.14,0.14,0.07,0.07,ao2311;ao2312;ao2401;ao2402;ao2403;ao2404;ao2405;ao2406,ao2311;ao2312;ao2401;ao2402;ao2403;ao2404;ao2405;ao2406,8,8,8,8,1.0,1.0,all_active_contracts,覆盖当日全部活跃合约,0,0,0,0,Descriptive cluster only; it is not automatically classified as a notice-driven or causal policy event.,仅为描述性变更簇，不自动认定为公告驱动或因果政策事件。
v15_cluster_0016895,v15_cluster_0016895,20230620,20230620,BU,BU,Bitumen,石油沥青,Price-limit ratio,涨跌停板幅度,0.2,0.2,0.1,0.1,bu2506,bu2506,1,1,16,16,0.0625,0.0625,single_contract,单一合约,0,0,0,0,Descriptive cluster only; it is not automatically classified as a notice-driven or causal policy event.,仅为描述性变更簇，不自动认定为公告驱动或因果政策事件。
v15_cluster_0016920,v15_cluster_0016920,20230703,20230703,BU,BU,Bitumen,石油沥青,General-position margin ratio,一般持仓交易保证金比例,0.12,0.12,0.15,0.15,bu2307,bu2307,1,1,16,16,0.0625,0.0625,single_contract,单一合约,1,1,0,0,Descriptive cluster only; it is not automatically classified as a notice-driven or causal policy event.,仅为描述性变更簇，不自动认定为公告驱动或因果政策事件。
v15_cluster_0016921,v15_cluster_0016921,20230703,20230703,BU,BU,Bitumen,石油沥青,Hedge-position margin ratio,套保持仓交易保证金比例,0.12,0.12,0.15,0.15,bu2307,bu2307,1,1,16,16,0.0625,0.0625,single_contract,单一合约,1,1,0,0,Descriptive cluster only; it is not automatically classified as a notice-driven or causal policy event.,仅为描述性变更簇，不自动认定为公告驱动或因果政策事件。
v15_cluster_0016992,v15_cluster_0016992,20230713,20230713,BU,BU,Bitumen,石油沥青,General-position margin ratio,一般持仓交易保证金比例,0.15,0.15,0.2,0.2,bu2307,bu2307,1,1,16,16,0.0625,0.0625,single_contract,单一合约,1,1,0,0,Descriptive cluster only; it is not automatically classified as a notice-driven or causal policy event.,仅为描述性变更簇，不自动认定为公告驱动或因果政策事件。
v15_cluster_0016993,v15_cluster_0016993,20230713,20230713,BU,BU,Bitumen,石油沥青,Hedge-position margin ratio,套保持仓交易保证金比例,0.15,0.15,0.2,0.2,bu2307,bu2307,1,1,16,16,0.0625,0.0625,single_contract,单一合约,1,1,0,0,Descriptive cluster only; it is not automatically classified as a notice-driven or causal policy event.,仅为描述性变更簇，不自动认定为公告驱动或因果政策事件。
v15_cluster_0017033,v15_cluster_0017033,20230720,20230720,BU,BU,Bitumen,石油沥青,General-position margin ratio,一般持仓交易保证金比例,0.12,0.12,0.1,0.1,bu2308;bu2309;bu2310;bu2311;bu2312;bu2401;bu2402;bu2403;bu2404;bu2405;bu2406;bu2407;bu2409;bu2412;bu2503;bu2506,bu2308;bu2309;bu2310;bu2311;bu2312;bu2401;bu2402;bu2403;bu2404;bu2405;bu2406;bu2407;bu2409;bu2412;bu2503;bu2506,16,16,16,16,1.0,1.0,all_active_contracts,覆盖当日全部活跃合约,1,1,0,0,Descriptive cluster only; it is not automatically classified as a notice-driven or causal policy event.,仅为描述性变更簇，不自动认定为公告驱动或因果政策事件。
v15_cluster_0017034,v15_cluster_0017034,20230720,20230720,BU,BU,Bitumen,石油沥青,Hedge-position margin ratio,套保持仓交易保证金比例,0.12,0.12,0.1,0.1,bu2308;bu2309;bu2310;bu2311;bu2312;bu2401;bu2402;bu2403;bu2404;bu2405;bu2406;bu2407;bu2409;bu2412;bu2503;bu2506,bu2308;bu2309;bu2310;bu2311;bu2312;bu2401;bu2402;bu2403;bu2404;bu2405;bu2406;bu2407;bu2409;bu2412;bu2503;bu2506,16,16,16,16,1.0,1.0,all_active_contracts,覆盖当日全部活跃合约,1,1,0,0,Descriptive cluster only; it is not automatically classified as a notice-driven or causal policy event.,仅为描述性变更簇，不自动认定为公告驱动或因果政策事件。
v15_cluster_0017035,v15_cluster_0017035,20230720,20230720,BU,BU,Bitumen,石油沥青,Price-limit ratio,涨跌停板幅度,0.1,0.1,0.08,0.08,bu2308;bu2309;bu2310;bu2311;bu2312;bu2401;bu2402;bu2403;bu2404;bu2405;bu2406;bu2409;bu2412;bu2503;bu2506,bu2308;bu2309;bu2310;bu2311;bu2312;bu2401;bu2402;bu2403;bu2404;bu2405;bu2406;bu2409;bu2412;bu2503;bu2506,15,15,16,16,0.9375,0.9375,majority_of_active_contracts,覆盖当日多数活跃合约,1,1,0,0,Descriptive cluster only; it is not automatically classified as a notice-driven or causal policy event.,仅为描述性变更簇，不自动认定为公告驱动或因果政策事件。
v15_cluster_0017036,v15_cluster_0017036,20230720,20230720,BU,BU,Bitumen,石油沥青,Price-limit ratio,涨跌停板幅度,0.2,0.2,0.16,0.16,bu2407,bu2407,1,1,16,16,0.0625,0.0625,single_contract,单一合约,0,0,0,0,Descriptive cluster only; it is not automatically classified as a notice-driven or causal policy event.,仅为描述性变更簇，不自动认定为公告驱动或因果政策事件。
v15_cluster_0017079,v15_cluster_0017079,20230721,20230721,AO,AO,Alumina,氧化铝,Price-limit ratio,涨跌停板幅度,0.14,0.14,0.07,0.07,ao2407,ao2407,1,1,9,9,0.1111111111111111,0.1111111111111111,single_contract,单一合约,0,0,0,0,Descriptive cluster only; it is not automatically classified as a notice-driven or causal policy event.,仅为描述性变更簇，不自动认定为公告驱动或因果政策事件。
v15_cluster_0017080,v15_cluster_0017080,20230721,20230721,BU,BU,Bitumen,石油沥青,Price-limit ratio,涨跌停板幅度,0.16,0.16,0.08,0.08,bu2407,bu2407,1,1,16,16,0.0625,0.0625,single_contract,单一合约,0,0,0,0,Descriptive cluster only; it is not automatically classified as a notice-driven or causal policy event.,仅为描述性变更簇，不自动认定为公告驱动或因果政策事件。
v15_cluster_0017107,v15_cluster_0017107,20230801,20230801,BU,BU,Bitumen,石油沥青,General-position margin ratio,一般持仓交易保证金比例,0.1,0.1,0.15,0.15,bu2308,bu2308,1,1,16,16,0.0625,0.0625,single_contract,单一合约,1,1,0,0,Descriptive cluster only; it is not automatically classified as a notice-driven or causal policy event.,仅为描述性变更簇，不自动认定为公告驱动或因果政策事件。
v15_cluster_0017108,v15_cluster_0017108,20230801,20230801,BU,BU,Bitumen,石油沥青,Hedge-position margin ratio,套保持仓交易保证金比例,0.1,0.1,0.15,0.15,bu2308,bu2308,1,1,16,16,0.0625,0.0625,single_contract,单一合约,1,1,0,0,Descriptive cluster only; it is not automatically classified as a notice-driven or causal policy event.,仅为描述性变更簇，不自动认定为公告驱动或因果政策事件。
v15_cluster_0017164,v15_cluster_0017164,20230811,20230811,BU,BU,Bitumen,石油沥青,General-position margin ratio,一般持仓交易保证金比例,0.15,0.15,0.2,0.2,bu2308,bu2308,1,1,16,16,0.0625,0.0625,single_contract,单一合约,1,1,0,0,Descriptive cluster only; it is not automatically classified as a notice-driven or causal policy event.,仅为描述性变更簇，不自动认定为公告驱动或因果政策事件。
v15_cluster_0017165,v15_cluster_0017165,20230811,20230811,BU,BU,Bitumen,石油沥青,Hedge-position margin ratio,套保持仓交易保证金比例,0.15,0.15,0.2,0.2,bu2308,bu2308,1,1,16,16,0.0625,0.0625,single_contract,单一合约,1,1,0,0,Descriptive cluster only; it is not automatically classified as a notice-driven or causal policy event.,仅为描述性变更簇，不自动认定为公告驱动或因果政策事件。
v15_cluster_0017202,v15_cluster_0017202,20230818,20230818,AO,AO,Alumina,氧化铝,Price-limit ratio,涨跌停板幅度,0.14,0.14,0.07,0.07,ao2408,ao2408,1,1,10,10,0.1,0.1,single_contract,单一合约,0,0,0,0,Descriptive cluster only; it is not automatically classified as a notice-driven or causal policy event.,仅为描述性变更簇，不自动认定为公告驱动或因果政策事件。
v15_cluster_0017206,v15_cluster_0017206,20230821,20230821,BU,BU,Bitumen,石油沥青,Price-limit ratio,涨跌停板幅度,0.16,0.16,0.08,0.08,bu2408,bu2408,1,1,16,16,0.0625,0.0625,single_contract,单一合约,0,0,0,0,Descriptive cluster only; it is not automatically classified as a notice-driven or causal policy event.,仅为描述性变更簇，不自动认定为公告驱动或因果政策事件。
v15_cluster_0017238,v15_cluster_0017238,20230901,20230901,BU,BU,Bitumen,石油沥青,General-position margin ratio,一般持仓交易保证金比例,0.1,0.1,0.15,0.15,bu2309,bu2309,1,1,16,16,0.0625,0.0625,single_contract,单一合约,1,1,0,0,Descriptive cluster only; it is not automatically classified as a notice-driven or causal policy event.,仅为描述性变更簇，不自动认定为公告驱动或因果政策事件。
v15_cluster_0017239,v15_cluster_0017239,20230901,20230901,BU,BU,Bitumen,石油沥青,Hedge-position margin ratio,套保持仓交易保证金比例,0.1,0.1,0.15,0.15,bu2309,bu2309,1,1,16,16,0.0625,0.0625,single_contract,单一合约,1,1,0,0,Descriptive cluster only; it is not automatically classified as a notice-driven or causal policy event.,仅为描述性变更簇，不自动认定为公告驱动或因果政策事件。
v15_cluster_0017298,v15_cluster_0017298,20230905,20230905,AO,AO,Alumina,氧化铝,Hedge-position margin ratio,套保持仓交易保证金比例,0.09,0.09,0.08,0.08,ao2311;ao2312;ao2401;ao2402;ao2403;ao2404;ao2405;ao2406;ao2407;ao2408,ao2311;ao2312;ao2401;ao2402;ao2403;ao2404;ao2405;ao2406;ao2407;ao2408,10,10,10,10,1.0,1.0,all_active_contracts,覆盖当日全部活跃合约,0,0,0,0,Descriptive cluster only; it is not automatically classified as a notice-driven or causal policy event.,仅为描述性变更簇，不自动认定为公告驱动或因果政策事件。
v15_cluster_0017305,v15_cluster_0017305,20230905,20230905,BU,BU,Bitumen,石油沥青,Hedge-position margin ratio,套保持仓交易保证金比例,0.1,0.1,0.09,0.09,bu2311;bu2312;bu2401;bu2402;bu2403;bu2404;bu2405;bu2406;bu2407;bu2408;bu2409;bu2412;bu2503;bu2506,bu2311;bu2312;bu2401;bu2402;bu2403;bu2404;bu2405;bu2406;bu2407;bu2408;bu2409;bu2412;bu2503;bu2506,14,14,16,16,0.875,0.875,majority_of_active_contracts,覆盖当日多数活跃合约,0,0,0,0,Descriptive cluster only; it is not automatically classified as a notice-driven or causal policy event.,仅为描述性变更簇，不自动认定为公告驱动或因果政策事件。
v15_cluster_0017336,v15_cluster_0017336,20230913,20230913,BU,BU,Bitumen,石油沥青,General-position margin ratio,一般持仓交易保证金比例,0.15,0.15,0.2,0.2,bu2309,bu2309,1,1,16,16,0.0625,0.0625,single_contract,单一合约,1,1,0,0,Descriptive cluster only; it is not automatically classified as a notice-driven or causal policy event.,仅为描述性变更簇，不自动认定为公告驱动或因果政策事件。
v15_cluster_0017337,v15_cluster_0017337,20230913,20230913,BU,BU,Bitumen,石油沥青,Hedge-position margin ratio,套保持仓交易保证金比例,0.15,0.15,0.2,0.2,bu2309,bu2309,1,1,16,16,0.0625,0.0625,single_contract,单一合约,1,1,0,0,Descriptive cluster only; it is not automatically classified as a notice-driven or causal policy event.,仅为描述性变更簇，不自动认定为公告驱动或因果政策事件。
v15_cluster_0017369,v15_cluster_0017369,20230919,20230919,BU,BU,Bitumen,石油沥青,Price-limit ratio,涨跌停板幅度,0.16,0.16,0.08,0.08,bu2509,bu2509,1,1,16,16,0.0625,0.0625,single_contract,单一合约,0,0,0,0,Descriptive cluster only; it is not automatically classified as a notice-driven or causal policy event.,仅为描述性变更簇，不自动认定为公告驱动或因果政策事件。
v15_cluster_0017380,v15_cluster_0017380,20230920,20230920,AO,AO,Alumina,氧化铝,Price-limit ratio,涨跌停板幅度,0.14,0.14,0.07,0.07,ao2409,ao2409,1,1,11,11,0.09090909090909091,0.09090909090909091,single_contract,单一合约,0,0,0,0,Descriptive cluster only; it is not automatically classified as a notice-driven or causal policy event.,仅为描述性变更簇，不自动认定为公告驱动或因果政策事件。
v15_cluster_0017400,v15_cluster_0017400,20230928,20230928,AO,AO,Alumina,氧化铝,General-position margin ratio,一般持仓交易保证金比例,0.09,0.09,0.11,0.11,ao2311;ao2312;ao2401;ao2402;ao2403;ao2404;ao2405;ao2406;ao2407;ao2408;ao2409,ao2311;ao2312;ao2401;ao2402;ao2403;ao2404;ao2405;ao2406;ao2407;ao2408;ao2409,11,11,11,11,1.0,1.0,all_active_contracts,覆盖当日全部活跃合约,0,0,0,0,Descriptive cluster only; it is not automatically classified as a notice-driven or causal policy event.,仅为描述性变更簇，不自动认定为公告驱动或因果政策事件。
v15_cluster_0017401,v15_cluster_0017401,20230928,20230928,AO,AO,Alumina,氧化铝,Hedge-position margin ratio,套保持仓交易保证金比例,0.08,0.08,0.1,0.1,ao2311;ao2312;ao2401;ao2402;ao2403;ao2404;ao2405;ao2406;ao2407;ao2408;ao2409,ao2311;ao2312;ao2401;ao2402;ao2403;ao2404;ao2405;ao2406;ao2407;ao2408;ao2409,11,11,11,11,1.0,1.0,all_active_contracts,覆盖当日全部活跃合约,0,0,0,0,Descriptive cluster only; it is not automatically classified as a notice-driven or causal policy event.,仅为描述性变更簇，不自动认定为公告驱动或因果政策事件。
v15_cluster_0017402,v15_cluster_0017402,20230928,20230928,AO,AO,Alumina,氧化铝,Price-limit ratio,涨跌停板幅度,0.07,0.07,0.09,0.09,ao2311;ao2312;ao2401;ao2402;ao2403;ao2404;ao2405;ao2406;ao2407;ao2408;ao2409,ao2311;ao2312;ao2401;ao2402;ao2403;ao2404;ao2405;ao2406;ao2407;ao2408;ao2409,11,11,11,11,1.0,1.0,all_active_contracts,覆盖当日全部活跃合约,0,0,0,0,Descriptive cluster only; it is not automatically classified as a notice-driven or causal policy event.,仅为描述性变更簇，不自动认定为公告驱动或因果政策事件。
v15_cluster_0017413,v15_cluster_0017413,20230928,20230928,BU,BU,Bitumen,石油沥青,General-position margin ratio,一般持仓交易保证金比例,0.1,0.1,0.12,0.12,bu2310;bu2311;bu2312;bu2401;bu2402;bu2403;bu2404;bu2405;bu2406;bu2407;bu2408;bu2409;bu2412;bu2503;bu2506;bu2509,bu2310;bu2311;bu2312;bu2401;bu2402;bu2403;bu2404;bu2405;bu2406;bu2407;bu2408;bu2409;bu2412;bu2503;bu2506;bu2509,16,16,16,16,1.0,1.0,all_active_contracts,覆盖当日全部活跃合约,1,1,0,0,Descriptive cluster only; it is not automatically classified as a notice-driven or causal policy event.,仅为描述性变更簇，不自动认定为公告驱动或因果政策事件。
v15_cluster_0017414,v15_cluster_0017414,20230928,20230928,BU,BU,Bitumen,石油沥青,Hedge-position margin ratio,套保持仓交易保证金比例,0.09,0.09,0.11,0.11,bu2311;bu2312;bu2401;bu2402;bu2403;bu2404;bu2405;bu2406;bu2407;bu2408;bu2409;bu2412;bu2503;bu2506;bu2509,bu2311;bu2312;bu2401;bu2402;bu2403;bu2404;bu2405;bu2406;bu2407;bu2408;bu2409;bu2412;bu2503;bu2506;bu2509,15,15,16,16,0.9375,0.9375,majority_of_active_contracts,覆盖当日多数活跃合约,0,0,0,0,Descriptive cluster only; it is not automatically classified as a notice-driven or causal policy event.,仅为描述性变更簇，不自动认定为公告驱动或因果政策事件。
v15_cluster_0017415,v15_cluster_0017415,20230928,20230928,BU,BU,Bitumen,石油沥青,Hedge-position margin ratio,套保持仓交易保证金比例,0.1,0.1,0.11,0.11,bu2310,bu2310,1,1,16,16,0.0625,0.0625,single_contract,单一合约,1,1,0,0,Descriptive cluster only; it is not automatically classified as a notice-driven or causal policy event.,仅为描述性变更簇，不自动认定为公告驱动或因果政策事件。
v15_cluster_0017416,v15_cluster_0017416,20230928,20230928,BU,BU,Bitumen,石油沥青,Price-limit ratio,涨跌停板幅度,0.08,0.08,0.1,0.1,bu2310;bu2311;bu2312;bu2401;bu2402;bu2403;bu2404;bu2405;bu2406;bu2407;bu2408;bu2409;bu2412;bu2503;bu2506;bu2509,bu2310;bu2311;bu2312;bu2401;bu2402;bu2403;bu2404;bu2405;bu2406;bu2407;bu2408;bu2409;bu2412;bu2503;bu2506;bu2509,16,16,16,16,1.0,1.0,all_active_contracts,覆盖当日全部活跃合约,1,1,0,0,Descriptive cluster only; it is not automatically classified as a notice-driven or causal policy event.,仅为描述性变更簇，不自动认定为公告驱动或因果政策事件。
v15_cluster_0017475,v15_cluster_0017475,20231009,20231009,BU,BU,Bitumen,石油沥青,General-position margin ratio,一般持仓交易保证金比例,0.12,0.12,0.15,0.15,bu2310,bu2310,1,1,16,16,0.0625,0.0625,single_contract,单一合约,1,1,2,2,Descriptive cluster only; it is not automatically classified as a notice-driven or causal policy event.,仅为描述性变更簇，不自动认定为公告驱动或因果政策事件。
v15_cluster_0017476,v15_cluster_0017476,20231009,20231009,BU,BU,Bitumen,石油沥青,Hedge-position margin ratio,套保持仓交易保证金比例,0.11,0.11,0.15,0.15,bu2310,bu2310,1,1,16,16,0.0625,0.0625,single_contract,单一合约,1,1,2,2,Descriptive cluster only; it is not automatically classified as a notice-driven or causal policy event.,仅为描述性变更簇，不自动认定为公告驱动或因果政策事件。
v15_cluster_0017522,v15_cluster_0017522,20231010,20231010,AO,AO,Alumina,氧化铝,General-position margin ratio,一般持仓交易保证金比例,0.11,0.11,0.09,0.09,ao2312;ao2401;ao2402;ao2403;ao2404;ao2405;ao2406;ao2407;ao2408;ao2409,ao2312;ao2401;ao2402;ao2403;ao2404;ao2405;ao2406;ao2407;ao2408;ao2409,10,10,11,11,0.9090909090909091,0.9090909090909091,majority_of_active_contracts,覆盖当日多数活跃合约,0,0,0,0,Descriptive cluster only; it is not automatically classified as a notice-driven or causal policy event.,仅为描述性变更簇，不自动认定为公告驱动或因果政策事件。
v15_cluster_0017523,v15_cluster_0017523,20231010,20231010,AO,AO,Alumina,氧化铝,General-position margin ratio,一般持仓交易保证金比例,0.11,0.11,0.1,0.1,ao2311,ao2311,1,1,11,11,0.09090909090909091,0.09090909090909091,single_contract,单一合约,0,0,0,0,Descriptive cluster only; it is not automatically classified as a notice-driven or causal policy event.,仅为描述性变更簇，不自动认定为公告驱动或因果政策事件。
v15_cluster_0017524,v15_cluster_0017524,20231010,20231010,AO,AO,Alumina,氧化铝,Hedge-position margin ratio,套保持仓交易保证金比例,0.1,0.1,0.08,0.08,ao2312;ao2401;ao2402;ao2403;ao2404;ao2405;ao2406;ao2407;ao2408;ao2409,ao2312;ao2401;ao2402;ao2403;ao2404;ao2405;ao2406;ao2407;ao2408;ao2409,10,10,11,11,0.9090909090909091,0.9090909090909091,majority_of_active_contracts,覆盖当日多数活跃合约,0,0,0,0,Descriptive cluster only; it is not automatically classified as a notice-driven or causal policy event.,仅为描述性变更簇，不自动认定为公告驱动或因果政策事件。
v15_cluster_0017525,v15_cluster_0017525,20231010,20231010,AO,AO,Alumina,氧化铝,Price-limit ratio,涨跌停板幅度,0.09,0.09,0.07,0.07,ao2311;ao2312;ao2401;ao2402;ao2403;ao2404;ao2405;ao2406;ao2407;ao2408;ao2409,ao2311;ao2312;ao2401;ao2402;ao2403;ao2404;ao2405;ao2406;ao2407;ao2408;ao2409,11,11,11,11,1.0,1.0,all_active_contracts,覆盖当日全部活跃合约,0,0,0,0,Descriptive cluster only; it is not automatically classified as a notice-driven or causal policy event.,仅为描述性变更簇，不自动认定为公告驱动或因果政策事件。
v15_cluster_0017536,v15_cluster_0017536,20231010,20231010,BU,BU,Bitumen,石油沥青,General-position margin ratio,一般持仓交易保证金比例,0.12,0.12,0.1,0.1,bu2311;bu2312;bu2401;bu2402;bu2403;bu2404;bu2405;bu2406;bu2407;bu2408;bu2409;bu2412;bu2503;bu2506;bu2509,bu2311;bu2312;bu2401;bu2402;bu2403;bu2404;bu2405;bu2406;bu2407;bu2408;bu2409;bu2412;bu2503;bu2506;bu2509,15,15,16,16,0.9375,0.9375,majority_of_active_contracts,覆盖当日多数活跃合约,0,0,0,0,Descriptive cluster only; it is not automatically classified as a notice-driven or causal policy event.,仅为描述性变更簇，不自动认定为公告驱动或因果政策事件。
v15_cluster_0017537,v15_cluster_0017537,20231010,20231010,BU,BU,Bitumen,石油沥青,Hedge-position margin ratio,套保持仓交易保证金比例,0.11,0.11,0.09,0.09,bu2312;bu2401;bu2402;bu2403;bu2404;bu2405;bu2406;bu2407;bu2408;bu2409;bu2412;bu2503;bu2506;bu2509,bu2312;bu2401;bu2402;bu2403;bu2404;bu2405;bu2406;bu2407;bu2408;bu2409;bu2412;bu2503;bu2506;bu2509,14,14,16,16,0.875,0.875,majority_of_active_contracts,覆盖当日多数活跃合约,0,0,0,0,Descriptive cluster only; it is not automatically classified as a notice-driven or causal policy event.,仅为描述性变更簇，不自动认定为公告驱动或因果政策事件。
v15_cluster_0017538,v15_cluster_0017538,20231010,20231010,BU,BU,Bitumen,石油沥青,Hedge-position margin ratio,套保持仓交易保证金比例,0.11,0.11,0.1,0.1,bu2311,bu2311,1,1,16,16,0.0625,0.0625,single_contract,单一合约,0,0,0,0,Descriptive cluster only; it is not automatically classified as a notice-driven or causal policy event.,仅为描述性变更簇，不自动认定为公告驱动或因果政策事件。
v15_cluster_0017539,v15_cluster_0017539,20231010,20231010,BU,BU,Bitumen,石油沥青,Price-limit ratio,涨跌停板幅度,0.1,0.1,0.08,0.08,bu2310;bu2311;bu2312;bu2401;bu2402;bu2403;bu2404;bu2405;bu2406;bu2407;bu2408;bu2409;bu2412;bu2503;bu2506;bu2509,bu2310;bu2311;bu2312;bu2401;bu2402;bu2403;bu2404;bu2405;bu2406;bu2407;bu2408;bu2409;bu2412;bu2503;bu2506;bu2509,16,16,16,16,1.0,1.0,all_active_contracts,覆盖当日全部活跃合约,1,1,0,0,Descriptive cluster only; it is not automatically classified as a notice-driven or causal policy event.,仅为描述性变更簇，不自动认定为公告驱动或因果政策事件。
v15_cluster_0017602,v15_cluster_0017602,20231012,20231012,BU,BU,Bitumen,石油沥青,General-position margin ratio,一般持仓交易保证金比例,0.15,0.15,0.2,0.2,bu2310,bu2310,1,1,16,16,0.0625,0.0625,single_contract,单一合约,1,1,0,0,Descriptive cluster only; it is not automatically classified as a notice-driven or causal policy event.,仅为描述性变更簇，不自动认定为公告驱动或因果政策事件。
v15_cluster_0017603,v15_cluster_0017603,20231012,20231012,BU,BU,Bitumen,石油沥青,Hedge-position margin ratio,套保持仓交易保证金比例,0.15,0.15,0.2,0.2,bu2310,bu2310,1,1,16,16,0.0625,0.0625,single_contract,单一合约,1,1,0,0,Descriptive cluster only; it is not automatically classified as a notice-driven or causal policy event.,仅为描述性变更簇，不自动认定为公告驱动或因果政策事件。
v15_cluster_0017643,v15_cluster_0017643,20231019,20231019,AO,AO,Alumina,氧化铝,Price-limit ratio,涨跌停板幅度,0.14,0.14,0.07,0.07,ao2410,ao2410,1,1,12,12,0.08333333333333333,0.08333333333333333,single_contract,单一合约,0,0,0,0,Descriptive cluster only; it is not automatically classified as a notice-driven or causal policy event.,仅为描述性变更簇，不自动认定为公告驱动或因果政策事件。
v15_cluster_0017653,v15_cluster_0017653,20231023,20231023,BU,BU,Bitumen,石油沥青,Price-limit ratio,涨跌停板幅度,0.16,0.16,0.08,0.08,bu2410,bu2410,1,1,16,16,0.0625,0.0625,single_contract,单一合约,0,0,0,0,Descriptive cluster only; it is not automatically classified as a notice-driven or causal policy event.,仅为描述性变更簇，不自动认定为公告驱动或因果政策事件。
v15_cluster_0017671,v15_cluster_0017671,20231101,20231101,AO,AO,Alumina,氧化铝,General-position margin ratio,一般持仓交易保证金比例,0.09,0.09,0.1,0.1,ao2312,ao2312,1,1,12,12,0.08333333333333333,0.08333333333333333,single_contract,单一合约,0,0,0,0,Descriptive cluster only; it is not automatically classified as a notice-driven or causal policy event.,仅为描述性变更簇，不自动认定为公告驱动或因果政策事件。
v15_cluster_0017672,v15_cluster_0017672,20231101,20231101,AO,AO,Alumina,氧化铝,General-position margin ratio,一般持仓交易保证金比例,0.1,0.1,0.15,0.15,ao2311,ao2311,1,1,12,12,0.08333333333333333,0.08333333333333333,single_contract,单一合约,1,1,0,0,Descriptive cluster only; it is not automatically classified as a notice-driven or causal policy event.,仅为描述性变更簇，不自动认定为公告驱动或因果政策事件。
v15_cluster_0017673,v15_cluster_0017673,20231101,20231101,AO,AO,Alumina,氧化铝,Hedge-position margin ratio,套保持仓交易保证金比例,0.08,0.08,0.1,0.1,ao2312,ao2312,1,1,12,12,0.08333333333333333,0.08333333333333333,single_contract,单一合约,0,0,0,0,Descriptive cluster only; it is not automatically classified as a notice-driven or causal policy event.,仅为描述性变更簇，不自动认定为公告驱动或因果政策事件。
v15_cluster_0017674,v15_cluster_0017674,20231101,20231101,AO,AO,Alumina,氧化铝,Hedge-position margin ratio,套保持仓交易保证金比例,0.1,0.1,0.15,0.15,ao2311,ao2311,1,1,12,12,0.08333333333333333,0.08333333333333333,single_contract,单一合约,1,1,0,0,Descriptive cluster only; it is not automatically classified as a notice-driven or causal policy event.,仅为描述性变更簇，不自动认定为公告驱动或因果政策事件。
v15_cluster_0017683,v15_cluster_0017683,20231101,20231101,BU,BU,Bitumen,石油沥青,General-position margin ratio,一般持仓交易保证金比例,0.1,0.1,0.15,0.15,bu2311,bu2311,1,1,16,16,0.0625,0.0625,single_contract,单一合约,1,1,0,0,Descriptive cluster only; it is not automatically classified as a notice-driven or causal policy event.,仅为描述性变更簇，不自动认定为公告驱动或因果政策事件。
v15_cluster_0017684,v15_cluster_0017684,20231101,20231101,BU,BU,Bitumen,石油沥青,Hedge-position margin ratio,套保持仓交易保证金比例,0.09,0.09,0.1,0.1,bu2312,bu2312,1,1,16,16,0.0625,0.0625,single_contract,单一合约,0,0,0,0,Descriptive cluster only; it is not automatically classified as a notice-driven or causal policy event.,仅为描述性变更簇，不自动认定为公告驱动或因果政策事件。
v15_cluster_0017685,v15_cluster_0017685,20231101,20231101,BU,BU,Bitumen,石油沥青,Hedge-position margin ratio,套保持仓交易保证金比例,0.1,0.1,0.15,0.15,bu2311,bu2311,1,1,16,16,0.0625,0.0625,single_contract,单一合约,1,1,0,0,Descriptive cluster only; it is not automatically classified as a notice-driven or causal policy event.,仅为描述性变更簇，不自动认定为公告驱动或因果政策事件。
v15_cluster_0017737,v15_cluster_0017737,20231113,20231113,AO,AO,Alumina,氧化铝,General-position margin ratio,一般持仓交易保证金比例,0.15,0.15,0.2,0.2,ao2311,ao2311,1,1,12,12,0.08333333333333333,0.08333333333333333,single_contract,单一合约,1,1,0,0,Descriptive cluster only; it is not automatically classified as a notice-driven or causal policy event.,仅为描述性变更簇，不自动认定为公告驱动或因果政策事件。
v15_cluster_0017738,v15_cluster_0017738,20231113,20231113,AO,AO,Alumina,氧化铝,Hedge-position margin ratio,套保持仓交易保证金比例,0.15,0.15,0.2,0.2,ao2311,ao2311,1,1,12,12,0.08333333333333333,0.08333333333333333,single_contract,单一合约,1,1,0,0,Descriptive cluster only; it is not automatically classified as a notice-driven or causal policy event.,仅为描述性变更簇，不自动认定为公告驱动或因果政策事件。
v15_cluster_0017743,v15_cluster_0017743,20231113,20231113,BU,BU,Bitumen,石油沥青,General-position margin ratio,一般持仓交易保证金比例,0.15,0.15,0.2,0.2,bu2311,bu2311,1,1,16,16,0.0625,0.0625,single_contract,单一合约,1,1,0,0,Descriptive cluster only; it is not automatically classified as a notice-driven or causal policy event.,仅为描述性变更簇，不自动认定为公告驱动或因果政策事件。
v15_cluster_0017744,v15_cluster_0017744,20231113,20231113,BU,BU,Bitumen,石油沥青,Hedge-position margin ratio,套保持仓交易保证金比例,0.15,0.15,0.2,0.2,bu2311,bu2311,1,1,16,16,0.0625,0.0625,single_contract,单一合约,1,1,0,0,Descriptive cluster only; it is not automatically classified as a notice-driven or causal policy event.,仅为描述性变更簇，不自动认定为公告驱动或因果政策事件。
v15_cluster_0017773,v15_cluster_0017773,20231117,20231117,AO,AO,Alumina,氧化铝,Price-limit ratio,涨跌停板幅度,0.14,0.14,0.07,0.07,ao2411,ao2411,1,1,12,12,0.08333333333333333,0.08333333333333333,single_contract,单一合约,0,0,0,0,Descriptive cluster only; it is not automatically classified as a notice-driven or causal policy event.,仅为描述性变更簇，不自动认定为公告驱动或因果政策事件。
v15_cluster_0017784,v15_cluster_0017784,20231120,20231120,BU,BU,Bitumen,石油沥青,Price-limit ratio,涨跌停板幅度,0.16,0.16,0.08,0.08,bu2411,bu2411,1,1,16,16,0.0625,0.0625,single_contract,单一合约,0,0,0,0,Descriptive cluster only; it is not automatically classified as a notice-driven or causal policy event.,仅为描述性变更簇，不自动认定为公告驱动或因果政策事件。
v15_cluster_0017803,v15_cluster_0017803,20231201,20231201,AO,AO,Alumina,氧化铝,General-position margin ratio,一般持仓交易保证金比例,0.09,0.09,0.1,0.1,ao2401,ao2401,1,1,12,12,0.08333333333333333,0.08333333333333333,single_contract,单一合约,0,0,0,0,Descriptive cluster only; it is not automatically classified as a notice-driven or causal policy event.,仅为描述性变更簇，不自动认定为公告驱动或因果政策事件。
v15_cluster_0017804,v15_cluster_0017804,20231201,20231201,AO,AO,Alumina,氧化铝,General-position margin ratio,一般持仓交易保证金比例,0.1,0.1,0.15,0.15,ao2312,ao2312,1,1,12,12,0.08333333333333333,0.08333333333333333,single_contract,单一合约,1,1,0,0,Descriptive cluster only; it is not automatically classified as a notice-driven or causal policy event.,仅为描述性变更簇，不自动认定为公告驱动或因果政策事件。
v15_cluster_0017805,v15_cluster_0017805,20231201,20231201,AO,AO,Alumina,氧化铝,Hedge-position margin ratio,套保持仓交易保证金比例,0.08,0.08,0.1,0.1,ao2401,ao2401,1,1,12,12,0.08333333333333333,0.08333333333333333,single_contract,单一合约,0,0,0,0,Descriptive cluster only; it is not automatically classified as a notice-driven or causal policy event.,仅为描述性变更簇，不自动认定为公告驱动或因果政策事件。
v15_cluster_0017806,v15_cluster_0017806,20231201,20231201,AO,AO,Alumina,氧化铝,Hedge-position margin ratio,套保持仓交易保证金比例,0.1,0.1,0.15,0.15,ao2312,ao2312,1,1,12,12,0.08333333333333333,0.08333333333333333,single_contract,单一合约,1,1,0,0,Descriptive cluster only; it is not automatically classified as a notice-driven or causal policy event.,仅为描述性变更簇，不自动认定为公告驱动或因果政策事件。
v15_cluster_0017815,v15_cluster_0017815,20231201,20231201,BU,BU,Bitumen,石油沥青,General-position margin ratio,一般持仓交易保证金比例,0.1,0.1,0.15,0.15,bu2312,bu2312,1,1,16,16,0.0625,0.0625,single_contract,单一合约,1,1,0,0,Descriptive cluster only; it is not automatically classified as a notice-driven or causal policy event.,仅为描述性变更簇，不自动认定为公告驱动或因果政策事件。
v15_cluster_0017816,v15_cluster_0017816,20231201,20231201,BU,BU,Bitumen,石油沥青,Hedge-position margin ratio,套保持仓交易保证金比例,0.09,0.09,0.1,0.1,bu2401,bu2401,1,1,16,16,0.0625,0.0625,single_contract,单一合约,0,0,0,0,Descriptive cluster only; it is not automatically classified as a notice-driven or causal policy event.,仅为描述性变更簇，不自动认定为公告驱动或因果政策事件。
v15_cluster_0017817,v15_cluster_0017817,20231201,20231201,BU,BU,Bitumen,石油沥青,Hedge-position margin ratio,套保持仓交易保证金比例,0.1,0.1,0.15,0.15,bu2312,bu2312,1,1,16,16,0.0625,0.0625,single_contract,单一合约,1,1,0,0,Descriptive cluster only; it is not automatically classified as a notice-driven or causal policy event.,仅为描述性变更簇，不自动认定为公告驱动或因果政策事件。
v15_cluster_0017879,v15_cluster_0017879,20231213,20231213,AO,AO,Alumina,氧化铝,General-position margin ratio,一般持仓交易保证金比例,0.15,0.15,0.2,0.2,ao2312,ao2312,1,1,12,12,0.08333333333333333,0.08333333333333333,single_contract,单一合约,1,1,0,0,Descriptive cluster only; it is not automatically classified as a notice-driven or causal policy event.,仅为描述性变更簇，不自动认定为公告驱动或因果政策事件。
v15_cluster_0017880,v15_cluster_0017880,20231213,20231213,AO,AO,Alumina,氧化铝,Hedge-position margin ratio,套保持仓交易保证金比例,0.15,0.15,0.2,0.2,ao2312,ao2312,1,1,12,12,0.08333333333333333,0.08333333333333333,single_contract,单一合约,1,1,0,0,Descriptive cluster only; it is not automatically classified as a notice-driven or causal policy event.,仅为描述性变更簇，不自动认定为公告驱动或因果政策事件。
v15_cluster_0017886,v15_cluster_0017886,20231213,20231213,BU,BU,Bitumen,石油沥青,General-position margin ratio,一般持仓交易保证金比例,0.15,0.15,0.2,0.2,bu2312,bu2312,1,1,16,16,0.0625,0.0625,single_contract,单一合约,1,1,0,0,Descriptive cluster only; it is not automatically classified as a notice-driven or causal policy event.,仅为描述性变更簇，不自动认定为公告驱动或因果政策事件。
v15_cluster_0017887,v15_cluster_0017887,20231213,20231213,BU,BU,Bitumen,石油沥青,Hedge-position margin ratio,套保持仓交易保证金比例,0.15,0.15,0.2,0.2,bu2312,bu2312,1,1,16,16,0.0625,0.0625,single_contract,单一合约,1,1,0,0,Descriptive cluster only; it is not automatically classified as a notice-driven or causal policy event.,仅为描述性变更簇，不自动认定为公告驱动或因果政策事件。
v15_cluster_0017915,v15_cluster_0017915,20231219,20231219,AO,AO,Alumina,氧化铝,Price-limit ratio,涨跌停板幅度,0.14,0.14,0.07,0.07,ao2412,ao2412,1,1,12,12,0.08333333333333333,0.08333333333333333,single_contract,单一合约,0,0,0,0,Descriptive cluster only; it is not automatically classified as a notice-driven or causal policy event.,仅为描述性变更簇，不自动认定为公告驱动或因果政策事件。
v15_cluster_0017939,v15_cluster_0017939,20231225,20231225,AO,AO,Alumina,氧化铝,General-position margin ratio,一般持仓交易保证金比例,0.09,0.09,0.12,0.12,ao2402;ao2403,ao2402;ao2403,2,2,12,12,0.16666666666666666,0.16666666666666666,multiple_contracts_partial,覆盖多个但非多数合约,0,0,0,0,Descriptive cluster only; it is not automatically classified as a notice-driven or causal policy event.,仅为描述性变更簇，不自动认定为公告驱动或因果政策事件。
v15_cluster_0017940,v15_cluster_0017940,20231225,20231225,AO,AO,Alumina,氧化铝,Hedge-position margin ratio,套保持仓交易保证金比例,0.08,0.08,0.12,0.12,ao2402;ao2403,ao2402;ao2403,2,2,12,12,0.16666666666666666,0.16666666666666666,multiple_contracts_partial,覆盖多个但非多数合约,0,0,0,0,Descriptive cluster only; it is not automatically classified as a notice-driven or causal policy event.,仅为描述性变更簇，不自动认定为公告驱动或因果政策事件。
v15_cluster_0017941,v15_cluster_0017941,20231225,20231225,AO,AO,Alumina,氧化铝,Price-limit ratio,涨跌停板幅度,0.07,0.07,0.1,0.1,ao2402;ao2403,ao2402;ao2403,2,2,12,12,0.16666666666666666,0.16666666666666666,multiple_contracts_partial,覆盖多个但非多数合约,0,0,0,0,Descriptive cluster only; it is not automatically classified as a notice-driven or causal policy event.,仅为描述性变更簇，不自动认定为公告驱动或因果政策事件。
v15_cluster_0017942,v15_cluster_0017942,20231225,20231225,BU,BU,Bitumen,石油沥青,Price-limit ratio,涨跌停板幅度,0.16,0.16,0.08,0.08,bu2512,bu2512,1,1,16,16,0.0625,0.0625,single_contract,单一合约,0,0,0,0,Descriptive cluster only; it is not automatically classified as a notice-driven or causal policy event.,仅为描述性变更簇，不自动认定为公告驱动或因果政策事件。
v15_cluster_0017949,v15_cluster_0017949,20231226,20231226,AO,AO,Alumina,氧化铝,General-position margin ratio,一般持仓交易保证金比例,0.12,0.12,0.09,0.09,ao2402;ao2403,ao2402;ao2403,2,2,12,12,0.16666666666666666,0.16666666666666666,multiple_contracts_partial,覆盖多个但非多数合约,0,0,0,0,Descriptive cluster only; it is not automatically classified as a notice-driven or causal policy event.,仅为描述性变更簇，不自动认定为公告驱动或因果政策事件。
v15_cluster_0017950,v15_cluster_0017950,20231226,20231226,AO,AO,Alumina,氧化铝,Hedge-position margin ratio,套保持仓交易保证金比例,0.12,0.12,0.08,0.08,ao2402;ao2403,ao2402;ao2403,2,2,12,12,0.16666666666666666,0.16666666666666666,multiple_contracts_partial,覆盖多个但非多数合约,0,0,0,0,Descriptive cluster only; it is not automatically classified as a notice-driven or causal policy event.,仅为描述性变更簇，不自动认定为公告驱动或因果政策事件。
v15_cluster_0017951,v15_cluster_0017951,20231226,20231226,AO,AO,Alumina,氧化铝,Price-limit ratio,涨跌停板幅度,0.1,0.1,0.07,0.07,ao2402;ao2403,ao2402;ao2403,2,2,12,12,0.16666666666666666,0.16666666666666666,multiple_contracts_partial,覆盖多个但非多数合约,0,0,0,0,Descriptive cluster only; it is not automatically classified as a notice-driven or causal policy event.,仅为描述性变更簇，不自动认定为公告驱动或因果政策事件。
v15_cluster_0017971,v15_cluster_0017971,20231229,20231229,AO,AO,Alumina,氧化铝,General-position margin ratio,一般持仓交易保证金比例,0.09,0.09,0.1,0.1,ao2402;ao2403;ao2404;ao2405;ao2406;ao2407;ao2408;ao2409;ao2410;ao2411;ao2412,ao2402;ao2403;ao2404;ao2405;ao2406;ao2407;ao2408;ao2409;ao2410;ao2411;ao2412,11,11,12,12,0.9166666666666666,0.9166666666666666,majority_of_active_contracts,覆盖当日多数活跃合约,0,0,0,0,Descriptive cluster only; it is not automatically classified as a notice-driven or causal policy event.,仅为描述性变更簇，不自动认定为公告驱动或因果政策事件。
v15_cluster_0017972,v15_cluster_0017972,20231229,20231229,AO,AO,Alumina,氧化铝,Hedge-position margin ratio,套保持仓交易保证金比例,0.08,0.08,0.09,0.09,ao2402;ao2403;ao2404;ao2405;ao2406;ao2407;ao2408;ao2409;ao2410;ao2411;ao2412,ao2402;ao2403;ao2404;ao2405;ao2406;ao2407;ao2408;ao2409;ao2410;ao2411;ao2412,11,11,12,12,0.9166666666666666,0.9166666666666666,majority_of_active_contracts,覆盖当日多数活跃合约,0,0,0,0,Descriptive cluster only; it is not automatically classified as a notice-driven or causal policy event.,仅为描述性变更簇，不自动认定为公告驱动或因果政策事件。
v15_cluster_0017973,v15_cluster_0017973,20231229,20231229,AO,AO,Alumina,氧化铝,Price-limit ratio,涨跌停板幅度,0.07,0.07,0.08,0.08,ao2401;ao2402;ao2403;ao2404;ao2405;ao2406;ao2407;ao2408;ao2409;ao2410;ao2411;ao2412,ao2401;ao2402;ao2403;ao2404;ao2405;ao2406;ao2407;ao2408;ao2409;ao2410;ao2411;ao2412,12,12,12,12,1.0,1.0,all_active_contracts,覆盖当日全部活跃合约,1,1,0,0,Descriptive cluster only; it is not automatically classified as a notice-driven or causal policy event.,仅为描述性变更簇，不自动认定为公告驱动或因果政策事件。
v15_cluster_0017977,v15_cluster_0017977,20231229,20231229,BU,BU,Bitumen,石油沥青,General-position margin ratio,一般持仓交易保证金比例,0.1,0.1,0.11,0.11,bu2401;bu2402;bu2403;bu2404;bu2405;bu2406;bu2407;bu2408;bu2409;bu2410;bu2411;bu2412;bu2503;bu2506;bu2509;bu2512,bu2401;bu2402;bu2403;bu2404;bu2405;bu2406;bu2407;bu2408;bu2409;bu2410;bu2411;bu2412;bu2503;bu2506;bu2509;bu2512,16,16,16,16,1.0,1.0,all_active_contracts,覆盖当日全部活跃合约,1,1,0,0,Descriptive cluster only; it is not automatically classified as a notice-driven or causal policy event.,仅为描述性变更簇，不自动认定为公告驱动或因果政策事件。
v15_cluster_0017978,v15_cluster_0017978,20231229,20231229,BU,BU,Bitumen,石油沥青,Hedge-position margin ratio,套保持仓交易保证金比例,0.09,0.09,0.1,0.1,bu2402;bu2403;bu2404;bu2405;bu2406;bu2407;bu2408;bu2409;bu2410;bu2411;bu2412;bu2503;bu2506;bu2509;bu2512,bu2402;bu2403;bu2404;bu2405;bu2406;bu2407;bu2408;bu2409;bu2410;bu2411;bu2412;bu2503;bu2506;bu2509;bu2512,15,15,16,16,0.9375,0.9375,majority_of_active_contracts,覆盖当日多数活跃合约,0,0,0,0,Descriptive cluster only; it is not automatically classified as a notice-driven or causal policy event.,仅为描述性变更簇，不自动认定为公告驱动或因果政策事件。
v15_cluster_0017979,v15_cluster_0017979,20231229,20231229,BU,BU,Bitumen,石油沥青,Price-limit ratio,涨跌停板幅度,0.08,0.08,0.09,0.09,bu2401;bu2402;bu2403;bu2404;bu2405;bu2406;bu2407;bu2408;bu2409;bu2410;bu2411;bu2412;bu2503;bu2506;bu2509;bu2512,bu2401;bu2402;bu2403;bu2404;bu2405;bu2406;bu2407;bu2408;bu2409;bu2410;bu2411;bu2412;bu2503;bu2506;bu2509;bu2512,16,16,16,16,1.0,1.0,all_active_contracts,覆盖当日全部活跃合约,1,1,0,0,Descriptive cluster only; it is not automatically classified as a notice-driven or causal policy event.,仅为描述性变更簇，不自动认定为公告驱动或因果政策事件。
v15_cluster_0017997,v15_cluster_0017997,20240102,20240102,AO,AO,Alumina,氧化铝,General-position margin ratio,一般持仓交易保证金比例,0.1,0.1,0.15,0.15,ao2401,ao2401,1,1,12,12,0.08333333333333333,0.08333333333333333,single_contract,单一合约,1,1,0,0,Descriptive cluster only; it is not automatically classified as a notice-driven or causal policy event.,仅为描述性变更簇，不自动认定为公告驱动或因果政策事件。
v15_cluster_0017998,v15_cluster_0017998,20240102,20240102,AO,AO,Alumina,氧化铝,Hedge-position margin ratio,套保持仓交易保证金比例,0.09,0.09,0.1,0.1,ao2402,ao2402,1,1,12,12,0.08333333333333333,0.08333333333333333,single_contract,单一合约,0,0,0,0,Descriptive cluster only; it is not automatically classified as a notice-driven or causal policy event.,仅为描述性变更簇，不自动认定为公告驱动或因果政策事件。
v15_cluster_0017999,v15_cluster_0017999,20240102,20240102,AO,AO,Alumina,氧化铝,Hedge-position margin ratio,套保持仓交易保证金比例,0.1,0.1,0.15,0.15,ao2401,ao2401,1,1,12,12,0.08333333333333333,0.08333333333333333,single_contract,单一合约,1,1,0,0,Descriptive cluster only; it is not automatically classified as a notice-driven or causal policy event.,仅为描述性变更簇，不自动认定为公告驱动或因果政策事件。
v15_cluster_0018010,v15_cluster_0018010,20240102,20240102,BU,BU,Bitumen,石油沥青,General-position margin ratio,一般持仓交易保证金比例,0.11,0.11,0.15,0.15,bu2401,bu2401,1,1,16,16,0.0625,0.0625,single_contract,单一合约,1,1,0,0,Descriptive cluster only; it is not automatically classified as a notice-driven or causal policy event.,仅为描述性变更簇，不自动认定为公告驱动或因果政策事件。
v15_cluster_0018011,v15_cluster_0018011,20240102,20240102,BU,BU,Bitumen,石油沥青,Hedge-position margin ratio,套保持仓交易保证金比例,0.1,0.1,0.15,0.15,bu2401,bu2401,1,1,16,16,0.0625,0.0625,single_contract,单一合约,1,1,0,0,Descriptive cluster only; it is not automatically classified as a notice-driven or causal policy event.,仅为描述性变更簇，不自动认定为公告驱动或因果政策事件。
v15_cluster_0018054,v15_cluster_0018054,20240103,20240103,AO,AO,Alumina,氧化铝,General-position margin ratio,一般持仓交易保证金比例,0.1,0.1,0.09,0.09,ao2403;ao2404;ao2405;ao2406;ao2407;ao2408;ao2409;ao2410;ao2411;ao2412,ao2403;ao2404;ao2405;ao2406;ao2407;ao2408;ao2409;ao2410;ao2411;ao2412,10,10,12,12,0.8333333333333334,0.8333333333333334,majority_of_active_contracts,覆盖当日多数活跃合约,0,0,0,0,Descriptive cluster only; it is not automatically classified as a notice-driven or causal policy event.,仅为描述性变更簇，不自动认定为公告驱动或因果政策事件。
v15_cluster_0018055,v15_cluster_0018055,20240103,20240103,AO,AO,Alumina,氧化铝,General-position margin ratio,一般持仓交易保证金比例,0.1,0.1,0.13,0.13,ao2402,ao2402,1,1,12,12,0.08333333333333333,0.08333333333333333,single_contract,单一合约,0,0,0,0,Descriptive cluster only; it is not automatically classified as a notice-driven or causal policy event.,仅为描述性变更簇，不自动认定为公告驱动或因果政策事件。
v15_cluster_0018056,v15_cluster_0018056,20240103,20240103,AO,AO,Alumina,氧化铝,Hedge-position margin ratio,套保持仓交易保证金比例,0.09,0.09,0.08,0.08,ao2403;ao2404;ao2405;ao2406;ao2407;ao2408;ao2409;ao2410;ao2411;ao2412,ao2403;ao2404;ao2405;ao2406;ao2407;ao2408;ao2409;ao2410;ao2411;ao2412,10,10,12,12,0.8333333333333334,0.8333333333333334,majority_of_active_contracts,覆盖当日多数活跃合约,0,0,0,0,Descriptive cluster only; it is not automatically classified as a notice-driven or causal policy event.,仅为描述性变更簇，不自动认定为公告驱动或因果政策事件。
v15_cluster_0018057,v15_cluster_0018057,20240103,20240103,AO,AO,Alumina,氧化铝,Hedge-position margin ratio,套保持仓交易保证金比例,0.1,0.1,0.13,0.13,ao2402,ao2402,1,1,12,12,0.08333333333333333,0.08333333333333333,single_contract,单一合约,0,0,0,0,Descriptive cluster only; it is not automatically classified as a notice-driven or causal policy event.,仅为描述性变更簇，不自动认定为公告驱动或因果政策事件。
v15_cluster_0018058,v15_cluster_0018058,20240103,20240103,AO,AO,Alumina,氧化铝,Price-limit ratio,涨跌停板幅度,0.08,0.08,0.07,0.07,ao2401;ao2403;ao2404;ao2405;ao2406;ao2407;ao2408;ao2409;ao2410;ao2411;ao2412,ao2401;ao2403;ao2404;ao2405;ao2406;ao2407;ao2408;ao2409;ao2410;ao2411;ao2412,11,11,12,12,0.9166666666666666,0.9166666666666666,majority_of_active_contracts,覆盖当日多数活跃合约,1,1,0,0,Descriptive cluster only; it is not automatically classified as a notice-driven or causal policy event.,仅为描述性变更簇，不自动认定为公告驱动或因果政策事件。
v15_cluster_0018059,v15_cluster_0018059,20240103,20240103,AO,AO,Alumina,氧化铝,Price-limit ratio,涨跌停板幅度,0.08,0.08,0.11,0.11,ao2402,ao2402,1,1,12,12,0.08333333333333333,0.08333333333333333,single_contract,单一合约,0,0,0,0,Descriptive cluster only; it is not automatically classified as a notice-driven or causal policy event.,仅为描述性变更簇，不自动认定为公告驱动或因果政策事件。
v15_cluster_0018063,v15_cluster_0018063,20240103,20240103,BU,BU,Bitumen,石油沥青,General-position margin ratio,一般持仓交易保证金比例,0.11,0.11,0.1,0.1,bu2402;bu2403;bu2404;bu2405;bu2406;bu2407;bu2408;bu2409;bu2410;bu2411;bu2412;bu2503;bu2506;bu2509;bu2512,bu2402;bu2403;bu2404;bu2405;bu2406;bu2407;bu2408;bu2409;bu2410;bu2411;bu2412;bu2503;bu2506;bu2509;bu2512,15,15,16,16,0.9375,0.9375,majority_of_active_contracts,覆盖当日多数活跃合约,0,0,0,0,Descriptive cluster only; it is not automatically classified as a notice-driven or causal policy event.,仅为描述性变更簇，不自动认定为公告驱动或因果政策事件。
v15_cluster_0018064,v15_cluster_0018064,20240103,20240103,BU,BU,Bitumen,石油沥青,Hedge-position margin ratio,套保持仓交易保证金比例,0.1,0.1,0.09,0.09,bu2403;bu2404;bu2405;bu2406;bu2407;bu2408;bu2409;bu2410;bu2411;bu2412;bu2503;bu2506;bu2509;bu2512,bu2403;bu2404;bu2405;bu2406;bu2407;bu2408;bu2409;bu2410;bu2411;bu2412;bu2503;bu2506;bu2509;bu2512,14,14,16,16,0.875,0.875,majority_of_active_contracts,覆盖当日多数活跃合约,0,0,0,0,Descriptive cluster only; it is not automatically classified as a notice-driven or causal policy event.,仅为描述性变更簇，不自动认定为公告驱动或因果政策事件。
v15_cluster_0018065,v15_cluster_0018065,20240103,20240103,BU,BU,Bitumen,石油沥青,Price-limit ratio,涨跌停板幅度,0.09,0.09,0.08,0.08,bu2401;bu2402;bu2403;bu2404;bu2405;bu2406;bu2407;bu2408;bu2409;bu2410;bu2411;bu2412;bu2503;bu2506;bu2509;bu2512,bu2401;bu2402;bu2403;bu2404;bu2405;bu2406;bu2407;bu2408;bu2409;bu2410;bu2411;bu2412;bu2503;bu2506;bu2509;bu2512,16,16,16,16,1.0,1.0,all_active_contracts,覆盖当日全部活跃合约,1,1,0,0,Descriptive cluster only; it is not automatically classified as a notice-driven or causal policy event.,仅为描述性变更簇，不自动认定为公告驱动或因果政策事件。
v15_cluster_0018084,v15_cluster_0018084,20240104,20240104,AO,AO,Alumina,氧化铝,General-position margin ratio,一般持仓交易保证金比例,0.13,0.13,0.1,0.1,ao2402,ao2402,1,1,12,12,0.08333333333333333,0.08333333333333333,single_contract,单一合约,0,0,0,0,Descriptive cluster only; it is not automatically classified as a notice-driven or causal policy event.,仅为描述性变更簇，不自动认定为公告驱动或因果政策事件。
v15_cluster_0018085,v15_cluster_0018085,20240104,20240104,AO,AO,Alumina,氧化铝,Hedge-position margin ratio,套保持仓交易保证金比例,0.13,0.13,0.1,0.1,ao2402,ao2402,1,1,12,12,0.08333333333333333,0.08333333333333333,single_contract,单一合约,0,0,0,0,Descriptive cluster only; it is not automatically classified as a notice-driven or causal policy event.,仅为描述性变更簇，不自动认定为公告驱动或因果政策事件。
v15_cluster_0018086,v15_cluster_0018086,20240104,20240104,AO,AO,Alumina,氧化铝,Price-limit ratio,涨跌停板幅度,0.11,0.11,0.07,0.07,ao2402,ao2402,1,1,12,12,0.08333333333333333,0.08333333333333333,single_contract,单一合约,0,0,0,0,Descriptive cluster only; it is not automatically classified as a notice-driven or causal policy event.,仅为描述性变更簇，不自动认定为公告驱动或因果政策事件。
v15_cluster_0018094,v15_cluster_0018094,20240105,20240105,AO,AO,Alumina,氧化铝,General-position margin ratio,一般持仓交易保证金比例,0.1,0.1,0.12,0.12,ao2402,ao2402,1,1,12,12,0.08333333333333333,0.08333333333333333,single_contract,单一合约,0,0,0,0,Descriptive cluster only; it is not automatically classified as a notice-driven or causal policy event.,仅为描述性变更簇，不自动认定为公告驱动或因果政策事件。
v15_cluster_0018095,v15_cluster_0018095,20240105,20240105,AO,AO,Alumina,氧化铝,Hedge-position margin ratio,套保持仓交易保证金比例,0.1,0.1,0.12,0.12,ao2402,ao2402,1,1,12,12,0.08333333333333333,0.08333333333333333,single_contract,单一合约,0,0,0,0,Descriptive cluster only; it is not automatically classified as a notice-driven or causal policy event.,仅为描述性变更簇，不自动认定为公告驱动或因果政策事件。
v15_cluster_0018096,v15_cluster_0018096,20240105,20240105,AO,AO,Alumina,氧化铝,Price-limit ratio,涨跌停板幅度,0.07,0.07,0.1,0.1,ao2402,ao2402,1,1,12,12,0.08333333333333333,0.08333333333333333,single_contract,单一合约,0,0,0,0,Descriptive cluster only; it is not automatically classified as a notice-driven or causal policy event.,仅为描述性变更簇，不自动认定为公告驱动或因果政策事件。
v15_cluster_0018103,v15_cluster_0018103,20240108,20240108,AO,AO,Alumina,氧化铝,General-position margin ratio,一般持仓交易保证金比例,0.12,0.12,0.1,0.1,ao2402,ao2402,1,1,12,12,0.08333333333333333,0.08333333333333333,single_contract,单一合约,0,0,0,0,Descriptive cluster only; it is not automatically classified as a notice-driven or causal policy event.,仅为描述性变更簇，不自动认定为公告驱动或因果政策事件。
v15_cluster_0018104,v15_cluster_0018104,20240108,20240108,AO,AO,Alumina,氧化铝,Hedge-position margin ratio,套保持仓交易保证金比例,0.12,0.12,0.1,0.1,ao2402,ao2402,1,1,12,12,0.08333333333333333,0.08333333333333333,single_contract,单一合约,0,0,0,0,Descriptive cluster only; it is not automatically classified as a notice-driven or causal policy event.,仅为描述性变更簇，不自动认定为公告驱动或因果政策事件。
v15_cluster_0018105,v15_cluster_0018105,20240108,20240108,AO,AO,Alumina,氧化铝,Price-limit ratio,涨跌停板幅度,0.1,0.1,0.07,0.07,ao2402,ao2402,1,1,12,12,0.08333333333333333,0.08333333333333333,single_contract,单一合约,0,0,0,0,Descriptive cluster only; it is not automatically classified as a notice-driven or causal policy event.,仅为描述性变更簇，不自动认定为公告驱动或因果政策事件。
v15_cluster_0018114,v15_cluster_0018114,20240111,20240111,AO,AO,Alumina,氧化铝,General-position margin ratio,一般持仓交易保证金比例,0.15,0.15,0.2,0.2,ao2401,ao2401,1,1,12,12,0.08333333333333333,0.08333333333333333,single_contract,单一合约,1,1,0,0,Descriptive cluster only; it is not automatically classified as a notice-driven or causal policy event.,仅为描述性变更簇，不自动认定为公告驱动或因果政策事件。
v15_cluster_0018115,v15_cluster_0018115,20240111,20240111,AO,AO,Alumina,氧化铝,Hedge-position margin ratio,套保持仓交易保证金比例,0.15,0.15,0.2,0.2,ao2401,ao2401,1,1,12,12,0.08333333333333333,0.08333333333333333,single_contract,单一合约,1,1,0,0,Descriptive cluster only; it is not automatically classified as a notice-driven or causal policy event.,仅为描述性变更簇，不自动认定为公告驱动或因果政策事件。
v15_cluster_0018122,v15_cluster_0018122,20240111,20240111,BU,BU,Bitumen,石油沥青,General-position margin ratio,一般持仓交易保证金比例,0.15,0.15,0.2,0.2,bu2401,bu2401,1,1,16,16,0.0625,0.0625,single_contract,单一合约,1,1,0,0,Descriptive cluster only; it is not automatically classified as a notice-driven or causal policy event.,仅为描述性变更簇，不自动认定为公告驱动或因果政策事件。
v15_cluster_0018123,v15_cluster_0018123,20240111,20240111,BU,BU,Bitumen,石油沥青,Hedge-position margin ratio,套保持仓交易保证金比例,0.15,0.15,0.2,0.2,bu2401,bu2401,1,1,16,16,0.0625,0.0625,single_contract,单一合约,1,1,0,0,Descriptive cluster only; it is not automatically classified as a notice-driven or causal policy event.,仅为描述性变更簇，不自动认定为公告驱动或因果政策事件。
v15_cluster_0018156,v15_cluster_0018156,20240117,20240117,AO,AO,Alumina,氧化铝,Price-limit ratio,涨跌停板幅度,0.14,0.14,0.07,0.07,ao2501,ao2501,1,1,12,12,0.08333333333333333,0.08333333333333333,single_contract,单一合约,0,0,0,0,Descriptive cluster only; it is not automatically classified as a notice-driven or causal policy event.,仅为描述性变更簇，不自动认定为公告驱动或因果政策事件。
v15_cluster_0018169,v15_cluster_0018169,20240119,20240119,BU,BU,Bitumen,石油沥青,Price-limit ratio,涨跌停板幅度,0.16,0.16,0.08,0.08,bu2501,bu2501,1,1,16,16,0.0625,0.0625,single_contract,单一合约,0,0,0,0,Descriptive cluster only; it is not automatically classified as a notice-driven or causal policy event.,仅为描述性变更簇，不自动认定为公告驱动或因果政策事件。
v15_cluster_0018185,v15_cluster_0018185,20240201,20240201,AO,AO,Alumina,氧化铝,General-position margin ratio,一般持仓交易保证金比例,0.09,0.09,0.1,0.1,ao2403,ao2403,1,1,12,12,0.08333333333333333,0.08333333333333333,single_contract,单一合约,0,0,0,0,Descriptive cluster only; it is not automatically classified as a notice-driven or causal policy event.,仅为描述性变更簇，不自动认定为公告驱动或因果政策事件。
v15_cluster_0018186,v15_cluster_0018186,20240201,20240201,AO,AO,Alumina,氧化铝,General-position margin ratio,一般持仓交易保证金比例,0.1,0.1,0.15,0.15,ao2402,ao2402,1,1,12,12,0.08333333333333333,0.08333333333333333,single_contract,单一合约,1,1,0,0,Descriptive cluster only; it is not automatically classified as a notice-driven or causal policy event.,仅为描述性变更簇，不自动认定为公告驱动或因果政策事件。
v15_cluster_0018187,v15_cluster_0018187,20240201,20240201,AO,AO,Alumina,氧化铝,Hedge-position margin ratio,套保持仓交易保证金比例,0.08,0.08,0.1,0.1,ao2403,ao2403,1,1,12,12,0.08333333333333333,0.08333333333333333,single_contract,单一合约,0,0,0,0,Descriptive cluster only; it is not automatically classified as a notice-driven or causal policy event.,仅为描述性变更簇，不自动认定为公告驱动或因果政策事件。
v15_cluster_0018188,v15_cluster_0018188,20240201,20240201,AO,AO,Alumina,氧化铝,Hedge-position margin ratio,套保持仓交易保证金比例,0.1,0.1,0.15,0.15,ao2402,ao2402,1,1,12,12,0.08333333333333333,0.08333333333333333,single_contract,单一合约,1,1,0,0,Descriptive cluster only; it is not automatically classified as a notice-driven or causal policy event.,仅为描述性变更簇，不自动认定为公告驱动或因果政策事件。
v15_cluster_0018199,v15_cluster_0018199,20240201,20240201,BU,BU,Bitumen,石油沥青,General-position margin ratio,一般持仓交易保证金比例,0.1,0.1,0.15,0.15,bu2402,bu2402,1,1,16,16,0.0625,0.0625,single_contract,单一合约,1,1,0,0,Descriptive cluster only; it is not automatically classified as a notice-driven or causal policy event.,仅为描述性变更簇，不自动认定为公告驱动或因果政策事件。
v15_cluster_0018200,v15_cluster_0018200,20240201,20240201,BU,BU,Bitumen,石油沥青,Hedge-position margin ratio,套保持仓交易保证金比例,0.09,0.09,0.1,0.1,bu2403,bu2403,1,1,16,16,0.0625,0.0625,single_contract,单一合约,0,0,0,0,Descriptive cluster only; it is not automatically classified as a notice-driven or causal policy event.,仅为描述性变更簇，不自动认定为公告驱动或因果政策事件。
v15_cluster_0018201,v15_cluster_0018201,20240201,20240201,BU,BU,Bitumen,石油沥青,Hedge-position margin ratio,套保持仓交易保证金比例,0.1,0.1,0.15,0.15,bu2402,bu2402,1,1,16,16,0.0625,0.0625,single_contract,单一合约,1,1,0,0,Descriptive cluster only; it is not automatically classified as a notice-driven or causal policy event.,仅为描述性变更簇，不自动认定为公告驱动或因果政策事件。
v15_cluster_0018254,v15_cluster_0018254,20240207,20240207,AO,AO,Alumina,氧化铝,General-position margin ratio,一般持仓交易保证金比例,0.15,0.15,0.2,0.2,ao2402,ao2402,1,1,12,12,0.08333333333333333,0.08333333333333333,single_contract,单一合约,1,1,0,0,Descriptive cluster only; it is not automatically classified as a notice-driven or causal policy event.,仅为描述性变更簇，不自动认定为公告驱动或因果政策事件。
v15_cluster_0018255,v15_cluster_0018255,20240207,20240207,AO,AO,Alumina,氧化铝,Hedge-position margin ratio,套保持仓交易保证金比例,0.15,0.15,0.2,0.2,ao2402,ao2402,1,1,12,12,0.08333333333333333,0.08333333333333333,single_contract,单一合约,1,1,0,0,Descriptive cluster only; it is not automatically classified as a notice-driven or causal policy event.,仅为描述性变更簇，不自动认定为公告驱动或因果政策事件。
v15_cluster_0018262,v15_cluster_0018262,20240207,20240207,BU,BU,Bitumen,石油沥青,General-position margin ratio,一般持仓交易保证金比例,0.15,0.15,0.2,0.2,bu2402,bu2402,1,1,16,16,0.0625,0.0625,single_contract,单一合约,1,1,0,0,Descriptive cluster only; it is not automatically classified as a notice-driven or causal policy event.,仅为描述性变更簇，不自动认定为公告驱动或因果政策事件。
v15_cluster_0018263,v15_cluster_0018263,20240207,20240207,BU,BU,Bitumen,石油沥青,Hedge-position margin ratio,套保持仓交易保证金比例,0.15,0.15,0.2,0.2,bu2402,bu2402,1,1,16,16,0.0625,0.0625,single_contract,单一合约,1,1,0,0,Descriptive cluster only; it is not automatically classified as a notice-driven or causal policy event.,仅为描述性变更簇，不自动认定为公告驱动或因果政策事件。
v15_cluster_0018293,v15_cluster_0018293,20240208,20240208,AO,AO,Alumina,氧化铝,General-position margin ratio,一般持仓交易保证金比例,0.09,0.09,0.12,0.12,ao2404;ao2405;ao2406;ao2407;ao2408;ao2409;ao2410;ao2411;ao2412;ao2501,ao2404;ao2405;ao2406;ao2407;ao2408;ao2409;ao2410;ao2411;ao2412;ao2501,10,10,12,12,0.8333333333333334,0.8333333333333334,majority_of_active_contracts,覆盖当日多数活跃合约,0,0,0,0,Descriptive cluster only; it is not automatically classified as a notice-driven or causal policy event.,仅为描述性变更簇，不自动认定为公告驱动或因果政策事件。
v15_cluster_0018294,v15_cluster_0018294,20240208,20240208,AO,AO,Alumina,氧化铝,General-position margin ratio,一般持仓交易保证金比例,0.1,0.1,0.12,0.12,ao2403,ao2403,1,1,12,12,0.08333333333333333,0.08333333333333333,single_contract,单一合约,0,0,0,0,Descriptive cluster only; it is not automatically classified as a notice-driven or causal policy event.,仅为描述性变更簇，不自动认定为公告驱动或因果政策事件。
v15_cluster_0018295,v15_cluster_0018295,20240208,20240208,AO,AO,Alumina,氧化铝,Hedge-position margin ratio,套保持仓交易保证金比例,0.08,0.08,0.11,0.11,ao2404;ao2405;ao2406;ao2407;ao2408;ao2409;ao2410;ao2411;ao2412;ao2501,ao2404;ao2405;ao2406;ao2407;ao2408;ao2409;ao2410;ao2411;ao2412;ao2501,10,10,12,12,0.8333333333333334,0.8333333333333334,majority_of_active_contracts,覆盖当日多数活跃合约,0,0,0,0,Descriptive cluster only; it is not automatically classified as a notice-driven or causal policy event.,仅为描述性变更簇，不自动认定为公告驱动或因果政策事件。
v15_cluster_0018296,v15_cluster_0018296,20240208,20240208,AO,AO,Alumina,氧化铝,Hedge-position margin ratio,套保持仓交易保证金比例,0.1,0.1,0.11,0.11,ao2403,ao2403,1,1,12,12,0.08333333333333333,0.08333333333333333,single_contract,单一合约,0,0,0,0,Descriptive cluster only; it is not automatically classified as a notice-driven or causal policy event.,仅为描述性变更簇，不自动认定为公告驱动或因果政策事件。
v15_cluster_0018297,v15_cluster_0018297,20240208,20240208,AO,AO,Alumina,氧化铝,Price-limit ratio,涨跌停板幅度,0.07,0.07,0.1,0.1,ao2402;ao2403;ao2404;ao2405;ao2406;ao2407;ao2408;ao2409;ao2410;ao2411;ao2412;ao2501,ao2402;ao2403;ao2404;ao2405;ao2406;ao2407;ao2408;ao2409;ao2410;ao2411;ao2412;ao2501,12,12,12,12,1.0,1.0,all_active_contracts,覆盖当日全部活跃合约,1,1,0,0,Descriptive cluster only; it is not automatically classified as a notice-driven or causal policy event.,仅为描述性变更簇，不自动认定为公告驱动或因果政策事件。
v15_cluster_0018308,v15_cluster_0018308,20240208,20240208,BU,BU,Bitumen,石油沥青,General-position margin ratio,一般持仓交易保证金比例,0.1,0.1,0.13,0.13,bu2403;bu2404;bu2405;bu2406;bu2407;bu2408;bu2409;bu2410;bu2411;bu2412;bu2501;bu2503;bu2506;bu2509;bu2512,bu2403;bu2404;bu2405;bu2406;bu2407;bu2408;bu2409;bu2410;bu2411;bu2412;bu2501;bu2503;bu2506;bu2509;bu2512,15,15,16,16,0.9375,0.9375,majority_of_active_contracts,覆盖当日多数活跃合约,0,0,0,0,Descriptive cluster only; it is not automatically classified as a notice-driven or causal policy event.,仅为描述性变更簇，不自动认定为公告驱动或因果政策事件。
v15_cluster_0018309,v15_cluster_0018309,20240208,20240208,BU,BU,Bitumen,石油沥青,Hedge-position margin ratio,套保持仓交易保证金比例,0.09,0.09,0.12,0.12,bu2404;bu2405;bu2406;bu2407;bu2408;bu2409;bu2410;bu2411;bu2412;bu2501;bu2503;bu2506;bu2509;bu2512,bu2404;bu2405;bu2406;bu2407;bu2408;bu2409;bu2410;bu2411;bu2412;bu2501;bu2503;bu2506;bu2509;bu2512,14,14,16,16,0.875,0.875,majority_of_active_contracts,覆盖当日多数活跃合约,0,0,0,0,Descriptive cluster only; it is not automatically classified as a notice-driven or causal policy event.,仅为描述性变更簇，不自动认定为公告驱动或因果政策事件。
v15_cluster_0018310,v15_cluster_0018310,20240208,20240208,BU,BU,Bitumen,石油沥青,Hedge-position margin ratio,套保持仓交易保证金比例,0.1,0.1,0.12,0.12,bu2403,bu2403,1,1,16,16,0.0625,0.0625,single_contract,单一合约,0,0,0,0,Descriptive cluster only; it is not automatically classified as a notice-driven or causal policy event.,仅为描述性变更簇，不自动认定为公告驱动或因果政策事件。
v15_cluster_0018311,v15_cluster_0018311,20240208,20240208,BU,BU,Bitumen,石油沥青,Price-limit ratio,涨跌停板幅度,0.08,0.08,0.11,0.11,bu2402;bu2403;bu2404;bu2405;bu2406;bu2407;bu2408;bu2409;bu2410;bu2411;bu2412;bu2501;bu2503;bu2506;bu2509;bu2512,bu2402;bu2403;bu2404;bu2405;bu2406;bu2407;bu2408;bu2409;bu2410;bu2411;bu2412;bu2501;bu2503;bu2506;bu2509;bu2512,16,16,16,16,1.0,1.0,all_active_contracts,覆盖当日全部活跃合约,1,1,0,0,Descriptive cluster only; it is not automatically classified as a notice-driven or causal policy event.,仅为描述性变更簇，不自动认定为公告驱动或因果政策事件。
v15_cluster_0018375,v15_cluster_0018375,20240220,20240220,AO,AO,Alumina,氧化铝,General-position margin ratio,一般持仓交易保证金比例,0.12,0.12,0.09,0.09,ao2404;ao2405;ao2406;ao2407;ao2408;ao2409;ao2410;ao2411;ao2412;ao2501,ao2404;ao2405;ao2406;ao2407;ao2408;ao2409;ao2410;ao2411;ao2412;ao2501,10,10,12,12,0.8333333333333334,0.8333333333333334,majority_of_active_contracts,覆盖当日多数活跃合约,0,0,0,0,Descriptive cluster only; it is not automatically classified as a notice-driven or causal policy event.,仅为描述性变更簇，不自动认定为公告驱动或因果政策事件。
v15_cluster_0018376,v15_cluster_0018376,20240220,20240220,AO,AO,Alumina,氧化铝,General-position margin ratio,一般持仓交易保证金比例,0.12,0.12,0.1,0.1,ao2403,ao2403,1,1,12,12,0.08333333333333333,0.08333333333333333,single_contract,单一合约,1,1,0,0,Descriptive cluster only; it is not automatically classified as a notice-driven or causal policy event.,仅为描述性变更簇，不自动认定为公告驱动或因果政策事件。
v15_cluster_0018377,v15_cluster_0018377,20240220,20240220,AO,AO,Alumina,氧化铝,Hedge-position margin ratio,套保持仓交易保证金比例,0.11,0.11,0.08,0.08,ao2404;ao2405;ao2406;ao2407;ao2408;ao2409;ao2410;ao2411;ao2412;ao2501,ao2404;ao2405;ao2406;ao2407;ao2408;ao2409;ao2410;ao2411;ao2412;ao2501,10,10,12,12,0.8333333333333334,0.8333333333333334,majority_of_active_contracts,覆盖当日多数活跃合约,0,0,0,0,Descriptive cluster only; it is not automatically classified as a notice-driven or causal policy event.,仅为描述性变更簇，不自动认定为公告驱动或因果政策事件。
v15_cluster_0018378,v15_cluster_0018378,20240220,20240220,AO,AO,Alumina,氧化铝,Hedge-position margin ratio,套保持仓交易保证金比例,0.11,0.11,0.1,0.1,ao2403,ao2403,1,1,12,12,0.08333333333333333,0.08333333333333333,single_contract,单一合约,1,1,0,0,Descriptive cluster only; it is not automatically classified as a notice-driven or causal policy event.,仅为描述性变更簇，不自动认定为公告驱动或因果政策事件。
v15_cluster_0018379,v15_cluster_0018379,20240220,20240220,AO,AO,Alumina,氧化铝,Price-limit ratio,涨跌停板幅度,0.1,0.1,0.07,0.07,ao2403;ao2404;ao2405;ao2406;ao2407;ao2408;ao2409;ao2410;ao2411;ao2412;ao2501,ao2403;ao2404;ao2405;ao2406;ao2407;ao2408;ao2409;ao2410;ao2411;ao2412;ao2501,11,11,12,12,0.9166666666666666,0.9166666666666666,majority_of_active_contracts,覆盖当日多数活跃合约,1,1,0,0,Descriptive cluster only; it is not automatically classified as a notice-driven or causal policy event.,仅为描述性变更簇，不自动认定为公告驱动或因果政策事件。
v15_cluster_0018390,v15_cluster_0018390,20240220,20240220,BU,BU,Bitumen,石油沥青,General-position margin ratio,一般持仓交易保证金比例,0.13,0.13,0.1,0.1,bu2403;bu2404;bu2405;bu2406;bu2407;bu2408;bu2409;bu2410;bu2411;bu2412;bu2501;bu2503;bu2506;bu2509;bu2512,bu2403;bu2404;bu2405;bu2406;bu2407;bu2408;bu2409;bu2410;bu2411;bu2412;bu2501;bu2503;bu2506;bu2509;bu2512,15,15,16,16,0.9375,0.9375,majority_of_active_contracts,覆盖当日多数活跃合约,1,1,0,0,Descriptive cluster only; it is not automatically classified as a notice-driven or causal policy event.,仅为描述性变更簇，不自动认定为公告驱动或因果政策事件。
v15_cluster_0018391,v15_cluster_0018391,20240220,20240220,BU,BU,Bitumen,石油沥青,Hedge-position margin ratio,套保持仓交易保证金比例,0.12,0.12,0.09,0.09,bu2404;bu2405;bu2406;bu2407;bu2408;bu2409;bu2410;bu2411;bu2412;bu2501;bu2503;bu2506;bu2509;bu2512,bu2404;bu2405;bu2406;bu2407;bu2408;bu2409;bu2410;bu2411;bu2412;bu2501;bu2503;bu2506;bu2509;bu2512,14,14,16,16,0.875,0.875,majority_of_active_contracts,覆盖当日多数活跃合约,0,0,0,0,Descriptive cluster only; it is not automatically classified as a notice-driven or causal policy event.,仅为描述性变更簇，不自动认定为公告驱动或因果政策事件。
v15_cluster_0018392,v15_cluster_0018392,20240220,20240220,BU,BU,Bitumen,石油沥青,Hedge-position margin ratio,套保持仓交易保证金比例,0.12,0.12,0.1,0.1,bu2403,bu2403,1,1,16,16,0.0625,0.0625,single_contract,单一合约,1,1,0,0,Descriptive cluster only; it is not automatically classified as a notice-driven or causal policy event.,仅为描述性变更簇，不自动认定为公告驱动或因果政策事件。
v15_cluster_0018393,v15_cluster_0018393,20240220,20240220,BU,BU,Bitumen,石油沥青,Price-limit ratio,涨跌停板幅度,0.11,0.11,0.08,0.08,bu2403;bu2404;bu2405;bu2406;bu2407;bu2408;bu2409;bu2410;bu2411;bu2412;bu2501;bu2503;bu2506;bu2509;bu2512,bu2403;bu2404;bu2405;bu2406;bu2407;bu2408;bu2409;bu2410;bu2411;bu2412;bu2501;bu2503;bu2506;bu2509;bu2512,15,15,16,16,0.9375,0.9375,majority_of_active_contracts,覆盖当日多数活跃合约,1,1,0,0,Descriptive cluster only; it is not automatically classified as a notice-driven or causal policy event.,仅为描述性变更簇，不自动认定为公告驱动或因果政策事件。
v15_cluster_0018452,v15_cluster_0018452,20240221,20240221,AO,AO,Alumina,氧化铝,Price-limit ratio,涨跌停板幅度,0.14,0.14,0.07,0.07,ao2502,ao2502,1,1,12,12,0.08333333333333333,0.08333333333333333,single_contract,单一合约,0,0,0,0,Descriptive cluster only; it is not automatically classified as a notice-driven or causal policy event.,仅为描述性变更簇，不自动认定为公告驱动或因果政策事件。
v15_cluster_0018483,v15_cluster_0018483,20240301,20240301,AO,AO,Alumina,氧化铝,General-position margin ratio,一般持仓交易保证金比例,0.09,0.09,0.1,0.1,ao2404,ao2404,1,1,12,12,0.08333333333333333,0.08333333333333333,single_contract,单一合约,0,0,0,0,Descriptive cluster only; it is not automatically classified as a notice-driven or causal policy event.,仅为描述性变更簇，不自动认定为公告驱动或因果政策事件。
v15_cluster_0018484,v15_cluster_0018484,20240301,20240301,AO,AO,Alumina,氧化铝,General-position margin ratio,一般持仓交易保证金比例,0.1,0.1,0.15,0.15,ao2403,ao2403,1,1,12,12,0.08333333333333333,0.08333333333333333,single_contract,单一合约,1,1,0,0,Descriptive cluster only; it is not automatically classified as a notice-driven or causal policy event.,仅为描述性变更簇，不自动认定为公告驱动或因果政策事件。
v15_cluster_0018485,v15_cluster_0018485,20240301,20240301,AO,AO,Alumina,氧化铝,Hedge-position margin ratio,套保持仓交易保证金比例,0.08,0.08,0.1,0.1,ao2404,ao2404,1,1,12,12,0.08333333333333333,0.08333333333333333,single_contract,单一合约,0,0,0,0,Descriptive cluster only; it is not automatically classified as a notice-driven or causal policy event.,仅为描述性变更簇，不自动认定为公告驱动或因果政策事件。
v15_cluster_0018486,v15_cluster_0018486,20240301,20240301,AO,AO,Alumina,氧化铝,Hedge-position margin ratio,套保持仓交易保证金比例,0.1,0.1,0.15,0.15,ao2403,ao2403,1,1,12,12,0.08333333333333333,0.08333333333333333,single_contract,单一合约,1,1,0,0,Descriptive cluster only; it is not automatically classified as a notice-driven or causal policy event.,仅为描述性变更簇，不自动认定为公告驱动或因果政策事件。
v15_cluster_0018497,v15_cluster_0018497,20240301,20240301,BU,BU,Bitumen,石油沥青,General-position margin ratio,一般持仓交易保证金比例,0.1,0.1,0.15,0.15,bu2403,bu2403,1,1,16,16,0.0625,0.0625,single_contract,单一合约,1,1,0,0,Descriptive cluster only; it is not automatically classified as a notice-driven or causal policy event.,仅为描述性变更簇，不自动认定为公告驱动或因果政策事件。
v15_cluster_0018498,v15_cluster_0018498,20240301,20240301,BU,BU,Bitumen,石油沥青,Hedge-position margin ratio,套保持仓交易保证金比例,0.09,0.09,0.1,0.1,bu2404,bu2404,1,1,16,16,0.0625,0.0625,single_contract,单一合约,0,0,0,0,Descriptive cluster only; it is not automatically classified as a notice-driven or causal policy event.,仅为描述性变更簇，不自动认定为公告驱动或因果政策事件。
v15_cluster_0018499,v15_cluster_0018499,20240301,20240301,BU,BU,Bitumen,石油沥青,Hedge-position margin ratio,套保持仓交易保证金比例,0.1,0.1,0.15,0.15,bu2403,bu2403,1,1,16,16,0.0625,0.0625,single_contract,单一合约,1,1,0,0,Descriptive cluster only; it is not automatically classified as a notice-driven or causal policy event.,仅为描述性变更簇，不自动认定为公告驱动或因果政策事件。
v15_cluster_0018555,v15_cluster_0018555,20240313,20240313,AO,AO,Alumina,氧化铝,General-position margin ratio,一般持仓交易保证金比例,0.15,0.15,0.2,0.2,ao2403,ao2403,1,1,12,12,0.08333333333333333,0.08333333333333333,single_contract,单一合约,1,1,0,0,Descriptive cluster only; it is not automatically classified as a notice-driven or causal policy event.,仅为描述性变更簇，不自动认定为公告驱动或因果政策事件。
v15_cluster_0018556,v15_cluster_0018556,20240313,20240313,AO,AO,Alumina,氧化铝,Hedge-position margin ratio,套保持仓交易保证金比例,0.15,0.15,0.2,0.2,ao2403,ao2403,1,1,12,12,0.08333333333333333,0.08333333333333333,single_contract,单一合约,1,1,0,0,Descriptive cluster only; it is not automatically classified as a notice-driven or causal policy event.,仅为描述性变更簇，不自动认定为公告驱动或因果政策事件。
v15_cluster_0018563,v15_cluster_0018563,20240313,20240313,BU,BU,Bitumen,石油沥青,General-position margin ratio,一般持仓交易保证金比例,0.15,0.15,0.2,0.2,bu2403,bu2403,1,1,16,16,0.0625,0.0625,single_contract,单一合约,1,1,0,0,Descriptive cluster only; it is not automatically classified as a notice-driven or causal policy event.,仅为描述性变更簇，不自动认定为公告驱动或因果政策事件。
v15_cluster_0018564,v15_cluster_0018564,20240313,20240313,BU,BU,Bitumen,石油沥青,Hedge-position margin ratio,套保持仓交易保证金比例,0.15,0.15,0.2,0.2,bu2403,bu2403,1,1,16,16,0.0625,0.0625,single_contract,单一合约,1,1,0,0,Descriptive cluster only; it is not automatically classified as a notice-driven or causal policy event.,仅为描述性变更簇，不自动认定为公告驱动或因果政策事件。
v15_cluster_0018589,v15_cluster_0018589,20240314,20240314,BU,BU,Bitumen,石油沥青,Price-limit ratio,涨跌停板幅度,0.16,0.16,0.08,0.08,bu2502,bu2502,1,1,16,16,0.0625,0.0625,single_contract,单一合约,0,0,0,0,Descriptive cluster only; it is not automatically classified as a notice-driven or causal policy event.,仅为描述性变更簇，不自动认定为公告驱动或因果政策事件。
v15_cluster_0018595,v15_cluster_0018595,20240319,20240319,AO,AO,Alumina,氧化铝,Price-limit ratio,涨跌停板幅度,0.14,0.14,0.07,0.07,ao2503,ao2503,1,1,12,12,0.08333333333333333,0.08333333333333333,single_contract,单一合约,0,0,0,0,Descriptive cluster only; it is not automatically classified as a notice-driven or causal policy event.,仅为描述性变更簇，不自动认定为公告驱动或因果政策事件。
v15_cluster_0018622,v15_cluster_0018622,20240326,20240326,BU,BU,Bitumen,石油沥青,Price-limit ratio,涨跌停板幅度,0.16,0.16,0.08,0.08,bu2603,bu2603,1,1,16,16,0.0625,0.0625,single_contract,单一合约,0,0,0,0,Descriptive cluster only; it is not automatically classified as a notice-driven or causal policy event.,仅为描述性变更簇，不自动认定为公告驱动或因果政策事件。
v15_cluster_0018639,v15_cluster_0018639,20240401,20240401,AO,AO,Alumina,氧化铝,General-position margin ratio,一般持仓交易保证金比例,0.09,0.09,0.1,0.1,ao2405,ao2405,1,1,12,12,0.08333333333333333,0.08333333333333333,single_contract,单一合约,0,0,0,0,Descriptive cluster only; it is not automatically classified as a notice-driven or causal policy event.,仅为描述性变更簇，不自动认定为公告驱动或因果政策事件。
v15_cluster_0018640,v15_cluster_0018640,20240401,20240401,AO,AO,Alumina,氧化铝,General-position margin ratio,一般持仓交易保证金比例,0.1,0.1,0.15,0.15,ao2404,ao2404,1,1,12,12,0.08333333333333333,0.08333333333333333,single_contract,单一合约,1,1,0,0,Descriptive cluster only; it is not automatically classified as a notice-driven or causal policy event.,仅为描述性变更簇，不自动认定为公告驱动或因果政策事件。
v15_cluster_0018641,v15_cluster_0018641,20240401,20240401,AO,AO,Alumina,氧化铝,Hedge-position margin ratio,套保持仓交易保证金比例,0.08,0.08,0.1,0.1,ao2405,ao2405,1,1,12,12,0.08333333333333333,0.08333333333333333,single_contract,单一合约,0,0,0,0,Descriptive cluster only; it is not automatically classified as a notice-driven or causal policy event.,仅为描述性变更簇，不自动认定为公告驱动或因果政策事件。
v15_cluster_0018642,v15_cluster_0018642,20240401,20240401,AO,AO,Alumina,氧化铝,Hedge-position margin ratio,套保持仓交易保证金比例,0.1,0.1,0.15,0.15,ao2404,ao2404,1,1,12,12,0.08333333333333333,0.08333333333333333,single_contract,单一合约,1,1,0,0,Descriptive cluster only; it is not automatically classified as a notice-driven or causal policy event.,仅为描述性变更簇，不自动认定为公告驱动或因果政策事件。
v15_cluster_0018654,v15_cluster_0018654,20240401,20240401,BU,BU,Bitumen,石油沥青,General-position margin ratio,一般持仓交易保证金比例,0.1,0.1,0.15,0.15,bu2404,bu2404,1,1,16,16,0.0625,0.0625,single_contract,单一合约,1,1,0,0,Descriptive cluster only; it is not automatically classified as a notice-driven or causal policy event.,仅为描述性变更簇，不自动认定为公告驱动或因果政策事件。
v15_cluster_0018655,v15_cluster_0018655,20240401,20240401,BU,BU,Bitumen,石油沥青,Hedge-position margin ratio,套保持仓交易保证金比例,0.09,0.09,0.1,0.1,bu2405,bu2405,1,1,16,16,0.0625,0.0625,single_contract,单一合约,0,0,0,0,Descriptive cluster only; it is not automatically classified as a notice-driven or causal policy event.,仅为描述性变更簇，不自动认定为公告驱动或因果政策事件。
v15_cluster_0018656,v15_cluster_0018656,20240401,20240401,BU,BU,Bitumen,石油沥青,Hedge-position margin ratio,套保持仓交易保证金比例,0.1,0.1,0.15,0.15,bu2404,bu2404,1,1,16,16,0.0625,0.0625,single_contract,单一合约,1,1,0,0,Descriptive cluster only; it is not automatically classified as a notice-driven or causal policy event.,仅为描述性变更簇，不自动认定为公告驱动或因果政策事件。
v15_cluster_0018764,v15_cluster_0018764,20240411,20240411,AO,AO,Alumina,氧化铝,General-position margin ratio,一般持仓交易保证金比例,0.15,0.15,0.2,0.2,ao2404,ao2404,1,1,12,12,0.08333333333333333,0.08333333333333333,single_contract,单一合约,1,1,0,0,Descriptive cluster only; it is not automatically classified as a notice-driven or causal policy event.,仅为描述性变更簇，不自动认定为公告驱动或因果政策事件。
v15_cluster_0018765,v15_cluster_0018765,20240411,20240411,AO,AO,Alumina,氧化铝,Hedge-position margin ratio,套保持仓交易保证金比例,0.15,0.15,0.2,0.2,ao2404,ao2404,1,1,12,12,0.08333333333333333,0.08333333333333333,single_contract,单一合约,1,1,0,0,Descriptive cluster only; it is not automatically classified as a notice-driven or causal policy event.,仅为描述性变更簇，不自动认定为公告驱动或因果政策事件。
v15_cluster_0018772,v15_cluster_0018772,20240411,20240411,BU,BU,Bitumen,石油沥青,General-position margin ratio,一般持仓交易保证金比例,0.15,0.15,0.2,0.2,bu2404,bu2404,1,1,16,16,0.0625,0.0625,single_contract,单一合约,1,1,0,0,Descriptive cluster only; it is not automatically classified as a notice-driven or causal policy event.,仅为描述性变更簇，不自动认定为公告驱动或因果政策事件。
v15_cluster_0018773,v15_cluster_0018773,20240411,20240411,BU,BU,Bitumen,石油沥青,Hedge-position margin ratio,套保持仓交易保证金比例,0.15,0.15,0.2,0.2,bu2404,bu2404,1,1,16,16,0.0625,0.0625,single_contract,单一合约,1,1,0,0,Descriptive cluster only; it is not automatically classified as a notice-driven or causal policy event.,仅为描述性变更簇，不自动认定为公告驱动或因果政策事件。
v15_cluster_0018819,v15_cluster_0018819,20240418,20240418,AO,AO,Alumina,氧化铝,Price-limit ratio,涨跌停板幅度,0.14,0.14,0.07,0.07,ao2504,ao2504,1,1,12,12,0.08333333333333333,0.08333333333333333,single_contract,单一合约,0,0,0,0,Descriptive cluster only; it is not automatically classified as a notice-driven or causal policy event.,仅为描述性变更簇，不自动认定为公告驱动或因果政策事件。
v15_cluster_0018845,v15_cluster_0018845,20240430,20240430,AO,AO,Alumina,氧化铝,General-position margin ratio,一般持仓交易保证金比例,0.09,0.09,0.1,0.1,ao2406;ao2407;ao2408;ao2409;ao2410;ao2411;ao2412;ao2501;ao2502;ao2503;ao2504,ao2406;ao2407;ao2408;ao2409;ao2410;ao2411;ao2412;ao2501;ao2502;ao2503;ao2504,11,11,12,12,0.9166666666666666,0.9166666666666666,majority_of_active_contracts,覆盖当日多数活跃合约,0,0,0,0,Descriptive cluster only; it is not automatically classified as a notice-driven or causal policy event.,仅为描述性变更簇，不自动认定为公告驱动或因果政策事件。
v15_cluster_0018846,v15_cluster_0018846,20240430,20240430,AO,AO,Alumina,氧化铝,Hedge-position margin ratio,套保持仓交易保证金比例,0.08,0.08,0.09,0.09,ao2406;ao2407;ao2408;ao2409;ao2410;ao2411;ao2412;ao2501;ao2502;ao2503;ao2504,ao2406;ao2407;ao2408;ao2409;ao2410;ao2411;ao2412;ao2501;ao2502;ao2503;ao2504,11,11,12,12,0.9166666666666666,0.9166666666666666,majority_of_active_contracts,覆盖当日多数活跃合约,0,0,0,0,Descriptive cluster only; it is not automatically classified as a notice-driven or causal policy event.,仅为描述性变更簇，不自动认定为公告驱动或因果政策事件。
v15_cluster_0018847,v15_cluster_0018847,20240430,20240430,AO,AO,Alumina,氧化铝,Price-limit ratio,涨跌停板幅度,0.07,0.07,0.08,0.08,ao2405;ao2406;ao2407;ao2408;ao2409;ao2410;ao2411;ao2412;ao2501;ao2502;ao2503;ao2504,ao2405;ao2406;ao2407;ao2408;ao2409;ao2410;ao2411;ao2412;ao2501;ao2502;ao2503;ao2504,12,12,12,12,1.0,1.0,all_active_contracts,覆盖当日全部活跃合约,1,1,0,0,Descriptive cluster only; it is not automatically classified as a notice-driven or causal policy event.,仅为描述性变更簇，不自动认定为公告驱动或因果政策事件。
v15_cluster_0018851,v15_cluster_0018851,20240430,20240430,BU,BU,Bitumen,石油沥青,General-position margin ratio,一般持仓交易保证金比例,0.1,0.1,0.12,0.12,bu2405;bu2406;bu2407;bu2408;bu2409;bu2410;bu2411;bu2412;bu2501;bu2502;bu2503;bu2504;bu2506;bu2509;bu2512;bu2603,bu2405;bu2406;bu2407;bu2408;bu2409;bu2410;bu2411;bu2412;bu2501;bu2502;bu2503;bu2504;bu2506;bu2509;bu2512;bu2603,16,16,16,16,1.0,1.0,all_active_contracts,覆盖当日全部活跃合约,1,1,0,0,Descriptive cluster only; it is not automatically classified as a notice-driven or causal policy event.,仅为描述性变更簇，不自动认定为公告驱动或因果政策事件。
v15_cluster_0018852,v15_cluster_0018852,20240430,20240430,BU,BU,Bitumen,石油沥青,Hedge-position margin ratio,套保持仓交易保证金比例,0.09,0.09,0.11,0.11,bu2406;bu2407;bu2408;bu2409;bu2410;bu2411;bu2412;bu2501;bu2502;bu2503;bu2504;bu2506;bu2509;bu2512;bu2603,bu2406;bu2407;bu2408;bu2409;bu2410;bu2411;bu2412;bu2501;bu2502;bu2503;bu2504;bu2506;bu2509;bu2512;bu2603,15,15,16,16,0.9375,0.9375,majority_of_active_contracts,覆盖当日多数活跃合约,0,0,0,0,Descriptive cluster only; it is not automatically classified as a notice-driven or causal policy event.,仅为描述性变更簇，不自动认定为公告驱动或因果政策事件。
v15_cluster_0018853,v15_cluster_0018853,20240430,20240430,BU,BU,Bitumen,石油沥青,Hedge-position margin ratio,套保持仓交易保证金比例,0.1,0.1,0.11,0.11,bu2405,bu2405,1,1,16,16,0.0625,0.0625,single_contract,单一合约,1,1,0,0,Descriptive cluster only; it is not automatically classified as a notice-driven or causal policy event.,仅为描述性变更簇，不自动认定为公告驱动或因果政策事件。
v15_cluster_0018854,v15_cluster_0018854,20240430,20240430,BU,BU,Bitumen,石油沥青,Price-limit ratio,涨跌停板幅度,0.08,0.08,0.1,0.1,bu2405;bu2406;bu2407;bu2408;bu2409;bu2410;bu2411;bu2412;bu2501;bu2502;bu2503;bu2506;bu2509;bu2512;bu2603,bu2405;bu2406;bu2407;bu2408;bu2409;bu2410;bu2411;bu2412;bu2501;bu2502;bu2503;bu2506;bu2509;bu2512;bu2603,15,15,16,16,0.9375,0.9375,majority_of_active_contracts,覆盖当日多数活跃合约,1,1,0,0,Descriptive cluster only; it is not automatically classified as a notice-driven or causal policy event.,仅为描述性变更簇，不自动认定为公告驱动或因果政策事件。
v15_cluster_0018855,v15_cluster_0018855,20240430,20240430,BU,BU,Bitumen,石油沥青,Price-limit ratio,涨跌停板幅度,0.16,0.16,0.2,0.2,bu2504,bu2504,1,1,16,16,0.0625,0.0625,single_contract,单一合约,0,0,0,0,Descriptive cluster only; it is not automatically classified as a notice-driven or causal policy event.,仅为描述性变更簇，不自动认定为公告驱动或因果政策事件。
v15_cluster_0018911,v15_cluster_0018911,20240506,20240506,AO,AO,Alumina,氧化铝,General-position margin ratio,一般持仓交易保证金比例,0.1,0.1,0.15,0.15,ao2405,ao2405,1,1,12,12,0.08333333333333333,0.08333333333333333,single_contract,单一合约,1,1,0,0,Descriptive cluster only; it is not automatically classified as a notice-driven or causal policy event.,仅为描述性变更簇，不自动认定为公告驱动或因果政策事件。
v15_cluster_0018912,v15_cluster_0018912,20240506,20240506,AO,AO,Alumina,氧化铝,Hedge-position margin ratio,套保持仓交易保证金比例,0.09,0.09,0.1,0.1,ao2406,ao2406,1,1,12,12,0.08333333333333333,0.08333333333333333,single_contract,单一合约,0,0,0,0,Descriptive cluster only; it is not automatically classified as a notice-driven or causal policy event.,仅为描述性变更簇，不自动认定为公告驱动或因果政策事件。
v15_cluster_0018913,v15_cluster_0018913,20240506,20240506,AO,AO,Alumina,氧化铝,Hedge-position margin ratio,套保持仓交易保证金比例,0.1,0.1,0.15,0.15,ao2405,ao2405,1,1,12,12,0.08333333333333333,0.08333333333333333,single_contract,单一合约,1,1,0,0,Descriptive cluster only; it is not automatically classified as a notice-driven or causal policy event.,仅为描述性变更簇，不自动认定为公告驱动或因果政策事件。
v15_cluster_0018922,v15_cluster_0018922,20240506,20240506,BU,BU,Bitumen,石油沥青,General-position margin ratio,一般持仓交易保证金比例,0.12,0.12,0.15,0.15,bu2405,bu2405,1,1,16,16,0.0625,0.0625,single_contract,单一合约,1,1,0,0,Descriptive cluster only; it is not automatically classified as a notice-driven or causal policy event.,仅为描述性变更簇，不自动认定为公告驱动或因果政策事件。
v15_cluster_0018923,v15_cluster_0018923,20240506,20240506,BU,BU,Bitumen,石油沥青,Hedge-position margin ratio,套保持仓交易保证金比例,0.11,0.11,0.15,0.15,bu2405,bu2405,1,1,16,16,0.0625,0.0625,single_contract,单一合约,1,1,0,0,Descriptive cluster only; it is not automatically classified as a notice-driven or causal policy event.,仅为描述性变更簇，不自动认定为公告驱动或因果政策事件。
v15_cluster_0018969,v15_cluster_0018969,20240507,20240507,AO,AO,Alumina,氧化铝,General-position margin ratio,一般持仓交易保证金比例,0.1,0.1,0.09,0.09,ao2407;ao2408;ao2409;ao2410;ao2411;ao2412;ao2501;ao2502;ao2503;ao2504,ao2407;ao2408;ao2409;ao2410;ao2411;ao2412;ao2501;ao2502;ao2503;ao2504,10,10,12,12,0.8333333333333334,0.8333333333333334,majority_of_active_contracts,覆盖当日多数活跃合约,0,0,0,0,Descriptive cluster only; it is not automatically classified as a notice-driven or causal policy event.,仅为描述性变更簇，不自动认定为公告驱动或因果政策事件。
v15_cluster_0018970,v15_cluster_0018970,20240507,20240507,AO,AO,Alumina,氧化铝,Hedge-position margin ratio,套保持仓交易保证金比例,0.09,0.09,0.08,0.08,ao2407;ao2408;ao2409;ao2410;ao2411;ao2412;ao2501;ao2502;ao2503;ao2504,ao2407;ao2408;ao2409;ao2410;ao2411;ao2412;ao2501;ao2502;ao2503;ao2504,10,10,12,12,0.8333333333333334,0.8333333333333334,majority_of_active_contracts,覆盖当日多数活跃合约,0,0,0,0,Descriptive cluster only; it is not automatically classified as a notice-driven or causal policy event.,仅为描述性变更簇，不自动认定为公告驱动或因果政策事件。
v15_cluster_0018971,v15_cluster_0018971,20240507,20240507,AO,AO,Alumina,氧化铝,Price-limit ratio,涨跌停板幅度,0.08,0.08,0.07,0.07,ao2405;ao2406;ao2407;ao2408;ao2409;ao2410;ao2411;ao2412;ao2501;ao2502;ao2503;ao2504,ao2405;ao2406;ao2407;ao2408;ao2409;ao2410;ao2411;ao2412;ao2501;ao2502;ao2503;ao2504,12,12,12,12,1.0,1.0,all_active_contracts,覆盖当日全部活跃合约,1,1,0,0,Descriptive cluster only; it is not automatically classified as a notice-driven or causal policy event.,仅为描述性变更簇，不自动认定为公告驱动或因果政策事件。
v15_cluster_0018975,v15_cluster_0018975,20240507,20240507,BU,BU,Bitumen,石油沥青,General-position margin ratio,一般持仓交易保证金比例,0.12,0.12,0.1,0.1,bu2406;bu2407;bu2408;bu2409;bu2410;bu2411;bu2412;bu2501;bu2502;bu2503;bu2504;bu2506;bu2509;bu2512;bu2603,bu2406;bu2407;bu2408;bu2409;bu2410;bu2411;bu2412;bu2501;bu2502;bu2503;bu2504;bu2506;bu2509;bu2512;bu2603,15,15,16,16,0.9375,0.9375,majority_of_active_contracts,覆盖当日多数活跃合约,0,0,0,0,Descriptive cluster only; it is not automatically classified as a notice-driven or causal policy event.,仅为描述性变更簇，不自动认定为公告驱动或因果政策事件。
v15_cluster_0018976,v15_cluster_0018976,20240507,20240507,BU,BU,Bitumen,石油沥青,Hedge-position margin ratio,套保持仓交易保证金比例,0.11,0.11,0.09,0.09,bu2407;bu2408;bu2409;bu2410;bu2411;bu2412;bu2501;bu2502;bu2503;bu2504;bu2506;bu2509;bu2512;bu2603,bu2407;bu2408;bu2409;bu2410;bu2411;bu2412;bu2501;bu2502;bu2503;bu2504;bu2506;bu2509;bu2512;bu2603,14,14,16,16,0.875,0.875,majority_of_active_contracts,覆盖当日多数活跃合约,0,0,0,0,Descriptive cluster only; it is not automatically classified as a notice-driven or causal policy event.,仅为描述性变更簇，不自动认定为公告驱动或因果政策事件。
v15_cluster_0018977,v15_cluster_0018977,20240507,20240507,BU,BU,Bitumen,石油沥青,Hedge-position margin ratio,套保持仓交易保证金比例,0.11,0.11,0.1,0.1,bu2406,bu2406,1,1,16,16,0.0625,0.0625,single_contract,单一合约,0,0,0,0,Descriptive cluster only; it is not automatically classified as a notice-driven or causal policy event.,仅为描述性变更簇，不自动认定为公告驱动或因果政策事件。
v15_cluster_0018978,v15_cluster_0018978,20240507,20240507,BU,BU,Bitumen,石油沥青,Price-limit ratio,涨跌停板幅度,0.1,0.1,0.08,0.08,bu2405;bu2406;bu2407;bu2408;bu2409;bu2410;bu2411;bu2412;bu2501;bu2502;bu2503;bu2506;bu2509;bu2512;bu2603,bu2405;bu2406;bu2407;bu2408;bu2409;bu2410;bu2411;bu2412;bu2501;bu2502;bu2503;bu2506;bu2509;bu2512;bu2603,15,15,16,16,0.9375,0.9375,majority_of_active_contracts,覆盖当日多数活跃合约,1,1,0,0,Descriptive cluster only; it is not automatically classified as a notice-driven or causal policy event.,仅为描述性变更簇，不自动认定为公告驱动或因果政策事件。
v15_cluster_0018979,v15_cluster_0018979,20240507,20240507,BU,BU,Bitumen,石油沥青,Price-limit ratio,涨跌停板幅度,0.2,0.2,0.16,0.16,bu2504,bu2504,1,1,16,16,0.0625,0.0625,single_contract,单一合约,0,0,0,0,Descriptive cluster only; it is not automatically classified as a notice-driven or causal policy event.,仅为描述性变更簇，不自动认定为公告驱动或因果政策事件。
v15_cluster_0019032,v15_cluster_0019032,20240509,20240509,BU,BU,Bitumen,石油沥青,Price-limit ratio,涨跌停板幅度,0.16,0.16,0.08,0.08,bu2504,bu2504,1,1,16,16,0.0625,0.0625,single_contract,单一合约,0,0,0,0,Descriptive cluster only; it is not automatically classified as a notice-driven or causal policy event.,仅为描述性变更簇，不自动认定为公告驱动或因果政策事件。
v15_cluster_0019039,v15_cluster_0019039,20240513,20240513,AO,AO,Alumina,氧化铝,General-position margin ratio,一般持仓交易保证金比例,0.15,0.15,0.2,0.2,ao2405,ao2405,1,1,12,12,0.08333333333333333,0.08333333333333333,single_contract,单一合约,1,1,0,0,Descriptive cluster only; it is not automatically classified as a notice-driven or causal policy event.,仅为描述性变更簇，不自动认定为公告驱动或因果政策事件。
v15_cluster_0019040,v15_cluster_0019040,20240513,20240513,AO,AO,Alumina,氧化铝,Hedge-position margin ratio,套保持仓交易保证金比例,0.15,0.15,0.2,0.2,ao2405,ao2405,1,1,12,12,0.08333333333333333,0.08333333333333333,single_contract,单一合约,1,1,0,0,Descriptive cluster only; it is not automatically classified as a notice-driven or causal policy event.,仅为描述性变更簇，不自动认定为公告驱动或因果政策事件。
v15_cluster_0019047,v15_cluster_0019047,20240513,20240513,BU,BU,Bitumen,石油沥青,General-position margin ratio,一般持仓交易保证金比例,0.15,0.15,0.2,0.2,bu2405,bu2405,1,1,16,16,0.0625,0.0625,single_contract,单一合约,1,1,0,0,Descriptive cluster only; it is not automatically classified as a notice-driven or causal policy event.,仅为描述性变更簇，不自动认定为公告驱动或因果政策事件。
v15_cluster_0019048,v15_cluster_0019048,20240513,20240513,BU,BU,Bitumen,石油沥青,Hedge-position margin ratio,套保持仓交易保证金比例,0.15,0.15,0.2,0.2,bu2405,bu2405,1,1,16,16,0.0625,0.0625,single_contract,单一合约,1,1,0,0,Descriptive cluster only; it is not automatically classified as a notice-driven or causal policy event.,仅为描述性变更簇，不自动认定为公告驱动或因果政策事件。
v15_cluster_0019096,v15_cluster_0019096,20240517,20240517,AO,AO,Alumina,氧化铝,Price-limit ratio,涨跌停板幅度,0.14,0.14,0.07,0.07,ao2505,ao2505,1,1,12,12,0.08333333333333333,0.08333333333333333,single_contract,单一合约,0,0,0,0,Descriptive cluster only; it is not automatically classified as a notice-driven or causal policy event.,仅为描述性变更簇，不自动认定为公告驱动或因果政策事件。
v15_cluster_0019128,v15_cluster_0019128,20240527,20240527,BU,BU,Bitumen,石油沥青,Price-limit ratio,涨跌停板幅度,0.16,0.16,0.08,0.08,bu2505,bu2505,1,1,16,16,0.0625,0.0625,single_contract,单一合约,0,0,0,0,Descriptive cluster only; it is not automatically classified as a notice-driven or causal policy event.,仅为描述性变更簇，不自动认定为公告驱动或因果政策事件。
v15_cluster_0019142,v15_cluster_0019142,20240603,20240603,AO,AO,Alumina,氧化铝,General-position margin ratio,一般持仓交易保证金比例,0.09,0.09,0.1,0.1,ao2407,ao2407,1,1,12,12,0.08333333333333333,0.08333333333333333,single_contract,单一合约,0,0,0,0,Descriptive cluster only; it is not automatically classified as a notice-driven or causal policy event.,仅为描述性变更簇，不自动认定为公告驱动或因果政策事件。
v15_cluster_0019143,v15_cluster_0019143,20240603,20240603,AO,AO,Alumina,氧化铝,General-position margin ratio,一般持仓交易保证金比例,0.1,0.1,0.15,0.15,ao2406,ao2406,1,1,12,12,0.08333333333333333,0.08333333333333333,single_contract,单一合约,1,1,0,0,Descriptive cluster only; it is not automatically classified as a notice-driven or causal policy event.,仅为描述性变更簇，不自动认定为公告驱动或因果政策事件。
v15_cluster_0019144,v15_cluster_0019144,20240603,20240603,AO,AO,Alumina,氧化铝,Hedge-position margin ratio,套保持仓交易保证金比例,0.08,0.08,0.1,0.1,ao2407,ao2407,1,1,12,12,0.08333333333333333,0.08333333333333333,single_contract,单一合约,0,0,0,0,Descriptive cluster only; it is not automatically classified as a notice-driven or causal policy event.,仅为描述性变更簇，不自动认定为公告驱动或因果政策事件。
v15_cluster_0019145,v15_cluster_0019145,20240603,20240603,AO,AO,Alumina,氧化铝,Hedge-position margin ratio,套保持仓交易保证金比例,0.1,0.1,0.15,0.15,ao2406,ao2406,1,1,12,12,0.08333333333333333,0.08333333333333333,single_contract,单一合约,1,1,0,0,Descriptive cluster only; it is not automatically classified as a notice-driven or causal policy event.,仅为描述性变更簇，不自动认定为公告驱动或因果政策事件。
v15_cluster_0019154,v15_cluster_0019154,20240603,20240603,BU,BU,Bitumen,石油沥青,General-position margin ratio,一般持仓交易保证金比例,0.1,0.1,0.15,0.15,bu2406,bu2406,1,1,16,16,0.0625,0.0625,single_contract,单一合约,1,1,0,0,Descriptive cluster only; it is not automatically classified as a notice-driven or causal policy event.,仅为描述性变更簇，不自动认定为公告驱动或因果政策事件。
v15_cluster_0019155,v15_cluster_0019155,20240603,20240603,BU,BU,Bitumen,石油沥青,Hedge-position margin ratio,套保持仓交易保证金比例,0.09,0.09,0.1,0.1,bu2407,bu2407,1,1,16,16,0.0625,0.0625,single_contract,单一合约,0,0,0,0,Descriptive cluster only; it is not automatically classified as a notice-driven or causal policy event.,仅为描述性变更簇，不自动认定为公告驱动或因果政策事件。
v15_cluster_0019156,v15_cluster_0019156,20240603,20240603,BU,BU,Bitumen,石油沥青,Hedge-position margin ratio,套保持仓交易保证金比例,0.1,0.1,0.15,0.15,bu2406,bu2406,1,1,16,16,0.0625,0.0625,single_contract,单一合约,1,1,0,0,Descriptive cluster only; it is not automatically classified as a notice-driven or causal policy event.,仅为描述性变更簇，不自动认定为公告驱动或因果政策事件。
v15_cluster_0019217,v15_cluster_0019217,20240613,20240613,AO,AO,Alumina,氧化铝,General-position margin ratio,一般持仓交易保证金比例,0.15,0.15,0.2,0.2,ao2406,ao2406,1,1,12,12,0.08333333333333333,0.08333333333333333,single_contract,单一合约,1,1,0,0,Descriptive cluster only; it is not automatically classified as a notice-driven or causal policy event.,仅为描述性变更簇，不自动认定为公告驱动或因果政策事件。
v15_cluster_0019218,v15_cluster_0019218,20240613,20240613,AO,AO,Alumina,氧化铝,Hedge-position margin ratio,套保持仓交易保证金比例,0.15,0.15,0.2,0.2,ao2406,ao2406,1,1,12,12,0.08333333333333333,0.08333333333333333,single_contract,单一合约,1,1,0,0,Descriptive cluster only; it is not automatically classified as a notice-driven or causal policy event.,仅为描述性变更簇，不自动认定为公告驱动或因果政策事件。
v15_cluster_0019225,v15_cluster_0019225,20240613,20240613,BU,BU,Bitumen,石油沥青,General-position margin ratio,一般持仓交易保证金比例,0.15,0.15,0.2,0.2,bu2406,bu2406,1,1,16,16,0.0625,0.0625,single_contract,单一合约,1,1,0,0,Descriptive cluster only; it is not automatically classified as a notice-driven or causal policy event.,仅为描述性变更簇，不自动认定为公告驱动或因果政策事件。
v15_cluster_0019226,v15_cluster_0019226,20240613,20240613,BU,BU,Bitumen,石油沥青,Hedge-position margin ratio,套保持仓交易保证金比例,0.15,0.15,0.2,0.2,bu2406,bu2406,1,1,16,16,0.0625,0.0625,single_contract,单一合约,1,1,0,0,Descriptive cluster only; it is not automatically classified as a notice-driven or causal policy event.,仅为描述性变更簇，不自动认定为公告驱动或因果政策事件。
v15_cluster_0019258,v15_cluster_0019258,20240619,20240619,AO,AO,Alumina,氧化铝,Price-limit ratio,涨跌停板幅度,0.14,0.14,0.07,0.07,ao2506,ao2506,1,1,12,12,0.08333333333333333,0.08333333333333333,single_contract,单一合约,0,0,0,0,Descriptive cluster only; it is not automatically classified as a notice-driven or causal policy event.,仅为描述性变更簇，不自动认定为公告驱动或因果政策事件。
v15_cluster_0019268,v15_cluster_0019268,20240620,20240620,BU,BU,Bitumen,石油沥青,Price-limit ratio,涨跌停板幅度,0.16,0.16,0.08,0.08,bu2606,bu2606,1,1,16,16,0.0625,0.0625,single_contract,单一合约,0,0,0,0,Descriptive cluster only; it is not automatically classified as a notice-driven or causal policy event.,仅为描述性变更簇，不自动认定为公告驱动或因果政策事件。
v15_cluster_0019292,v15_cluster_0019292,20240701,20240701,AO,AO,Alumina,氧化铝,General-position margin ratio,一般持仓交易保证金比例,0.09,0.09,0.1,0.1,ao2408,ao2408,1,1,12,12,0.08333333333333333,0.08333333333333333,single_contract,单一合约,0,0,0,0,Descriptive cluster only; it is not automatically classified as a notice-driven or causal policy event.,仅为描述性变更簇，不自动认定为公告驱动或因果政策事件。
v15_cluster_0019293,v15_cluster_0019293,20240701,20240701,AO,AO,Alumina,氧化铝,General-position margin ratio,一般持仓交易保证金比例,0.1,0.1,0.15,0.15,ao2407,ao2407,1,1,12,12,0.08333333333333333,0.08333333333333333,single_contract,单一合约,1,1,0,0,Descriptive cluster only; it is not automatically classified as a notice-driven or causal policy event.,仅为描述性变更簇，不自动认定为公告驱动或因果政策事件。
v15_cluster_0019294,v15_cluster_0019294,20240701,20240701,AO,AO,Alumina,氧化铝,Hedge-position margin ratio,套保持仓交易保证金比例,0.08,0.08,0.1,0.1,ao2408,ao2408,1,1,12,12,0.08333333333333333,0.08333333333333333,single_contract,单一合约,0,0,0,0,Descriptive cluster only; it is not automatically classified as a notice-driven or causal policy event.,仅为描述性变更簇，不自动认定为公告驱动或因果政策事件。
v15_cluster_0019295,v15_cluster_0019295,20240701,20240701,AO,AO,Alumina,氧化铝,Hedge-position margin ratio,套保持仓交易保证金比例,0.1,0.1,0.15,0.15,ao2407,ao2407,1,1,12,12,0.08333333333333333,0.08333333333333333,single_contract,单一合约,1,1,0,0,Descriptive cluster only; it is not automatically classified as a notice-driven or causal policy event.,仅为描述性变更簇，不自动认定为公告驱动或因果政策事件。
v15_cluster_0019304,v15_cluster_0019304,20240701,20240701,BU,BU,Bitumen,石油沥青,General-position margin ratio,一般持仓交易保证金比例,0.1,0.1,0.15,0.15,bu2407,bu2407,1,1,16,16,0.0625,0.0625,single_contract,单一合约,1,1,0,0,Descriptive cluster only; it is not automatically classified as a notice-driven or causal policy event.,仅为描述性变更簇，不自动认定为公告驱动或因果政策事件。
v15_cluster_0019305,v15_cluster_0019305,20240701,20240701,BU,BU,Bitumen,石油沥青,Hedge-position margin ratio,套保持仓交易保证金比例,0.09,0.09,0.1,0.1,bu2408,bu2408,1,1,16,16,0.0625,0.0625,single_contract,单一合约,0,0,0,0,Descriptive cluster only; it is not automatically classified as a notice-driven or causal policy event.,仅为描述性变更簇，不自动认定为公告驱动或因果政策事件。
v15_cluster_0019306,v15_cluster_0019306,20240701,20240701,BU,BU,Bitumen,石油沥青,Hedge-position margin ratio,套保持仓交易保证金比例,0.1,0.1,0.15,0.15,bu2407,bu2407,1,1,16,16,0.0625,0.0625,single_contract,单一合约,1,1,0,0,Descriptive cluster only; it is not automatically classified as a notice-driven or causal policy event.,仅为描述性变更簇，不自动认定为公告驱动或因果政策事件。
v15_cluster_0019373,v15_cluster_0019373,20240711,20240711,AO,AO,Alumina,氧化铝,General-position margin ratio,一般持仓交易保证金比例,0.15,0.15,0.2,0.2,ao2407,ao2407,1,1,12,12,0.08333333333333333,0.08333333333333333,single_contract,单一合约,1,1,0,0,Descriptive cluster only; it is not automatically classified as a notice-driven or causal policy event.,仅为描述性变更簇，不自动认定为公告驱动或因果政策事件。
v15_cluster_0019374,v15_cluster_0019374,20240711,20240711,AO,AO,Alumina,氧化铝,Hedge-position margin ratio,套保持仓交易保证金比例,0.15,0.15,0.2,0.2,ao2407,ao2407,1,1,12,12,0.08333333333333333,0.08333333333333333,single_contract,单一合约,1,1,0,0,Descriptive cluster only; it is not automatically classified as a notice-driven or causal policy event.,仅为描述性变更簇，不自动认定为公告驱动或因果政策事件。
v15_cluster_0019381,v15_cluster_0019381,20240711,20240711,BU,BU,Bitumen,石油沥青,General-position margin ratio,一般持仓交易保证金比例,0.15,0.15,0.2,0.2,bu2407,bu2407,1,1,16,16,0.0625,0.0625,single_contract,单一合约,1,1,0,0,Descriptive cluster only; it is not automatically classified as a notice-driven or causal policy event.,仅为描述性变更簇，不自动认定为公告驱动或因果政策事件。
v15_cluster_0019382,v15_cluster_0019382,20240711,20240711,BU,BU,Bitumen,石油沥青,Hedge-position margin ratio,套保持仓交易保证金比例,0.15,0.15,0.2,0.2,bu2407,bu2407,1,1,16,16,0.0625,0.0625,single_contract,单一合约,1,1,0,0,Descriptive cluster only; it is not automatically classified as a notice-driven or causal policy event.,仅为描述性变更簇，不自动认定为公告驱动或因果政策事件。
v15_cluster_0019418,v15_cluster_0019418,20240717,20240717,AO,AO,Alumina,氧化铝,Price-limit ratio,涨跌停板幅度,0.14,0.14,0.07,0.07,ao2507,ao2507,1,1,12,12,0.08333333333333333,0.08333333333333333,single_contract,单一合约,0,0,0,0,Descriptive cluster only; it is not automatically classified as a notice-driven or causal policy event.,仅为描述性变更簇，不自动认定为公告驱动或因果政策事件。
v15_cluster_0019431,v15_cluster_0019431,20240726,20240726,BU,BU,Bitumen,石油沥青,Price-limit ratio,涨跌停板幅度,0.16,0.16,0.08,0.08,bu2507,bu2507,1,1,16,16,0.0625,0.0625,single_contract,单一合约,0,0,0,0,Descriptive cluster only; it is not automatically classified as a notice-driven or causal policy event.,仅为描述性变更簇，不自动认定为公告驱动或因果政策事件。
v15_cluster_0019450,v15_cluster_0019450,20240801,20240801,AO,AO,Alumina,氧化铝,General-position margin ratio,一般持仓交易保证金比例,0.09,0.09,0.1,0.1,ao2409,ao2409,1,1,12,12,0.08333333333333333,0.08333333333333333,single_contract,单一合约,0,0,0,0,Descriptive cluster only; it is not automatically classified as a notice-driven or causal policy event.,仅为描述性变更簇，不自动认定为公告驱动或因果政策事件。
v15_cluster_0019451,v15_cluster_0019451,20240801,20240801,AO,AO,Alumina,氧化铝,General-position margin ratio,一般持仓交易保证金比例,0.1,0.1,0.15,0.15,ao2408,ao2408,1,1,12,12,0.08333333333333333,0.08333333333333333,single_contract,单一合约,1,1,0,0,Descriptive cluster only; it is not automatically classified as a notice-driven or causal policy event.,仅为描述性变更簇，不自动认定为公告驱动或因果政策事件。
v15_cluster_0019452,v15_cluster_0019452,20240801,20240801,AO,AO,Alumina,氧化铝,Hedge-position margin ratio,套保持仓交易保证金比例,0.08,0.08,0.1,0.1,ao2409,ao2409,1,1,12,12,0.08333333333333333,0.08333333333333333,single_contract,单一合约,0,0,0,0,Descriptive cluster only; it is not automatically classified as a notice-driven or causal policy event.,仅为描述性变更簇，不自动认定为公告驱动或因果政策事件。
v15_cluster_0019453,v15_cluster_0019453,20240801,20240801,AO,AO,Alumina,氧化铝,Hedge-position margin ratio,套保持仓交易保证金比例,0.1,0.1,0.15,0.15,ao2408,ao2408,1,1,12,12,0.08333333333333333,0.08333333333333333,single_contract,单一合约,1,1,0,0,Descriptive cluster only; it is not automatically classified as a notice-driven or causal policy event.,仅为描述性变更簇，不自动认定为公告驱动或因果政策事件。
v15_cluster_0019462,v15_cluster_0019462,20240801,20240801,BU,BU,Bitumen,石油沥青,General-position margin ratio,一般持仓交易保证金比例,0.1,0.1,0.15,0.15,bu2408,bu2408,1,1,16,16,0.0625,0.0625,single_contract,单一合约,1,1,0,0,Descriptive cluster only; it is not automatically classified as a notice-driven or causal policy event.,仅为描述性变更簇，不自动认定为公告驱动或因果政策事件。
v15_cluster_0019463,v15_cluster_0019463,20240801,20240801,BU,BU,Bitumen,石油沥青,Hedge-position margin ratio,套保持仓交易保证金比例,0.09,0.09,0.1,0.1,bu2409,bu2409,1,1,16,16,0.0625,0.0625,single_contract,单一合约,0,0,0,0,Descriptive cluster only; it is not automatically classified as a notice-driven or causal policy event.,仅为描述性变更簇，不自动认定为公告驱动或因果政策事件。
v15_cluster_0019464,v15_cluster_0019464,20240801,20240801,BU,BU,Bitumen,石油沥青,Hedge-position margin ratio,套保持仓交易保证金比例,0.1,0.1,0.15,0.15,bu2408,bu2408,1,1,16,16,0.0625,0.0625,single_contract,单一合约,1,1,0,0,Descriptive cluster only; it is not automatically classified as a notice-driven or causal policy event.,仅为描述性变更簇，不自动认定为公告驱动或因果政策事件。
v15_cluster_0019523,v15_cluster_0019523,20240813,20240813,AO,AO,Alumina,氧化铝,General-position margin ratio,一般持仓交易保证金比例,0.15,0.15,0.2,0.2,ao2408,ao2408,1,1,12,12,0.08333333333333333,0.08333333333333333,single_contract,单一合约,1,1,0,0,Descriptive cluster only; it is not automatically classified as a notice-driven or causal policy event.,仅为描述性变更簇，不自动认定为公告驱动或因果政策事件。
v15_cluster_0019524,v15_cluster_0019524,20240813,20240813,AO,AO,Alumina,氧化铝,Hedge-position margin ratio,套保持仓交易保证金比例,0.15,0.15,0.2,0.2,ao2408,ao2408,1,1,12,12,0.08333333333333333,0.08333333333333333,single_contract,单一合约,1,1,0,0,Descriptive cluster only; it is not automatically classified as a notice-driven or causal policy event.,仅为描述性变更簇，不自动认定为公告驱动或因果政策事件。
v15_cluster_0019531,v15_cluster_0019531,20240813,20240813,BU,BU,Bitumen,石油沥青,General-position margin ratio,一般持仓交易保证金比例,0.15,0.15,0.2,0.2,bu2408,bu2408,1,1,16,16,0.0625,0.0625,single_contract,单一合约,1,1,0,0,Descriptive cluster only; it is not automatically classified as a notice-driven or causal policy event.,仅为描述性变更簇，不自动认定为公告驱动或因果政策事件。
v15_cluster_0019532,v15_cluster_0019532,20240813,20240813,BU,BU,Bitumen,石油沥青,Hedge-position margin ratio,套保持仓交易保证金比例,0.15,0.15,0.2,0.2,bu2408,bu2408,1,1,16,16,0.0625,0.0625,single_contract,单一合约,1,1,0,0,Descriptive cluster only; it is not automatically classified as a notice-driven or causal policy event.,仅为描述性变更簇，不自动认定为公告驱动或因果政策事件。
v15_cluster_0019564,v15_cluster_0019564,20240819,20240819,AO,AO,Alumina,氧化铝,Price-limit ratio,涨跌停板幅度,0.14,0.14,0.07,0.07,ao2508,ao2508,1,1,12,12,0.08333333333333333,0.08333333333333333,single_contract,单一合约,0,0,0,0,Descriptive cluster only; it is not automatically classified as a notice-driven or causal policy event.,仅为描述性变更簇，不自动认定为公告驱动或因果政策事件。
v15_cluster_0019588,v15_cluster_0019588,20240828,20240828,BU,BU,Bitumen,石油沥青,Price-limit ratio,涨跌停板幅度,0.16,0.16,0.08,0.08,bu2508,bu2508,1,1,16,16,0.0625,0.0625,single_contract,单一合约,0,0,0,0,Descriptive cluster only; it is not automatically classified as a notice-driven or causal policy event.,仅为描述性变更簇，不自动认定为公告驱动或因果政策事件。
v15_cluster_0019602,v15_cluster_0019602,20240902,20240902,AO,AO,Alumina,氧化铝,General-position margin ratio,一般持仓交易保证金比例,0.09,0.09,0.1,0.1,ao2410,ao2410,1,1,12,12,0.08333333333333333,0.08333333333333333,single_contract,单一合约,0,0,0,0,Descriptive cluster only; it is not automatically classified as a notice-driven or causal policy event.,仅为描述性变更簇，不自动认定为公告驱动或因果政策事件。
v15_cluster_0019603,v15_cluster_0019603,20240902,20240902,AO,AO,Alumina,氧化铝,General-position margin ratio,一般持仓交易保证金比例,0.1,0.1,0.15,0.15,ao2409,ao2409,1,1,12,12,0.08333333333333333,0.08333333333333333,single_contract,单一合约,1,1,0,0,Descriptive cluster only; it is not automatically classified as a notice-driven or causal policy event.,仅为描述性变更簇，不自动认定为公告驱动或因果政策事件。
v15_cluster_0019604,v15_cluster_0019604,20240902,20240902,AO,AO,Alumina,氧化铝,Hedge-position margin ratio,套保持仓交易保证金比例,0.08,0.08,0.1,0.1,ao2410,ao2410,1,1,12,12,0.08333333333333333,0.08333333333333333,single_contract,单一合约,0,0,0,0,Descriptive cluster only; it is not automatically classified as a notice-driven or causal policy event.,仅为描述性变更簇，不自动认定为公告驱动或因果政策事件。
v15_cluster_0019605,v15_cluster_0019605,20240902,20240902,AO,AO,Alumina,氧化铝,Hedge-position margin ratio,套保持仓交易保证金比例,0.1,0.1,0.15,0.15,ao2409,ao2409,1,1,12,12,0.08333333333333333,0.08333333333333333,single_contract,单一合约,1,1,0,0,Descriptive cluster only; it is not automatically classified as a notice-driven or causal policy event.,仅为描述性变更簇，不自动认定为公告驱动或因果政策事件。
v15_cluster_0019614,v15_cluster_0019614,20240902,20240902,BU,BU,Bitumen,石油沥青,General-position margin ratio,一般持仓交易保证金比例,0.1,0.1,0.15,0.15,bu2409,bu2409,1,1,16,16,0.0625,0.0625,single_contract,单一合约,1,1,0,0,Descriptive cluster only; it is not automatically classified as a notice-driven or causal policy event.,仅为描述性变更簇，不自动认定为公告驱动或因果政策事件。
v15_cluster_0019615,v15_cluster_0019615,20240902,20240902,BU,BU,Bitumen,石油沥青,Hedge-position margin ratio,套保持仓交易保证金比例,0.09,0.09,0.1,0.1,bu2410,bu2410,1,1,16,16,0.0625,0.0625,single_contract,单一合约,0,0,0,0,Descriptive cluster only; it is not automatically classified as a notice-driven or causal policy event.,仅为描述性变更簇，不自动认定为公告驱动或因果政策事件。
v15_cluster_0019616,v15_cluster_0019616,20240902,20240902,BU,BU,Bitumen,石油沥青,Hedge-position margin ratio,套保持仓交易保证金比例,0.1,0.1,0.15,0.15,bu2409,bu2409,1,1,16,16,0.0625,0.0625,single_contract,单一合约,1,1,0,0,Descriptive cluster only; it is not automatically classified as a notice-driven or causal policy event.,仅为描述性变更簇，不自动认定为公告驱动或因果政策事件。
v15_cluster_0019671,v15_cluster_0019671,20240912,20240912,AO,AO,Alumina,氧化铝,General-position margin ratio,一般持仓交易保证金比例,0.15,0.15,0.2,0.2,ao2409,ao2409,1,1,12,12,0.08333333333333333,0.08333333333333333,single_contract,单一合约,1,1,0,0,Descriptive cluster only; it is not automatically classified as a notice-driven or causal policy event.,仅为描述性变更簇，不自动认定为公告驱动或因果政策事件。
v15_cluster_0019672,v15_cluster_0019672,20240912,20240912,AO,AO,Alumina,氧化铝,Hedge-position margin ratio,套保持仓交易保证金比例,0.15,0.15,0.2,0.2,ao2409,ao2409,1,1,12,12,0.08333333333333333,0.08333333333333333,single_contract,单一合约,1,1,0,0,Descriptive cluster only; it is not automatically classified as a notice-driven or causal policy event.,仅为描述性变更簇，不自动认定为公告驱动或因果政策事件。
v15_cluster_0019679,v15_cluster_0019679,20240912,20240912,BU,BU,Bitumen,石油沥青,General-position margin ratio,一般持仓交易保证金比例,0.15,0.15,0.2,0.2,bu2409,bu2409,1,1,16,16,0.0625,0.0625,single_contract,单一合约,1,1,0,0,Descriptive cluster only; it is not automatically classified as a notice-driven or causal policy event.,仅为描述性变更簇，不自动认定为公告驱动或因果政策事件。
v15_cluster_0019680,v15_cluster_0019680,20240912,20240912,BU,BU,Bitumen,石油沥青,Hedge-position margin ratio,套保持仓交易保证金比例,0.15,0.15,0.2,0.2,bu2409,bu2409,1,1,16,16,0.0625,0.0625,single_contract,单一合约,1,1,0,0,Descriptive cluster only; it is not automatically classified as a notice-driven or causal policy event.,仅为描述性变更簇，不自动认定为公告驱动或因果政策事件。
v15_cluster_0019743,v15_cluster_0019743,20240920,20240920,AO,AO,Alumina,氧化铝,Price-limit ratio,涨跌停板幅度,0.14,0.14,0.07,0.07,ao2509,ao2509,1,1,12,12,0.08333333333333333,0.08333333333333333,single_contract,单一合约,0,0,0,0,Descriptive cluster only; it is not automatically classified as a notice-driven or causal policy event.,仅为描述性变更簇，不自动认定为公告驱动或因果政策事件。
v15_cluster_0019757,v15_cluster_0019757,20240923,20240923,BU,BU,Bitumen,石油沥青,Price-limit ratio,涨跌停板幅度,0.16,0.16,0.08,0.08,bu2609,bu2609,1,1,16,16,0.0625,0.0625,single_contract,单一合约,0,0,0,0,Descriptive cluster only; it is not automatically classified as a notice-driven or causal policy event.,仅为描述性变更簇，不自动认定为公告驱动或因果政策事件。
v15_cluster_0019781,v15_cluster_0019781,20240930,20240930,AO,AO,Alumina,氧化铝,General-position margin ratio,一般持仓交易保证金比例,0.09,0.09,0.1,0.1,ao2411;ao2412;ao2501;ao2502;ao2503;ao2504;ao2505;ao2506;ao2507;ao2508;ao2509,ao2411;ao2412;ao2501;ao2502;ao2503;ao2504;ao2505;ao2506;ao2507;ao2508;ao2509,11,11,12,12,0.9166666666666666,0.9166666666666666,majority_of_active_contracts,覆盖当日多数活跃合约,0,0,0,0,Descriptive cluster only; it is not automatically classified as a notice-driven or causal policy event.,仅为描述性变更簇，不自动认定为公告驱动或因果政策事件。
v15_cluster_0019782,v15_cluster_0019782,20240930,20240930,AO,AO,Alumina,氧化铝,Hedge-position margin ratio,套保持仓交易保证金比例,0.08,0.08,0.09,0.09,ao2411;ao2412;ao2501;ao2502;ao2503;ao2504;ao2505;ao2506;ao2507;ao2508;ao2509,ao2411;ao2412;ao2501;ao2502;ao2503;ao2504;ao2505;ao2506;ao2507;ao2508;ao2509,11,11,12,12,0.9166666666666666,0.9166666666666666,majority_of_active_contracts,覆盖当日多数活跃合约,0,0,0,0,Descriptive cluster only; it is not automatically classified as a notice-driven or causal policy event.,仅为描述性变更簇，不自动认定为公告驱动或因果政策事件。
v15_cluster_0019783,v15_cluster_0019783,20240930,20240930,AO,AO,Alumina,氧化铝,Price-limit ratio,涨跌停板幅度,0.07,0.07,0.08,0.08,ao2410;ao2411;ao2412;ao2501;ao2502;ao2503;ao2504;ao2505;ao2506;ao2507;ao2508;ao2509,ao2410;ao2411;ao2412;ao2501;ao2502;ao2503;ao2504;ao2505;ao2506;ao2507;ao2508;ao2509,12,12,12,12,1.0,1.0,all_active_contracts,覆盖当日全部活跃合约,1,1,0,0,Descriptive cluster only; it is not automatically classified as a notice-driven or causal policy event.,仅为描述性变更簇，不自动认定为公告驱动或因果政策事件。
v15_cluster_0019788,v15_cluster_0019788,20240930,20240930,BU,BU,Bitumen,石油沥青,General-position margin ratio,一般持仓交易保证金比例,0.1,0.1,0.12,0.12,bu2410;bu2411;bu2412;bu2501;bu2502;bu2503;bu2504;bu2505;bu2506;bu2507;bu2508;bu2509;bu2512;bu2603;bu2606;bu2609,bu2410;bu2411;bu2412;bu2501;bu2502;bu2503;bu2504;bu2505;bu2506;bu2507;bu2508;bu2509;bu2512;bu2603;bu2606;bu2609,16,16,16,16,1.0,1.0,all_active_contracts,覆盖当日全部活跃合约,1,1,0,0,Descriptive cluster only; it is not automatically classified as a notice-driven or causal policy event.,仅为描述性变更簇，不自动认定为公告驱动或因果政策事件。
v15_cluster_0019789,v15_cluster_0019789,20240930,20240930,BU,BU,Bitumen,石油沥青,Hedge-position margin ratio,套保持仓交易保证金比例,0.09,0.09,0.11,0.11,bu2411;bu2412;bu2501;bu2502;bu2503;bu2504;bu2505;bu2506;bu2507;bu2508;bu2509;bu2512;bu2603;bu2606;bu2609,bu2411;bu2412;bu2501;bu2502;bu2503;bu2504;bu2505;bu2506;bu2507;bu2508;bu2509;bu2512;bu2603;bu2606;bu2609,15,15,16,16,0.9375,0.9375,majority_of_active_contracts,覆盖当日多数活跃合约,0,0,0,0,Descriptive cluster only; it is not automatically classified as a notice-driven or causal policy event.,仅为描述性变更簇，不自动认定为公告驱动或因果政策事件。
v15_cluster_0019790,v15_cluster_0019790,20240930,20240930,BU,BU,Bitumen,石油沥青,Hedge-position margin ratio,套保持仓交易保证金比例,0.1,0.1,0.11,0.11,bu2410,bu2410,1,1,16,16,0.0625,0.0625,single_contract,单一合约,1,1,0,0,Descriptive cluster only; it is not automatically classified as a notice-driven or causal policy event.,仅为描述性变更簇，不自动认定为公告驱动或因果政策事件。
v15_cluster_0019791,v15_cluster_0019791,20240930,20240930,BU,BU,Bitumen,石油沥青,Price-limit ratio,涨跌停板幅度,0.08,0.08,0.1,0.1,bu2410;bu2411;bu2412;bu2501;bu2502;bu2503;bu2504;bu2505;bu2506;bu2507;bu2508;bu2509;bu2512;bu2603;bu2606;bu2609,bu2410;bu2411;bu2412;bu2501;bu2502;bu2503;bu2504;bu2505;bu2506;bu2507;bu2508;bu2509;bu2512;bu2603;bu2606;bu2609,16,16,16,16,1.0,1.0,all_active_contracts,覆盖当日全部活跃合约,1,1,0,0,Descriptive cluster only; it is not automatically classified as a notice-driven or causal policy event.,仅为描述性变更簇，不自动认定为公告驱动或因果政策事件。
v15_cluster_0019838,v15_cluster_0019838,20241008,20241008,AO,AO,Alumina,氧化铝,General-position margin ratio,一般持仓交易保证金比例,0.1,0.1,0.15,0.15,ao2410,ao2410,1,1,12,12,0.08333333333333333,0.08333333333333333,single_contract,单一合约,1,1,0,0,Descriptive cluster only; it is not automatically classified as a notice-driven or causal policy event.,仅为描述性变更簇，不自动认定为公告驱动或因果政策事件。
v15_cluster_0019839,v15_cluster_0019839,20241008,20241008,AO,AO,Alumina,氧化铝,Hedge-position margin ratio,套保持仓交易保证金比例,0.09,0.09,0.1,0.1,ao2411,ao2411,1,1,12,12,0.08333333333333333,0.08333333333333333,single_contract,单一合约,0,0,0,0,Descriptive cluster only; it is not automatically classified as a notice-driven or causal policy event.,仅为描述性变更簇，不自动认定为公告驱动或因果政策事件。
v15_cluster_0019840,v15_cluster_0019840,20241008,20241008,AO,AO,Alumina,氧化铝,Hedge-position margin ratio,套保持仓交易保证金比例,0.1,0.1,0.15,0.15,ao2410,ao2410,1,1,12,12,0.08333333333333333,0.08333333333333333,single_contract,单一合约,1,1,0,0,Descriptive cluster only; it is not automatically classified as a notice-driven or causal policy event.,仅为描述性变更簇，不自动认定为公告驱动或因果政策事件。
v15_cluster_0019848,v15_cluster_0019848,20241008,20241008,BU,BU,Bitumen,石油沥青,General-position margin ratio,一般持仓交易保证金比例,0.12,0.12,0.15,0.15,bu2410,bu2410,1,1,16,16,0.0625,0.0625,single_contract,单一合约,1,1,0,0,Descriptive cluster only; it is not automatically classified as a notice-driven or causal policy event.,仅为描述性变更簇，不自动认定为公告驱动或因果政策事件。
v15_cluster_0019849,v15_cluster_0019849,20241008,20241008,BU,BU,Bitumen,石油沥青,Hedge-position margin ratio,套保持仓交易保证金比例,0.11,0.11,0.15,0.15,bu2410,bu2410,1,1,16,16,0.0625,0.0625,single_contract,单一合约,1,1,0,0,Descriptive cluster only; it is not automatically classified as a notice-driven or causal policy event.,仅为描述性变更簇，不自动认定为公告驱动或因果政策事件。
v15_cluster_0019897,v15_cluster_0019897,20241009,20241009,AO,AO,Alumina,氧化铝,General-position margin ratio,一般持仓交易保证金比例,0.1,0.1,0.09,0.09,ao2412;ao2501;ao2502;ao2503;ao2504;ao2505;ao2506;ao2507;ao2508;ao2509,ao2412;ao2501;ao2502;ao2503;ao2504;ao2505;ao2506;ao2507;ao2508;ao2509,10,10,12,12,0.8333333333333334,0.8333333333333334,majority_of_active_contracts,覆盖当日多数活跃合约,0,0,0,0,Descriptive cluster only; it is not automatically classified as a notice-driven or causal policy event.,仅为描述性变更簇，不自动认定为公告驱动或因果政策事件。
v15_cluster_0019898,v15_cluster_0019898,20241009,20241009,AO,AO,Alumina,氧化铝,Hedge-position margin ratio,套保持仓交易保证金比例,0.09,0.09,0.08,0.08,ao2412;ao2501;ao2502;ao2503;ao2504;ao2505;ao2506;ao2507;ao2508;ao2509,ao2412;ao2501;ao2502;ao2503;ao2504;ao2505;ao2506;ao2507;ao2508;ao2509,10,10,12,12,0.8333333333333334,0.8333333333333334,majority_of_active_contracts,覆盖当日多数活跃合约,0,0,0,0,Descriptive cluster only; it is not automatically classified as a notice-driven or causal policy event.,仅为描述性变更簇，不自动认定为公告驱动或因果政策事件。
v15_cluster_0019899,v15_cluster_0019899,20241009,20241009,AO,AO,Alumina,氧化铝,Price-limit ratio,涨跌停板幅度,0.08,0.08,0.07,0.07,ao2410;ao2411;ao2412;ao2501;ao2502;ao2503;ao2504;ao2505;ao2506;ao2507;ao2508;ao2509,ao2410;ao2411;ao2412;ao2501;ao2502;ao2503;ao2504;ao2505;ao2506;ao2507;ao2508;ao2509,12,12,12,12,1.0,1.0,all_active_contracts,覆盖当日全部活跃合约,1,1,0,0,Descriptive cluster only; it is not automatically classified as a notice-driven or causal policy event.,仅为描述性变更簇，不自动认定为公告驱动或因果政策事件。
v15_cluster_0019909,v15_cluster_0019909,20241009,20241009,BU,BU,Bitumen,石油沥青,General-position margin ratio,一般持仓交易保证金比例,0.12,0.12,0.09,0.09,bu2412;bu2501;bu2502;bu2503;bu2504;bu2505;bu2506;bu2507;bu2508;bu2509;bu2512;bu2603;bu2606;bu2609,bu2412;bu2501;bu2502;bu2503;bu2504;bu2505;bu2506;bu2507;bu2508;bu2509;bu2512;bu2603;bu2606;bu2609,14,14,16,16,0.875,0.875,majority_of_active_contracts,覆盖当日多数活跃合约,0,0,0,0,Descriptive cluster only; it is not automatically classified as a notice-driven or causal policy event.,仅为描述性变更簇，不自动认定为公告驱动或因果政策事件。
v15_cluster_0019910,v15_cluster_0019910,20241009,20241009,BU,BU,Bitumen,石油沥青,General-position margin ratio,一般持仓交易保证金比例,0.12,0.12,0.1,0.1,bu2411,bu2411,1,1,16,16,0.0625,0.0625,single_contract,单一合约,0,0,0,0,Descriptive cluster only; it is not automatically classified as a notice-driven or causal policy event.,仅为描述性变更簇，不自动认定为公告驱动或因果政策事件。
v15_cluster_0019911,v15_cluster_0019911,20241009,20241009,BU,BU,Bitumen,石油沥青,Hedge-position margin ratio,套保持仓交易保证金比例,0.11,0.11,0.08,0.08,bu2412;bu2501;bu2502;bu2503;bu2504;bu2505;bu2506;bu2507;bu2508;bu2509;bu2512;bu2603;bu2606;bu2609,bu2412;bu2501;bu2502;bu2503;bu2504;bu2505;bu2506;bu2507;bu2508;bu2509;bu2512;bu2603;bu2606;bu2609,14,14,16,16,0.875,0.875,majority_of_active_contracts,覆盖当日多数活跃合约,0,0,0,0,Descriptive cluster only; it is not automatically classified as a notice-driven or causal policy event.,仅为描述性变更簇，不自动认定为公告驱动或因果政策事件。
v15_cluster_0019912,v15_cluster_0019912,20241009,20241009,BU,BU,Bitumen,石油沥青,Hedge-position margin ratio,套保持仓交易保证金比例,0.11,0.11,0.1,0.1,bu2411,bu2411,1,1,16,16,0.0625,0.0625,single_contract,单一合约,0,0,0,0,Descriptive cluster only; it is not automatically classified as a notice-driven or causal policy event.,仅为描述性变更簇，不自动认定为公告驱动或因果政策事件。
v15_cluster_0019913,v15_cluster_0019913,20241009,20241009,BU,BU,Bitumen,石油沥青,Price-limit ratio,涨跌停板幅度,0.1,0.1,0.07,0.07,bu2410;bu2411;bu2412;bu2501;bu2502;bu2503;bu2504;bu2505;bu2506;bu2507;bu2508;bu2509;bu2512;bu2603;bu2606;bu2609,bu2410;bu2411;bu2412;bu2501;bu2502;bu2503;bu2504;bu2505;bu2506;bu2507;bu2508;bu2509;bu2512;bu2603;bu2606;bu2609,16,16,16,16,1.0,1.0,all_active_contracts,覆盖当日全部活跃合约,1,1,0,0,Descriptive cluster only; it is not automatically classified as a notice-driven or causal policy event.,仅为描述性变更簇，不自动认定为公告驱动或因果政策事件。
v15_cluster_0019999,v15_cluster_0019999,20241011,20241011,AO,AO,Alumina,氧化铝,General-position margin ratio,一般持仓交易保证金比例,0.15,0.15,0.2,0.2,ao2410,ao2410,1,1,12,12,0.08333333333333333,0.08333333333333333,single_contract,单一合约,1,1,0,0,Descriptive cluster only; it is not automatically classified as a notice-driven or causal policy event.,仅为描述性变更簇，不自动认定为公告驱动或因果政策事件。
v15_cluster_0020000,v15_cluster_0020000,20241011,20241011,AO,AO,Alumina,氧化铝,Hedge-position margin ratio,套保持仓交易保证金比例,0.15,0.15,0.2,0.2,ao2410,ao2410,1,1,12,12,0.08333333333333333,0.08333333333333333,single_contract,单一合约,1,1,0,0,Descriptive cluster only; it is not automatically classified as a notice-driven or causal policy event.,仅为描述性变更簇，不自动认定为公告驱动或因果政策事件。
v15_cluster_0020007,v15_cluster_0020007,20241011,20241011,BU,BU,Bitumen,石油沥青,General-position margin ratio,一般持仓交易保证金比例,0.15,0.15,0.2,0.2,bu2410,bu2410,1,1,16,16,0.0625,0.0625,single_contract,单一合约,1,1,0,0,Descriptive cluster only; it is not automatically classified as a notice-driven or causal policy event.,仅为描述性变更簇，不自动认定为公告驱动或因果政策事件。
v15_cluster_0020008,v15_cluster_0020008,20241011,20241011,BU,BU,Bitumen,石油沥青,Hedge-position margin ratio,套保持仓交易保证金比例,0.15,0.15,0.2,0.2,bu2410,bu2410,1,1,16,16,0.0625,0.0625,single_contract,单一合约,1,1,0,0,Descriptive cluster only; it is not automatically classified as a notice-driven or causal policy event.,仅为描述性变更簇，不自动认定为公告驱动或因果政策事件。
v15_cluster_0020072,v15_cluster_0020072,20241017,20241017,AO,AO,Alumina,氧化铝,Price-limit ratio,涨跌停板幅度,0.14,0.14,0.07,0.07,ao2510,ao2510,1,1,12,12,0.08333333333333333,0.08333333333333333,single_contract,单一合约,0,0,0,0,Descriptive cluster only; it is not automatically classified as a notice-driven or causal policy event.,仅为描述性变更簇，不自动认定为公告驱动或因果政策事件。
v15_cluster_0020084,v15_cluster_0020084,20241018,20241018,AO,AO,Alumina,氧化铝,General-position margin ratio,一般持仓交易保证金比例,0.09,0.09,0.1,0.1,ao2412;ao2501;ao2502;ao2503;ao2504;ao2505;ao2506;ao2507;ao2508;ao2509;ao2510,ao2412;ao2501;ao2502;ao2503;ao2504;ao2505;ao2506;ao2507;ao2508;ao2509;ao2510,11,11,12,12,0.9166666666666666,0.9166666666666666,majority_of_active_contracts,覆盖当日多数活跃合约,0,0,0,0,Descriptive cluster only; it is not automatically classified as a notice-driven or causal policy event.,仅为描述性变更簇，不自动认定为公告驱动或因果政策事件。
v15_cluster_0020085,v15_cluster_0020085,20241018,20241018,AO,AO,Alumina,氧化铝,Hedge-position margin ratio,套保持仓交易保证金比例,0.08,0.08,0.09,0.09,ao2412;ao2501;ao2502;ao2503;ao2504;ao2505;ao2506;ao2507;ao2508;ao2509;ao2510,ao2412;ao2501;ao2502;ao2503;ao2504;ao2505;ao2506;ao2507;ao2508;ao2509;ao2510,11,11,12,12,0.9166666666666666,0.9166666666666666,majority_of_active_contracts,覆盖当日多数活跃合约,0,0,0,0,Descriptive cluster only; it is not automatically classified as a notice-driven or causal policy event.,仅为描述性变更簇，不自动认定为公告驱动或因果政策事件。
v15_cluster_0020086,v15_cluster_0020086,20241018,20241018,AO,AO,Alumina,氧化铝,Price-limit ratio,涨跌停板幅度,0.07,0.07,0.08,0.08,ao2411;ao2412;ao2501;ao2502;ao2503;ao2504;ao2505;ao2506;ao2507;ao2508;ao2509;ao2510,ao2411;ao2412;ao2501;ao2502;ao2503;ao2504;ao2505;ao2506;ao2507;ao2508;ao2509;ao2510,12,12,12,12,1.0,1.0,all_active_contracts,覆盖当日全部活跃合约,1,1,0,0,Descriptive cluster only; it is not automatically classified as a notice-driven or causal policy event.,仅为描述性变更簇，不自动认定为公告驱动或因果政策事件。
v15_cluster_0020088,v15_cluster_0020088,20241018,20241018,BU,BU,Bitumen,石油沥青,Price-limit ratio,涨跌停板幅度,0.14,0.14,0.07,0.07,bu2510,bu2510,1,1,16,16,0.0625,0.0625,single_contract,单一合约,0,0,0,0,Descriptive cluster only; it is not automatically classified as a notice-driven or causal policy event.,仅为描述性变更簇，不自动认定为公告驱动或因果政策事件。
v15_cluster_0020096,v15_cluster_0020096,20241024,20241024,AO,AO,Alumina,氧化铝,General-position margin ratio,一般持仓交易保证金比例,0.1,0.1,0.11,0.11,ao2411;ao2412;ao2501;ao2502;ao2503;ao2504;ao2505;ao2506;ao2507;ao2508;ao2509;ao2510,ao2411;ao2412;ao2501;ao2502;ao2503;ao2504;ao2505;ao2506;ao2507;ao2508;ao2509;ao2510,12,12,12,12,1.0,1.0,all_active_contracts,覆盖当日全部活跃合约,1,1,0,0,Descriptive cluster only; it is not automatically classified as a notice-driven or causal policy event.,仅为描述性变更簇，不自动认定为公告驱动或因果政策事件。
v15_cluster_0020097,v15_cluster_0020097,20241024,20241024,AO,AO,Alumina,氧化铝,Hedge-position margin ratio,套保持仓交易保证金比例,0.09,0.09,0.1,0.1,ao2412;ao2501;ao2502;ao2503;ao2504;ao2505;ao2506;ao2507;ao2508;ao2509;ao2510,ao2412;ao2501;ao2502;ao2503;ao2504;ao2505;ao2506;ao2507;ao2508;ao2509;ao2510,11,11,12,12,0.9166666666666666,0.9166666666666666,majority_of_active_contracts,覆盖当日多数活跃合约,0,0,0,0,Descriptive cluster only; it is not automatically classified as a notice-driven or causal policy event.,仅为描述性变更簇，不自动认定为公告驱动或因果政策事件。
v15_cluster_0020098,v15_cluster_0020098,20241024,20241024,AO,AO,Alumina,氧化铝,Price-limit ratio,涨跌停板幅度,0.08,0.08,0.09,0.09,ao2411;ao2412;ao2501;ao2502;ao2503;ao2504;ao2505;ao2506;ao2507;ao2508;ao2509;ao2510,ao2411;ao2412;ao2501;ao2502;ao2503;ao2504;ao2505;ao2506;ao2507;ao2508;ao2509;ao2510,12,12,12,12,1.0,1.0,all_active_contracts,覆盖当日全部活跃合约,1,1,0,0,Descriptive cluster only; it is not automatically classified as a notice-driven or causal policy event.,仅为描述性变更簇，不自动认定为公告驱动或因果政策事件。
v15_cluster_0020112,v15_cluster_0020112,20241030,20241030,AO,AO,Alumina,氧化铝,General-position margin ratio,一般持仓交易保证金比例,0.11,0.11,0.12,0.12,ao2411;ao2412;ao2501;ao2502;ao2503;ao2504;ao2505;ao2506;ao2507;ao2508;ao2509;ao2510,ao2411;ao2412;ao2501;ao2502;ao2503;ao2504;ao2505;ao2506;ao2507;ao2508;ao2509;ao2510,12,12,12,12,1.0,1.0,all_active_contracts,覆盖当日全部活跃合约,1,1,0,0,Descriptive cluster only; it is not automatically classified as a notice-driven or causal policy event.,仅为描述性变更簇，不自动认定为公告驱动或因果政策事件。
v15_cluster_0020113,v15_cluster_0020113,20241030,20241030,AO,AO,Alumina,氧化铝,Hedge-position margin ratio,套保持仓交易保证金比例,0.1,0.1,0.11,0.11,ao2411;ao2412;ao2501;ao2502;ao2503;ao2504;ao2505;ao2506;ao2507;ao2508;ao2509;ao2510,ao2411;ao2412;ao2501;ao2502;ao2503;ao2504;ao2505;ao2506;ao2507;ao2508;ao2509;ao2510,12,12,12,12,1.0,1.0,all_active_contracts,覆盖当日全部活跃合约,1,1,0,0,Descriptive cluster only; it is not automatically classified as a notice-driven or causal policy event.,仅为描述性变更簇，不自动认定为公告驱动或因果政策事件。
v15_cluster_0020114,v15_cluster_0020114,20241030,20241030,AO,AO,Alumina,氧化铝,Price-limit ratio,涨跌停板幅度,0.09,0.09,0.1,0.1,ao2411;ao2412;ao2501;ao2502;ao2503;ao2504;ao2505;ao2506;ao2507;ao2508;ao2509;ao2510,ao2411;ao2412;ao2501;ao2502;ao2503;ao2504;ao2505;ao2506;ao2507;ao2508;ao2509;ao2510,12,12,12,12,1.0,1.0,all_active_contracts,覆盖当日全部活跃合约,1,1,0,0,Descriptive cluster only; it is not automatically classified as a notice-driven or causal policy event.,仅为描述性变更簇，不自动认定为公告驱动或因果政策事件。
v15_cluster_0020123,v15_cluster_0020123,20241101,20241101,AO,AO,Alumina,氧化铝,General-position margin ratio,一般持仓交易保证金比例,0.12,0.12,0.15,0.15,ao2411,ao2411,1,1,12,12,0.08333333333333333,0.08333333333333333,single_contract,单一合约,1,1,0,0,Descriptive cluster only; it is not automatically classified as a notice-driven or causal policy event.,仅为描述性变更簇，不自动认定为公告驱动或因果政策事件。
v15_cluster_0020124,v15_cluster_0020124,20241101,20241101,AO,AO,Alumina,氧化铝,Hedge-position margin ratio,套保持仓交易保证金比例,0.11,0.11,0.15,0.15,ao2411,ao2411,1,1,12,12,0.08333333333333333,0.08333333333333333,single_contract,单一合约,1,1,0,0,Descriptive cluster only; it is not automatically classified as a notice-driven or causal policy event.,仅为描述性变更簇，不自动认定为公告驱动或因果政策事件。
v15_cluster_0020135,v15_cluster_0020135,20241101,20241101,BU,BU,Bitumen,石油沥青,General-position margin ratio,一般持仓交易保证金比例,0.09,0.09,0.1,0.1,bu2412,bu2412,1,1,16,16,0.0625,0.0625,single_contract,单一合约,0,0,0,0,Descriptive cluster only; it is not automatically classified as a notice-driven or causal policy event.,仅为描述性变更簇，不自动认定为公告驱动或因果政策事件。
v15_cluster_0020136,v15_cluster_0020136,20241101,20241101,BU,BU,Bitumen,石油沥青,General-position margin ratio,一般持仓交易保证金比例,0.1,0.1,0.15,0.15,bu2411,bu2411,1,1,16,16,0.0625,0.0625,single_contract,单一合约,1,1,0,0,Descriptive cluster only; it is not automatically classified as a notice-driven or causal policy event.,仅为描述性变更簇，不自动认定为公告驱动或因果政策事件。
v15_cluster_0020137,v15_cluster_0020137,20241101,20241101,BU,BU,Bitumen,石油沥青,Hedge-position margin ratio,套保持仓交易保证金比例,0.08,0.08,0.1,0.1,bu2412,bu2412,1,1,16,16,0.0625,0.0625,single_contract,单一合约,0,0,0,0,Descriptive cluster only; it is not automatically classified as a notice-driven or causal policy event.,仅为描述性变更簇，不自动认定为公告驱动或因果政策事件。
v15_cluster_0020138,v15_cluster_0020138,20241101,20241101,BU,BU,Bitumen,石油沥青,Hedge-position margin ratio,套保持仓交易保证金比例,0.1,0.1,0.15,0.15,bu2411,bu2411,1,1,16,16,0.0625,0.0625,single_contract,单一合约,1,1,0,0,Descriptive cluster only; it is not automatically classified as a notice-driven or causal policy event.,仅为描述性变更簇，不自动认定为公告驱动或因果政策事件。
v15_cluster_0020191,v15_cluster_0020191,20241113,20241113,AO,AO,Alumina,氧化铝,General-position margin ratio,一般持仓交易保证金比例,0.15,0.15,0.2,0.2,ao2411,ao2411,1,1,12,12,0.08333333333333333,0.08333333333333333,single_contract,单一合约,1,1,0,0,Descriptive cluster only; it is not automatically classified as a notice-driven or causal policy event.,仅为描述性变更簇，不自动认定为公告驱动或因果政策事件。
v15_cluster_0020192,v15_cluster_0020192,20241113,20241113,AO,AO,Alumina,氧化铝,Hedge-position margin ratio,套保持仓交易保证金比例,0.15,0.15,0.2,0.2,ao2411,ao2411,1,1,12,12,0.08333333333333333,0.08333333333333333,single_contract,单一合约,1,1,0,0,Descriptive cluster only; it is not automatically classified as a notice-driven or causal policy event.,仅为描述性变更簇，不自动认定为公告驱动或因果政策事件。
v15_cluster_0020199,v15_cluster_0020199,20241113,20241113,BU,BU,Bitumen,石油沥青,General-position margin ratio,一般持仓交易保证金比例,0.15,0.15,0.2,0.2,bu2411,bu2411,1,1,16,16,0.0625,0.0625,single_contract,单一合约,1,1,0,0,Descriptive cluster only; it is not automatically classified as a notice-driven or causal policy event.,仅为描述性变更簇，不自动认定为公告驱动或因果政策事件。
v15_cluster_0020200,v15_cluster_0020200,20241113,20241113,BU,BU,Bitumen,石油沥青,Hedge-position margin ratio,套保持仓交易保证金比例,0.15,0.15,0.2,0.2,bu2411,bu2411,1,1,16,16,0.0625,0.0625,single_contract,单一合约,1,1,0,0,Descriptive cluster only; it is not automatically classified as a notice-driven or causal policy event.,仅为描述性变更簇，不自动认定为公告驱动或因果政策事件。
v15_cluster_0020231,v15_cluster_0020231,20241119,20241119,AO,AO,Alumina,氧化铝,Price-limit ratio,涨跌停板幅度,0.2,0.2,0.1,0.1,ao2511,ao2511,1,1,12,12,0.08333333333333333,0.08333333333333333,single_contract,单一合约,0,0,0,0,Descriptive cluster only; it is not automatically classified as a notice-driven or causal policy event.,仅为描述性变更簇，不自动认定为公告驱动或因果政策事件。
v15_cluster_0020243,v15_cluster_0020243,20241121,20241121,BU,BU,Bitumen,石油沥青,Price-limit ratio,涨跌停板幅度,0.14,0.14,0.07,0.07,bu2511,bu2511,1,1,16,16,0.0625,0.0625,single_contract,单一合约,0,0,0,0,Descriptive cluster only; it is not automatically classified as a notice-driven or causal policy event.,仅为描述性变更簇，不自动认定为公告驱动或因果政策事件。
v15_cluster_0020259,v15_cluster_0020259,20241202,20241202,AO,AO,Alumina,氧化铝,General-position margin ratio,一般持仓交易保证金比例,0.12,0.12,0.15,0.15,ao2412,ao2412,1,1,12,12,0.08333333333333333,0.08333333333333333,single_contract,单一合约,1,1,0,0,Descriptive cluster only; it is not automatically classified as a notice-driven or causal policy event.,仅为描述性变更簇，不自动认定为公告驱动或因果政策事件。
v15_cluster_0020260,v15_cluster_0020260,20241202,20241202,AO,AO,Alumina,氧化铝,Hedge-position margin ratio,套保持仓交易保证金比例,0.11,0.11,0.15,0.15,ao2412,ao2412,1,1,12,12,0.08333333333333333,0.08333333333333333,single_contract,单一合约,1,1,0,0,Descriptive cluster only; it is not automatically classified as a notice-driven or causal policy event.,仅为描述性变更簇，不自动认定为公告驱动或因果政策事件。
v15_cluster_0020271,v15_cluster_0020271,20241202,20241202,BU,BU,Bitumen,石油沥青,General-position margin ratio,一般持仓交易保证金比例,0.09,0.09,0.1,0.1,bu2501,bu2501,1,1,16,16,0.0625,0.0625,single_contract,单一合约,0,0,0,0,Descriptive cluster only; it is not automatically classified as a notice-driven or causal policy event.,仅为描述性变更簇，不自动认定为公告驱动或因果政策事件。
v15_cluster_0020272,v15_cluster_0020272,20241202,20241202,BU,BU,Bitumen,石油沥青,General-position margin ratio,一般持仓交易保证金比例,0.1,0.1,0.15,0.15,bu2412,bu2412,1,1,16,16,0.0625,0.0625,single_contract,单一合约,1,1,0,0,Descriptive cluster only; it is not automatically classified as a notice-driven or causal policy event.,仅为描述性变更簇，不自动认定为公告驱动或因果政策事件。
v15_cluster_0020273,v15_cluster_0020273,20241202,20241202,BU,BU,Bitumen,石油沥青,Hedge-position margin ratio,套保持仓交易保证金比例,0.08,0.08,0.1,0.1,bu2501,bu2501,1,1,16,16,0.0625,0.0625,single_contract,单一合约,0,0,0,0,Descriptive cluster only; it is not automatically classified as a notice-driven or causal policy event.,仅为描述性变更簇，不自动认定为公告驱动或因果政策事件。
v15_cluster_0020274,v15_cluster_0020274,20241202,20241202,BU,BU,Bitumen,石油沥青,Hedge-position margin ratio,套保持仓交易保证金比例,0.1,0.1,0.15,0.15,bu2412,bu2412,1,1,16,16,0.0625,0.0625,single_contract,单一合约,1,1,0,0,Descriptive cluster only; it is not automatically classified as a notice-driven or causal policy event.,仅为描述性变更簇，不自动认定为公告驱动或因果政策事件。
v15_cluster_0020329,v15_cluster_0020329,20241212,20241212,AO,AO,Alumina,氧化铝,General-position margin ratio,一般持仓交易保证金比例,0.15,0.15,0.2,0.2,ao2412,ao2412,1,1,12,12,0.08333333333333333,0.08333333333333333,single_contract,单一合约,1,1,0,0,Descriptive cluster only; it is not automatically classified as a notice-driven or causal policy event.,仅为描述性变更簇，不自动认定为公告驱动或因果政策事件。
v15_cluster_0020330,v15_cluster_0020330,20241212,20241212,AO,AO,Alumina,氧化铝,Hedge-position margin ratio,套保持仓交易保证金比例,0.15,0.15,0.2,0.2,ao2412,ao2412,1,1,12,12,0.08333333333333333,0.08333333333333333,single_contract,单一合约,1,1,0,0,Descriptive cluster only; it is not automatically classified as a notice-driven or causal policy event.,仅为描述性变更簇，不自动认定为公告驱动或因果政策事件。
v15_cluster_0020337,v15_cluster_0020337,20241212,20241212,BU,BU,Bitumen,石油沥青,General-position margin ratio,一般持仓交易保证金比例,0.15,0.15,0.2,0.2,bu2412,bu2412,1,1,16,16,0.0625,0.0625,single_contract,单一合约,1,1,0,0,Descriptive cluster only; it is not automatically classified as a notice-driven or causal policy event.,仅为描述性变更簇，不自动认定为公告驱动或因果政策事件。
v15_cluster_0020338,v15_cluster_0020338,20241212,20241212,BU,BU,Bitumen,石油沥青,Hedge-position margin ratio,套保持仓交易保证金比例,0.15,0.15,0.2,0.2,bu2412,bu2412,1,1,16,16,0.0625,0.0625,single_contract,单一合约,1,1,0,0,Descriptive cluster only; it is not automatically classified as a notice-driven or causal policy event.,仅为描述性变更簇，不自动认定为公告驱动或因果政策事件。
v15_cluster_0020369,v15_cluster_0020369,20241218,20241218,AO,AO,Alumina,氧化铝,Price-limit ratio,涨跌停板幅度,0.2,0.2,0.1,0.1,ao2512,ao2512,1,1,12,12,0.08333333333333333,0.08333333333333333,single_contract,单一合约,0,0,0,0,Descriptive cluster only; it is not automatically classified as a notice-driven or causal policy event.,仅为描述性变更簇，不自动认定为公告驱动或因果政策事件。
v15_cluster_0020376,v15_cluster_0020376,20241219,20241219,BU,BU,Bitumen,石油沥青,Price-limit ratio,涨跌停板幅度,0.14,0.14,0.07,0.07,bu2612,bu2612,1,1,16,16,0.0625,0.0625,single_contract,单一合约,0,0,0,0,Descriptive cluster only; it is not automatically classified as a notice-driven or causal policy event.,仅为描述性变更簇，不自动认定为公告驱动或因果政策事件。
v15_cluster_0020406,v15_cluster_0020406,20250102,20250102,AO,AO,Alumina,氧化铝,General-position margin ratio,一般持仓交易保证金比例,0.12,0.12,0.15,0.15,ao2501,ao2501,1,1,12,12,0.08333333333333333,0.08333333333333333,single_contract,单一合约,1,1,0,0,Descriptive cluster only; it is not automatically classified as a notice-driven or causal policy event.,仅为描述性变更簇，不自动认定为公告驱动或因果政策事件。
v15_cluster_0020407,v15_cluster_0020407,20250102,20250102,AO,AO,Alumina,氧化铝,Hedge-position margin ratio,套保持仓交易保证金比例,0.11,0.11,0.15,0.15,ao2501,ao2501,1,1,12,12,0.08333333333333333,0.08333333333333333,single_contract,单一合约,1,1,0,0,Descriptive cluster only; it is not automatically classified as a notice-driven or causal policy event.,仅为描述性变更簇，不自动认定为公告驱动或因果政策事件。
v15_cluster_0020418,v15_cluster_0020418,20250102,20250102,BU,BU,Bitumen,石油沥青,General-position margin ratio,一般持仓交易保证金比例,0.09,0.09,0.1,0.1,bu2502,bu2502,1,1,16,16,0.0625,0.0625,single_contract,单一合约,0,0,0,0,Descriptive cluster only; it is not automatically classified as a notice-driven or causal policy event.,仅为描述性变更簇，不自动认定为公告驱动或因果政策事件。
v15_cluster_0020419,v15_cluster_0020419,20250102,20250102,BU,BU,Bitumen,石油沥青,General-position margin ratio,一般持仓交易保证金比例,0.1,0.1,0.15,0.15,bu2501,bu2501,1,1,16,16,0.0625,0.0625,single_contract,单一合约,1,1,0,0,Descriptive cluster only; it is not automatically classified as a notice-driven or causal policy event.,仅为描述性变更簇，不自动认定为公告驱动或因果政策事件。
v15_cluster_0020420,v15_cluster_0020420,20250102,20250102,BU,BU,Bitumen,石油沥青,Hedge-position margin ratio,套保持仓交易保证金比例,0.08,0.08,0.1,0.1,bu2502,bu2502,1,1,16,16,0.0625,0.0625,single_contract,单一合约,0,0,0,0,Descriptive cluster only; it is not automatically classified as a notice-driven or causal policy event.,仅为描述性变更簇，不自动认定为公告驱动或因果政策事件。
v15_cluster_0020421,v15_cluster_0020421,20250102,20250102,BU,BU,Bitumen,石油沥青,Hedge-position margin ratio,套保持仓交易保证金比例,0.1,0.1,0.15,0.15,bu2501,bu2501,1,1,16,16,0.0625,0.0625,single_contract,单一合约,1,1,0,0,Descriptive cluster only; it is not automatically classified as a notice-driven or causal policy event.,仅为描述性变更簇，不自动认定为公告驱动或因果政策事件。
v15_cluster_0020475,v15_cluster_0020475,20250113,20250113,AO,AO,Alumina,氧化铝,General-position margin ratio,一般持仓交易保证金比例,0.15,0.15,0.2,0.2,ao2501,ao2501,1,1,12,12,0.08333333333333333,0.08333333333333333,single_contract,单一合约,1,1,0,0,Descriptive cluster only; it is not automatically classified as a notice-driven or causal policy event.,仅为描述性变更簇，不自动认定为公告驱动或因果政策事件。
v15_cluster_0020476,v15_cluster_0020476,20250113,20250113,AO,AO,Alumina,氧化铝,Hedge-position margin ratio,套保持仓交易保证金比例,0.15,0.15,0.2,0.2,ao2501,ao2501,1,1,12,12,0.08333333333333333,0.08333333333333333,single_contract,单一合约,1,1,0,0,Descriptive cluster only; it is not automatically classified as a notice-driven or causal policy event.,仅为描述性变更簇，不自动认定为公告驱动或因果政策事件。
v15_cluster_0020483,v15_cluster_0020483,20250113,20250113,BU,BU,Bitumen,石油沥青,General-position margin ratio,一般持仓交易保证金比例,0.15,0.15,0.2,0.2,bu2501,bu2501,1,1,16,16,0.0625,0.0625,single_contract,单一合约,1,1,0,0,Descriptive cluster only; it is not automatically classified as a notice-driven or causal policy event.,仅为描述性变更簇，不自动认定为公告驱动或因果政策事件。
v15_cluster_0020484,v15_cluster_0020484,20250113,20250113,BU,BU,Bitumen,石油沥青,Hedge-position margin ratio,套保持仓交易保证金比例,0.15,0.15,0.2,0.2,bu2501,bu2501,1,1,16,16,0.0625,0.0625,single_contract,单一合约,1,1,0,0,Descriptive cluster only; it is not automatically classified as a notice-driven or causal policy event.,仅为描述性变更簇，不自动认定为公告驱动或因果政策事件。
v15_cluster_0020519,v15_cluster_0020519,20250115,20250115,AO,AO,Alumina,氧化铝,Price-limit ratio,涨跌停板幅度,0.1,0.1,0.13,0.13,ao2501,ao2501,1,1,12,12,0.08333333333333333,0.08333333333333333,single_contract,单一合约,1,1,0,0,Descriptive cluster only; it is not automatically classified as a notice-driven or causal policy event.,仅为描述性变更簇，不自动认定为公告驱动或因果政策事件。
v15_cluster_0020533,v15_cluster_0020533,20250117,20250117,AO,AO,Alumina,氧化铝,Price-limit ratio,涨跌停板幅度,0.2,0.2,0.1,0.1,ao2601,ao2601,1,1,12,12,0.08333333333333333,0.08333333333333333,single_contract,单一合约,0,0,0,0,Descriptive cluster only; it is not automatically classified as a notice-driven or causal policy event.,仅为描述性变更簇，不自动认定为公告驱动或因果政策事件。
v15_cluster_0020543,v15_cluster_0020543,20250120,20250120,BU,BU,Bitumen,石油沥青,Price-limit ratio,涨跌停板幅度,0.14,0.14,0.07,0.07,bu2601,bu2601,1,1,16,16,0.0625,0.0625,single_contract,单一合约,0,0,0,0,Descriptive cluster only; it is not automatically classified as a notice-driven or causal policy event.,仅为描述性变更簇，不自动认定为公告驱动或因果政策事件。
v15_cluster_0020563,v15_cluster_0020563,20250127,20250127,AO,AO,Alumina,氧化铝,General-position margin ratio,一般持仓交易保证金比例,0.12,0.12,0.15,0.15,ao2502;ao2503;ao2504;ao2505;ao2506;ao2507;ao2508;ao2509;ao2510;ao2511;ao2512;ao2601,ao2502;ao2503;ao2504;ao2505;ao2506;ao2507;ao2508;ao2509;ao2510;ao2511;ao2512;ao2601,12,12,12,12,1.0,1.0,all_active_contracts,覆盖当日全部活跃合约,1,1,0,0,Descriptive cluster only; it is not automatically classified as a notice-driven or causal policy event.,仅为描述性变更簇，不自动认定为公告驱动或因果政策事件。
v15_cluster_0020564,v15_cluster_0020564,20250127,20250127,AO,AO,Alumina,氧化铝,Hedge-position margin ratio,套保持仓交易保证金比例,0.11,0.11,0.14,0.14,ao2502;ao2503;ao2504;ao2505;ao2506;ao2507;ao2508;ao2509;ao2510;ao2511;ao2512;ao2601,ao2502;ao2503;ao2504;ao2505;ao2506;ao2507;ao2508;ao2509;ao2510;ao2511;ao2512;ao2601,12,12,12,12,1.0,1.0,all_active_contracts,覆盖当日全部活跃合约,1,1,0,0,Descriptive cluster only; it is not automatically classified as a notice-driven or causal policy event.,仅为描述性变更簇，不自动认定为公告驱动或因果政策事件。
v15_cluster_0020565,v15_cluster_0020565,20250127,20250127,AO,AO,Alumina,氧化铝,Price-limit ratio,涨跌停板幅度,0.1,0.1,0.13,0.13,ao2502;ao2503;ao2504;ao2505;ao2506;ao2507;ao2508;ao2509;ao2510;ao2511;ao2512;ao2601,ao2502;ao2503;ao2504;ao2505;ao2506;ao2507;ao2508;ao2509;ao2510;ao2511;ao2512;ao2601,12,12,12,12,1.0,1.0,all_active_contracts,覆盖当日全部活跃合约,1,1,0,0,Descriptive cluster only; it is not automatically classified as a notice-driven or causal policy event.,仅为描述性变更簇，不自动认定为公告驱动或因果政策事件。
v15_cluster_0020580,v15_cluster_0020580,20250127,20250127,BU,BU,Bitumen,石油沥青,General-position margin ratio,一般持仓交易保证金比例,0.09,0.09,0.12,0.12,bu2503;bu2504;bu2505;bu2506;bu2507;bu2508;bu2509;bu2510;bu2511;bu2512;bu2601;bu2603;bu2606;bu2609;bu2612,bu2503;bu2504;bu2505;bu2506;bu2507;bu2508;bu2509;bu2510;bu2511;bu2512;bu2601;bu2603;bu2606;bu2609;bu2612,15,15,16,16,0.9375,0.9375,majority_of_active_contracts,覆盖当日多数活跃合约,0,0,0,0,Descriptive cluster only; it is not automatically classified as a notice-driven or causal policy event.,仅为描述性变更簇，不自动认定为公告驱动或因果政策事件。
v15_cluster_0020581,v15_cluster_0020581,20250127,20250127,BU,BU,Bitumen,石油沥青,General-position margin ratio,一般持仓交易保证金比例,0.1,0.1,0.12,0.12,bu2502,bu2502,1,1,16,16,0.0625,0.0625,single_contract,单一合约,1,1,0,0,Descriptive cluster only; it is not automatically classified as a notice-driven or causal policy event.,仅为描述性变更簇，不自动认定为公告驱动或因果政策事件。
v15_cluster_0020582,v15_cluster_0020582,20250127,20250127,BU,BU,Bitumen,石油沥青,Hedge-position margin ratio,套保持仓交易保证金比例,0.08,0.08,0.11,0.11,bu2503;bu2504;bu2505;bu2506;bu2507;bu2508;bu2509;bu2510;bu2511;bu2512;bu2601;bu2603;bu2606;bu2609;bu2612,bu2503;bu2504;bu2505;bu2506;bu2507;bu2508;bu2509;bu2510;bu2511;bu2512;bu2601;bu2603;bu2606;bu2609;bu2612,15,15,16,16,0.9375,0.9375,majority_of_active_contracts,覆盖当日多数活跃合约,0,0,0,0,Descriptive cluster only; it is not automatically classified as a notice-driven or causal policy event.,仅为描述性变更簇，不自动认定为公告驱动或因果政策事件。
v15_cluster_0020583,v15_cluster_0020583,20250127,20250127,BU,BU,Bitumen,石油沥青,Hedge-position margin ratio,套保持仓交易保证金比例,0.1,0.1,0.11,0.11,bu2502,bu2502,1,1,16,16,0.0625,0.0625,single_contract,单一合约,1,1,0,0,Descriptive cluster only; it is not automatically classified as a notice-driven or causal policy event.,仅为描述性变更簇，不自动认定为公告驱动或因果政策事件。
v15_cluster_0020584,v15_cluster_0020584,20250127,20250127,BU,BU,Bitumen,石油沥青,Price-limit ratio,涨跌停板幅度,0.07,0.07,0.1,0.1,bu2502;bu2503;bu2504;bu2505;bu2506;bu2507;bu2508;bu2509;bu2510;bu2511;bu2512;bu2601;bu2603;bu2606;bu2609;bu2612,bu2502;bu2503;bu2504;bu2505;bu2506;bu2507;bu2508;bu2509;bu2510;bu2511;bu2512;bu2601;bu2603;bu2606;bu2609;bu2612,16,16,16,16,1.0,1.0,all_active_contracts,覆盖当日全部活跃合约,1,1,0,0,Descriptive cluster only; it is not automatically classified as a notice-driven or causal policy event.,仅为描述性变更簇，不自动认定为公告驱动或因果政策事件。
v15_cluster_0020643,v15_cluster_0020643,20250205,20250205,AO,AO,Alumina,氧化铝,Hedge-position margin ratio,套保持仓交易保证金比例,0.14,0.14,0.15,0.15,ao2502,ao2502,1,1,12,12,0.08333333333333333,0.08333333333333333,single_contract,单一合约,1,1,0,0,Descriptive cluster only; it is not automatically classified as a notice-driven or causal policy event.,仅为描述性变更簇，不自动认定为公告驱动或因果政策事件。
v15_cluster_0020649,v15_cluster_0020649,20250205,20250205,BU,BU,Bitumen,石油沥青,General-position margin ratio,一般持仓交易保证金比例,0.12,0.12,0.15,0.15,bu2502,bu2502,1,1,16,16,0.0625,0.0625,single_contract,单一合约,1,1,0,0,Descriptive cluster only; it is not automatically classified as a notice-driven or causal policy event.,仅为描述性变更簇，不自动认定为公告驱动或因果政策事件。
v15_cluster_0020650,v15_cluster_0020650,20250205,20250205,BU,BU,Bitumen,石油沥青,Hedge-position margin ratio,套保持仓交易保证金比例,0.11,0.11,0.15,0.15,bu2502,bu2502,1,1,16,16,0.0625,0.0625,single_contract,单一合约,1,1,0,0,Descriptive cluster only; it is not automatically classified as a notice-driven or causal policy event.,仅为描述性变更簇，不自动认定为公告驱动或因果政策事件。
v15_cluster_0020684,v15_cluster_0020684,20250206,20250206,AO,AO,Alumina,氧化铝,General-position margin ratio,一般持仓交易保证金比例,0.15,0.15,0.12,0.12,ao2503;ao2504;ao2505;ao2506;ao2507;ao2508;ao2509;ao2510;ao2511;ao2512;ao2601,ao2503;ao2504;ao2505;ao2506;ao2507;ao2508;ao2509;ao2510;ao2511;ao2512;ao2601,11,11,12,12,0.9166666666666666,0.9166666666666666,majority_of_active_contracts,覆盖当日多数活跃合约,0,0,0,0,Descriptive cluster only; it is not automatically classified as a notice-driven or causal policy event.,仅为描述性变更簇，不自动认定为公告驱动或因果政策事件。
v15_cluster_0020685,v15_cluster_0020685,20250206,20250206,AO,AO,Alumina,氧化铝,Hedge-position margin ratio,套保持仓交易保证金比例,0.14,0.14,0.11,0.11,ao2503;ao2504;ao2505;ao2506;ao2507;ao2508;ao2509;ao2510;ao2511;ao2512;ao2601,ao2503;ao2504;ao2505;ao2506;ao2507;ao2508;ao2509;ao2510;ao2511;ao2512;ao2601,11,11,12,12,0.9166666666666666,0.9166666666666666,majority_of_active_contracts,覆盖当日多数活跃合约,0,0,0,0,Descriptive cluster only; it is not automatically classified as a notice-driven or causal policy event.,仅为描述性变更簇，不自动认定为公告驱动或因果政策事件。
v15_cluster_0020686,v15_cluster_0020686,20250206,20250206,AO,AO,Alumina,氧化铝,Price-limit ratio,涨跌停板幅度,0.13,0.13,0.1,0.1,ao2502;ao2503;ao2504;ao2505;ao2506;ao2507;ao2508;ao2509;ao2510;ao2511;ao2512;ao2601,ao2502;ao2503;ao2504;ao2505;ao2506;ao2507;ao2508;ao2509;ao2510;ao2511;ao2512;ao2601,12,12,12,12,1.0,1.0,all_active_contracts,覆盖当日全部活跃合约,1,1,0,0,Descriptive cluster only; it is not automatically classified as a notice-driven or causal policy event.,仅为描述性变更簇，不自动认定为公告驱动或因果政策事件。
v15_cluster_0020701,v15_cluster_0020701,20250206,20250206,BU,BU,Bitumen,石油沥青,General-position margin ratio,一般持仓交易保证金比例,0.12,0.12,0.09,0.09,bu2504;bu2505;bu2506;bu2507;bu2508;bu2509;bu2510;bu2511;bu2512;bu2601;bu2603;bu2606;bu2609;bu2612,bu2504;bu2505;bu2506;bu2507;bu2508;bu2509;bu2510;bu2511;bu2512;bu2601;bu2603;bu2606;bu2609;bu2612,14,14,16,16,0.875,0.875,majority_of_active_contracts,覆盖当日多数活跃合约,0,0,0,0,Descriptive cluster only; it is not automatically classified as a notice-driven or causal policy event.,仅为描述性变更簇，不自动认定为公告驱动或因果政策事件。
v15_cluster_0020702,v15_cluster_0020702,20250206,20250206,BU,BU,Bitumen,石油沥青,General-position margin ratio,一般持仓交易保证金比例,0.12,0.12,0.1,0.1,bu2503,bu2503,1,1,16,16,0.0625,0.0625,single_contract,单一合约,0,0,0,0,Descriptive cluster only; it is not automatically classified as a notice-driven or causal policy event.,仅为描述性变更簇，不自动认定为公告驱动或因果政策事件。
v15_cluster_0020703,v15_cluster_0020703,20250206,20250206,BU,BU,Bitumen,石油沥青,Hedge-position margin ratio,套保持仓交易保证金比例,0.11,0.11,0.08,0.08,bu2504;bu2505;bu2506;bu2507;bu2508;bu2509;bu2510;bu2511;bu2512;bu2601;bu2603;bu2606;bu2609;bu2612,bu2504;bu2505;bu2506;bu2507;bu2508;bu2509;bu2510;bu2511;bu2512;bu2601;bu2603;bu2606;bu2609;bu2612,14,14,16,16,0.875,0.875,majority_of_active_contracts,覆盖当日多数活跃合约,0,0,0,0,Descriptive cluster only; it is not automatically classified as a notice-driven or causal policy event.,仅为描述性变更簇，不自动认定为公告驱动或因果政策事件。
v15_cluster_0020704,v15_cluster_0020704,20250206,20250206,BU,BU,Bitumen,石油沥青,Hedge-position margin ratio,套保持仓交易保证金比例,0.11,0.11,0.1,0.1,bu2503,bu2503,1,1,16,16,0.0625,0.0625,single_contract,单一合约,0,0,0,0,Descriptive cluster only; it is not automatically classified as a notice-driven or causal policy event.,仅为描述性变更簇，不自动认定为公告驱动或因果政策事件。
v15_cluster_0020705,v15_cluster_0020705,20250206,20250206,BU,BU,Bitumen,石油沥青,Price-limit ratio,涨跌停板幅度,0.1,0.1,0.07,0.07,bu2502;bu2503;bu2504;bu2505;bu2506;bu2507;bu2508;bu2509;bu2510;bu2511;bu2512;bu2601;bu2603;bu2606;bu2609;bu2612,bu2502;bu2503;bu2504;bu2505;bu2506;bu2507;bu2508;bu2509;bu2510;bu2511;bu2512;bu2601;bu2603;bu2606;bu2609;bu2612,16,16,16,16,1.0,1.0,all_active_contracts,覆盖当日全部活跃合约,1,1,0,0,Descriptive cluster only; it is not automatically classified as a notice-driven or causal policy event.,仅为描述性变更簇，不自动认定为公告驱动或因果政策事件。
v15_cluster_0020786,v15_cluster_0020786,20250213,20250213,AO,AO,Alumina,氧化铝,General-position margin ratio,一般持仓交易保证金比例,0.15,0.15,0.2,0.2,ao2502,ao2502,1,1,12,12,0.08333333333333333,0.08333333333333333,single_contract,单一合约,1,1,0,0,Descriptive cluster only; it is not automatically classified as a notice-driven or causal policy event.,仅为描述性变更簇，不自动认定为公告驱动或因果政策事件。
v15_cluster_0020787,v15_cluster_0020787,20250213,20250213,AO,AO,Alumina,氧化铝,Hedge-position margin ratio,套保持仓交易保证金比例,0.15,0.15,0.2,0.2,ao2502,ao2502,1,1,12,12,0.08333333333333333,0.08333333333333333,single_contract,单一合约,1,1,0,0,Descriptive cluster only; it is not automatically classified as a notice-driven or causal policy event.,仅为描述性变更簇，不自动认定为公告驱动或因果政策事件。
v15_cluster_0020794,v15_cluster_0020794,20250213,20250213,BU,BU,Bitumen,石油沥青,General-position margin ratio,一般持仓交易保证金比例,0.15,0.15,0.2,0.2,bu2502,bu2502,1,1,16,16,0.0625,0.0625,single_contract,单一合约,1,1,0,0,Descriptive cluster only; it is not automatically classified as a notice-driven or causal policy event.,仅为描述性变更簇，不自动认定为公告驱动或因果政策事件。
v15_cluster_0020795,v15_cluster_0020795,20250213,20250213,BU,BU,Bitumen,石油沥青,Hedge-position margin ratio,套保持仓交易保证金比例,0.15,0.15,0.2,0.2,bu2502,bu2502,1,1,16,16,0.0625,0.0625,single_contract,单一合约,1,1,0,0,Descriptive cluster only; it is not automatically classified as a notice-driven or causal policy event.,仅为描述性变更簇，不自动认定为公告驱动或因果政策事件。
v15_cluster_0020841,v15_cluster_0020841,20250220,20250220,AO,AO,Alumina,氧化铝,Price-limit ratio,涨跌停板幅度,0.2,0.2,0.1,0.1,ao2602,ao2602,1,1,12,12,0.08333333333333333,0.08333333333333333,single_contract,单一合约,0,0,0,0,Descriptive cluster only; it is not automatically classified as a notice-driven or causal policy event.,仅为描述性变更簇，不自动认定为公告驱动或因果政策事件。
v15_cluster_0020851,v15_cluster_0020851,20250225,20250225,BU,BU,Bitumen,石油沥青,Price-limit ratio,涨跌停板幅度,0.14,0.14,0.07,0.07,bu2602,bu2602,1,1,16,16,0.0625,0.0625,single_contract,单一合约,0,0,0,0,Descriptive cluster only; it is not automatically classified as a notice-driven or causal policy event.,仅为描述性变更簇，不自动认定为公告驱动或因果政策事件。
v15_cluster_0020868,v15_cluster_0020868,20250303,20250303,AO,AO,Alumina,氧化铝,General-position margin ratio,一般持仓交易保证金比例,0.12,0.12,0.15,0.15,ao2503,ao2503,1,1,12,12,0.08333333333333333,0.08333333333333333,single_contract,单一合约,1,1,0,0,Descriptive cluster only; it is not automatically classified as a notice-driven or causal policy event.,仅为描述性变更簇，不自动认定为公告驱动或因果政策事件。
v15_cluster_0020869,v15_cluster_0020869,20250303,20250303,AO,AO,Alumina,氧化铝,Hedge-position margin ratio,套保持仓交易保证金比例,0.11,0.11,0.15,0.15,ao2503,ao2503,1,1,12,12,0.08333333333333333,0.08333333333333333,single_contract,单一合约,1,1,0,0,Descriptive cluster only; it is not automatically classified as a notice-driven or causal policy event.,仅为描述性变更簇，不自动认定为公告驱动或因果政策事件。
v15_cluster_0020880,v15_cluster_0020880,20250303,20250303,BU,BU,Bitumen,石油沥青,General-position margin ratio,一般持仓交易保证金比例,0.09,0.09,0.1,0.1,bu2504,bu2504,1,1,16,16,0.0625,0.0625,single_contract,单一合约,0,0,0,0,Descriptive cluster only; it is not automatically classified as a notice-driven or causal policy event.,仅为描述性变更簇，不自动认定为公告驱动或因果政策事件。
v15_cluster_0020881,v15_cluster_0020881,20250303,20250303,BU,BU,Bitumen,石油沥青,General-position margin ratio,一般持仓交易保证金比例,0.1,0.1,0.15,0.15,bu2503,bu2503,1,1,16,16,0.0625,0.0625,single_contract,单一合约,1,1,0,0,Descriptive cluster only; it is not automatically classified as a notice-driven or causal policy event.,仅为描述性变更簇，不自动认定为公告驱动或因果政策事件。
v15_cluster_0020882,v15_cluster_0020882,20250303,20250303,BU,BU,Bitumen,石油沥青,Hedge-position margin ratio,套保持仓交易保证金比例,0.08,0.08,0.1,0.1,bu2504,bu2504,1,1,16,16,0.0625,0.0625,single_contract,单一合约,0,0,0,0,Descriptive cluster only; it is not automatically classified as a notice-driven or causal policy event.,仅为描述性变更簇，不自动认定为公告驱动或因果政策事件。
v15_cluster_0020883,v15_cluster_0020883,20250303,20250303,BU,BU,Bitumen,石油沥青,Hedge-position margin ratio,套保持仓交易保证金比例,0.1,0.1,0.15,0.15,bu2503,bu2503,1,1,16,16,0.0625,0.0625,single_contract,单一合约,1,1,0,0,Descriptive cluster only; it is not automatically classified as a notice-driven or causal policy event.,仅为描述性变更簇，不自动认定为公告驱动或因果政策事件。
v15_cluster_0020935,v15_cluster_0020935,20250312,20250312,AO,AO,Alumina,氧化铝,General-position margin ratio,一般持仓交易保证金比例,0.12,0.12,0.1,0.1,ao2504;ao2505;ao2506;ao2507;ao2508;ao2509;ao2510;ao2511;ao2512;ao2601;ao2602,ao2504;ao2505;ao2506;ao2507;ao2508;ao2509;ao2510;ao2511;ao2512;ao2601;ao2602,11,11,12,12,0.9166666666666666,0.9166666666666666,majority_of_active_contracts,覆盖当日多数活跃合约,0,0,0,0,Descriptive cluster only; it is not automatically classified as a notice-driven or causal policy event.,仅为描述性变更簇，不自动认定为公告驱动或因果政策事件。
v15_cluster_0020936,v15_cluster_0020936,20250312,20250312,AO,AO,Alumina,氧化铝,Hedge-position margin ratio,套保持仓交易保证金比例,0.11,0.11,0.09,0.09,ao2505;ao2506;ao2507;ao2508;ao2509;ao2510;ao2511;ao2512;ao2601;ao2602,ao2505;ao2506;ao2507;ao2508;ao2509;ao2510;ao2511;ao2512;ao2601;ao2602,10,10,12,12,0.8333333333333334,0.8333333333333334,majority_of_active_contracts,覆盖当日多数活跃合约,0,0,0,0,Descriptive cluster only; it is not automatically classified as a notice-driven or causal policy event.,仅为描述性变更簇，不自动认定为公告驱动或因果政策事件。
v15_cluster_0020937,v15_cluster_0020937,20250312,20250312,AO,AO,Alumina,氧化铝,Hedge-position margin ratio,套保持仓交易保证金比例,0.11,0.11,0.1,0.1,ao2504,ao2504,1,1,12,12,0.08333333333333333,0.08333333333333333,single_contract,单一合约,0,0,0,0,Descriptive cluster only; it is not automatically classified as a notice-driven or causal policy event.,仅为描述性变更簇，不自动认定为公告驱动或因果政策事件。
v15_cluster_0020938,v15_cluster_0020938,20250312,20250312,AO,AO,Alumina,氧化铝,Price-limit ratio,涨跌停板幅度,0.1,0.1,0.08,0.08,ao2503;ao2504;ao2505;ao2506;ao2507;ao2508;ao2509;ao2510;ao2511;ao2512;ao2601;ao2602,ao2503;ao2504;ao2505;ao2506;ao2507;ao2508;ao2509;ao2510;ao2511;ao2512;ao2601;ao2602,12,12,12,12,1.0,1.0,all_active_contracts,覆盖当日全部活跃合约,1,1,0,0,Descriptive cluster only; it is not automatically classified as a notice-driven or causal policy event.,仅为描述性变更簇，不自动认定为公告驱动或因果政策事件。
v15_cluster_0020943,v15_cluster_0020943,20250313,20250313,AO,AO,Alumina,氧化铝,General-position margin ratio,一般持仓交易保证金比例,0.15,0.15,0.2,0.2,ao2503,ao2503,1,1,12,12,0.08333333333333333,0.08333333333333333,single_contract,单一合约,1,1,0,0,Descriptive cluster only; it is not automatically classified as a notice-driven or causal policy event.,仅为描述性变更簇，不自动认定为公告驱动或因果政策事件。
v15_cluster_0020944,v15_cluster_0020944,20250313,20250313,AO,AO,Alumina,氧化铝,Hedge-position margin ratio,套保持仓交易保证金比例,0.15,0.15,0.2,0.2,ao2503,ao2503,1,1,12,12,0.08333333333333333,0.08333333333333333,single_contract,单一合约,1,1,0,0,Descriptive cluster only; it is not automatically classified as a notice-driven or causal policy event.,仅为描述性变更簇，不自动认定为公告驱动或因果政策事件。
v15_cluster_0020951,v15_cluster_0020951,20250313,20250313,BU,BU,Bitumen,石油沥青,General-position margin ratio,一般持仓交易保证金比例,0.15,0.15,0.2,0.2,bu2503,bu2503,1,1,16,16,0.0625,0.0625,single_contract,单一合约,1,1,0,0,Descriptive cluster only; it is not automatically classified as a notice-driven or causal policy event.,仅为描述性变更簇，不自动认定为公告驱动或因果政策事件。
v15_cluster_0020952,v15_cluster_0020952,20250313,20250313,BU,BU,Bitumen,石油沥青,Hedge-position margin ratio,套保持仓交易保证金比例,0.15,0.15,0.2,0.2,bu2503,bu2503,1,1,16,16,0.0625,0.0625,single_contract,单一合约,1,1,0,0,Descriptive cluster only; it is not automatically classified as a notice-driven or causal policy event.,仅为描述性变更簇，不自动认定为公告驱动或因果政策事件。
v15_cluster_0020984,v15_cluster_0020984,20250319,20250319,AO,AO,Alumina,氧化铝,Price-limit ratio,涨跌停板幅度,0.16,0.16,0.08,0.08,ao2603,ao2603,1,1,12,12,0.08333333333333333,0.08333333333333333,single_contract,单一合约,0,0,0,0,Descriptive cluster only; it is not automatically classified as a notice-driven or causal policy event.,仅为描述性变更簇，不自动认定为公告驱动或因果政策事件。
v15_cluster_0020994,v15_cluster_0020994,20250320,20250320,BU,BU,Bitumen,石油沥青,Price-limit ratio,涨跌停板幅度,0.14,0.14,0.07,0.07,bu2703,bu2703,1,1,16,16,0.0625,0.0625,single_contract,单一合约,0,0,0,0,Descriptive cluster only; it is not automatically classified as a notice-driven or causal policy event.,仅为描述性变更簇，不自动认定为公告驱动或因果政策事件。
v15_cluster_0021011,v15_cluster_0021011,20250401,20250401,AO,AO,Alumina,氧化铝,General-position margin ratio,一般持仓交易保证金比例,0.1,0.1,0.15,0.15,ao2504,ao2504,1,1,12,12,0.08333333333333333,0.08333333333333333,single_contract,单一合约,1,1,0,0,Descriptive cluster only; it is not automatically classified as a notice-driven or causal policy event.,仅为描述性变更簇，不自动认定为公告驱动或因果政策事件。
v15_cluster_0021012,v15_cluster_0021012,20250401,20250401,AO,AO,Alumina,氧化铝,Hedge-position margin ratio,套保持仓交易保证金比例,0.09,0.09,0.1,0.1,ao2505,ao2505,1,1,12,12,0.08333333333333333,0.08333333333333333,single_contract,单一合约,0,0,0,0,Descriptive cluster only; it is not automatically classified as a notice-driven or causal policy event.,仅为描述性变更簇，不自动认定为公告驱动或因果政策事件。
v15_cluster_0021013,v15_cluster_0021013,20250401,20250401,AO,AO,Alumina,氧化铝,Hedge-position margin ratio,套保持仓交易保证金比例,0.1,0.1,0.15,0.15,ao2504,ao2504,1,1,12,12,0.08333333333333333,0.08333333333333333,single_contract,单一合约,1,1,0,0,Descriptive cluster only; it is not automatically classified as a notice-driven or causal policy event.,仅为描述性变更簇，不自动认定为公告驱动或因果政策事件。
v15_cluster_0021024,v15_cluster_0021024,20250401,20250401,BU,BU,Bitumen,石油沥青,General-position margin ratio,一般持仓交易保证金比例,0.09,0.09,0.1,0.1,bu2505,bu2505,1,1,16,16,0.0625,0.0625,single_contract,单一合约,0,0,0,0,Descriptive cluster only; it is not automatically classified as a notice-driven or causal policy event.,仅为描述性变更簇，不自动认定为公告驱动或因果政策事件。
v15_cluster_0021025,v15_cluster_0021025,20250401,20250401,BU,BU,Bitumen,石油沥青,General-position margin ratio,一般持仓交易保证金比例,0.1,0.1,0.15,0.15,bu2504,bu2504,1,1,16,16,0.0625,0.0625,single_contract,单一合约,1,1,0,0,Descriptive cluster only; it is not automatically classified as a notice-driven or causal policy event.,仅为描述性变更簇，不自动认定为公告驱动或因果政策事件。
v15_cluster_0021026,v15_cluster_0021026,20250401,20250401,BU,BU,Bitumen,石油沥青,Hedge-position margin ratio,套保持仓交易保证金比例,0.08,0.08,0.1,0.1,bu2505,bu2505,1,1,16,16,0.0625,0.0625,single_contract,单一合约,0,0,0,0,Descriptive cluster only; it is not automatically classified as a notice-driven or causal policy event.,仅为描述性变更簇，不自动认定为公告驱动或因果政策事件。
v15_cluster_0021027,v15_cluster_0021027,20250401,20250401,BU,BU,Bitumen,石油沥青,Hedge-position margin ratio,套保持仓交易保证金比例,0.1,0.1,0.15,0.15,bu2504,bu2504,1,1,16,16,0.0625,0.0625,single_contract,单一合约,1,1,0,0,Descriptive cluster only; it is not automatically classified as a notice-driven or causal policy event.,仅为描述性变更簇，不自动认定为公告驱动或因果政策事件。
v15_cluster_0021080,v15_cluster_0021080,20250408,20250408,AO,AO,Alumina,氧化铝,General-position margin ratio,一般持仓交易保证金比例,0.1,0.1,0.09,0.09,ao2506;ao2507;ao2508;ao2509;ao2510;ao2511;ao2512;ao2601;ao2602;ao2603,ao2506;ao2507;ao2508;ao2509;ao2510;ao2511;ao2512;ao2601;ao2602;ao2603,10,10,12,12,0.8333333333333334,0.8333333333333334,majority_of_active_contracts,覆盖当日多数活跃合约,0,0,0,0,Descriptive cluster only; it is not automatically classified as a notice-driven or causal policy event.,仅为描述性变更簇，不自动认定为公告驱动或因果政策事件。
v15_cluster_0021081,v15_cluster_0021081,20250408,20250408,AO,AO,Alumina,氧化铝,Hedge-position margin ratio,套保持仓交易保证金比例,0.09,0.09,0.08,0.08,ao2506;ao2507;ao2508;ao2509;ao2510;ao2511;ao2512;ao2601;ao2602;ao2603,ao2506;ao2507;ao2508;ao2509;ao2510;ao2511;ao2512;ao2601;ao2602;ao2603,10,10,12,12,0.8333333333333334,0.8333333333333334,majority_of_active_contracts,覆盖当日多数活跃合约,0,0,0,0,Descriptive cluster only; it is not automatically classified as a notice-driven or causal policy event.,仅为描述性变更簇，不自动认定为公告驱动或因果政策事件。
v15_cluster_0021082,v15_cluster_0021082,20250408,20250408,AO,AO,Alumina,氧化铝,Price-limit ratio,涨跌停板幅度,0.08,0.08,0.07,0.07,ao2504;ao2505;ao2506;ao2507;ao2508;ao2509;ao2510;ao2511;ao2512;ao2601;ao2602;ao2603,ao2504;ao2505;ao2506;ao2507;ao2508;ao2509;ao2510;ao2511;ao2512;ao2601;ao2602;ao2603,12,12,12,12,1.0,1.0,all_active_contracts,覆盖当日全部活跃合约,1,1,0,0,Descriptive cluster only; it is not automatically classified as a notice-driven or causal policy event.,仅为描述性变更簇，不自动认定为公告驱动或因果政策事件。
v15_cluster_0021093,v15_cluster_0021093,20250408,20250408,BU,BU,Bitumen,石油沥青,General-position margin ratio,一般持仓交易保证金比例,0.09,0.09,0.12,0.12,bu2506;bu2507;bu2508;bu2509;bu2510;bu2511;bu2512,bu2506;bu2507;bu2508;bu2509;bu2510;bu2511;bu2512,7,7,16,16,0.4375,0.4375,multiple_contracts_partial,覆盖多个但非多数合约,0,0,0,0,Descriptive cluster only; it is not automatically classified as a notice-driven or causal policy event.,仅为描述性变更簇，不自动认定为公告驱动或因果政策事件。
v15_cluster_0021094,v15_cluster_0021094,20250408,20250408,BU,BU,Bitumen,石油沥青,General-position margin ratio,一般持仓交易保证金比例,0.1,0.1,0.12,0.12,bu2505,bu2505,1,1,16,16,0.0625,0.0625,single_contract,单一合约,0,0,0,0,Descriptive cluster only; it is not automatically classified as a notice-driven or causal policy event.,仅为描述性变更簇，不自动认定为公告驱动或因果政策事件。
v15_cluster_0021095,v15_cluster_0021095,20250408,20250408,BU,BU,Bitumen,石油沥青,Hedge-position margin ratio,套保持仓交易保证金比例,0.08,0.08,0.12,0.12,bu2506;bu2507;bu2508;bu2509;bu2510;bu2511;bu2512,bu2506;bu2507;bu2508;bu2509;bu2510;bu2511;bu2512,7,7,16,16,0.4375,0.4375,multiple_contracts_partial,覆盖多个但非多数合约,0,0,0,0,Descriptive cluster only; it is not automatically classified as a notice-driven or causal policy event.,仅为描述性变更簇，不自动认定为公告驱动或因果政策事件。
v15_cluster_0021096,v15_cluster_0021096,20250408,20250408,BU,BU,Bitumen,石油沥青,Hedge-position margin ratio,套保持仓交易保证金比例,0.1,0.1,0.12,0.12,bu2505,bu2505,1,1,16,16,0.0625,0.0625,single_contract,单一合约,0,0,0,0,Descriptive cluster only; it is not automatically classified as a notice-driven or causal policy event.,仅为描述性变更簇，不自动认定为公告驱动或因果政策事件。
v15_cluster_0021097,v15_cluster_0021097,20250408,20250408,BU,BU,Bitumen,石油沥青,Price-limit ratio,涨跌停板幅度,0.07,0.07,0.1,0.1,bu2504;bu2505;bu2506;bu2507;bu2508;bu2509;bu2510;bu2511;bu2512,bu2504;bu2505;bu2506;bu2507;bu2508;bu2509;bu2510;bu2511;bu2512,9,9,16,16,0.5625,0.5625,majority_of_active_contracts,覆盖当日多数活跃合约,1,1,0,0,Descriptive cluster only; it is not automatically classified as a notice-driven or causal policy event.,仅为描述性变更簇，不自动认定为公告驱动或因果政策事件。
v15_cluster_0021142,v15_cluster_0021142,20250409,20250409,BU,BU,Bitumen,石油沥青,General-position margin ratio,一般持仓交易保证金比例,0.12,0.12,0.09,0.09,bu2506;bu2507;bu2508;bu2509;bu2510;bu2511;bu2512,bu2506;bu2507;bu2508;bu2509;bu2510;bu2511;bu2512,7,7,16,16,0.4375,0.4375,multiple_contracts_partial,覆盖多个但非多数合约,0,0,0,0,Descriptive cluster only; it is not automatically classified as a notice-driven or causal policy event.,仅为描述性变更簇，不自动认定为公告驱动或因果政策事件。
v15_cluster_0021143,v15_cluster_0021143,20250409,20250409,BU,BU,Bitumen,石油沥青,General-position margin ratio,一般持仓交易保证金比例,0.12,0.12,0.1,0.1,bu2505,bu2505,1,1,16,16,0.0625,0.0625,single_contract,单一合约,0,0,0,0,Descriptive cluster only; it is not automatically classified as a notice-driven or causal policy event.,仅为描述性变更簇，不自动认定为公告驱动或因果政策事件。
v15_cluster_0021144,v15_cluster_0021144,20250409,20250409,BU,BU,Bitumen,石油沥青,Hedge-position margin ratio,套保持仓交易保证金比例,0.12,0.12,0.08,0.08,bu2506;bu2507;bu2508;bu2509;bu2510;bu2511;bu2512,bu2506;bu2507;bu2508;bu2509;bu2510;bu2511;bu2512,7,7,16,16,0.4375,0.4375,multiple_contracts_partial,覆盖多个但非多数合约,0,0,0,0,Descriptive cluster only; it is not automatically classified as a notice-driven or causal policy event.,仅为描述性变更簇，不自动认定为公告驱动或因果政策事件。
v15_cluster_0021145,v15_cluster_0021145,20250409,20250409,BU,BU,Bitumen,石油沥青,Hedge-position margin ratio,套保持仓交易保证金比例,0.12,0.12,0.1,0.1,bu2505,bu2505,1,1,16,16,0.0625,0.0625,single_contract,单一合约,0,0,0,0,Descriptive cluster only; it is not automatically classified as a notice-driven or causal policy event.,仅为描述性变更簇，不自动认定为公告驱动或因果政策事件。
v15_cluster_0021146,v15_cluster_0021146,20250409,20250409,BU,BU,Bitumen,石油沥青,Price-limit ratio,涨跌停板幅度,0.1,0.1,0.07,0.07,bu2504;bu2505;bu2506;bu2507;bu2508;bu2509;bu2510;bu2511;bu2512,bu2504;bu2505;bu2506;bu2507;bu2508;bu2509;bu2510;bu2511;bu2512,9,9,16,16,0.5625,0.5625,majority_of_active_contracts,覆盖当日多数活跃合约,1,1,0,0,Descriptive cluster only; it is not automatically classified as a notice-driven or causal policy event.,仅为描述性变更簇，不自动认定为公告驱动或因果政策事件。
v15_cluster_0021202,v15_cluster_0021202,20250411,20250411,AO,AO,Alumina,氧化铝,General-position margin ratio,一般持仓交易保证金比例,0.15,0.15,0.2,0.2,ao2504,ao2504,1,1,12,12,0.08333333333333333,0.08333333333333333,single_contract,单一合约,1,1,0,0,Descriptive cluster only; it is not automatically classified as a notice-driven or causal policy event.,仅为描述性变更簇，不自动认定为公告驱动或因果政策事件。
v15_cluster_0021203,v15_cluster_0021203,20250411,20250411,AO,AO,Alumina,氧化铝,Hedge-position margin ratio,套保持仓交易保证金比例,0.15,0.15,0.2,0.2,ao2504,ao2504,1,1,12,12,0.08333333333333333,0.08333333333333333,single_contract,单一合约,1,1,0,0,Descriptive cluster only; it is not automatically classified as a notice-driven or causal policy event.,仅为描述性变更簇，不自动认定为公告驱动或因果政策事件。
v15_cluster_0021216,v15_cluster_0021216,20250411,20250411,BU,BU,Bitumen,石油沥青,General-position margin ratio,一般持仓交易保证金比例,0.09,0.09,0.11,0.11,bu2506;bu2507;bu2508;bu2509;bu2510;bu2511;bu2512;bu2601;bu2602;bu2603;bu2606;bu2609;bu2612;bu2703,bu2506;bu2507;bu2508;bu2509;bu2510;bu2511;bu2512;bu2601;bu2602;bu2603;bu2606;bu2609;bu2612;bu2703,14,14,16,16,0.875,0.875,majority_of_active_contracts,覆盖当日多数活跃合约,0,0,0,0,Descriptive cluster only; it is not automatically classified as a notice-driven or causal policy event.,仅为描述性变更簇，不自动认定为公告驱动或因果政策事件。
v15_cluster_0021217,v15_cluster_0021217,20250411,20250411,BU,BU,Bitumen,石油沥青,General-position margin ratio,一般持仓交易保证金比例,0.1,0.1,0.11,0.11,bu2505,bu2505,1,1,16,16,0.0625,0.0625,single_contract,单一合约,0,0,0,0,Descriptive cluster only; it is not automatically classified as a notice-driven or causal policy event.,仅为描述性变更簇，不自动认定为公告驱动或因果政策事件。
v15_cluster_0021218,v15_cluster_0021218,20250411,20250411,BU,BU,Bitumen,石油沥青,General-position margin ratio,一般持仓交易保证金比例,0.15,0.15,0.2,0.2,bu2504,bu2504,1,1,16,16,0.0625,0.0625,single_contract,单一合约,1,1,0,0,Descriptive cluster only; it is not automatically classified as a notice-driven or causal policy event.,仅为描述性变更簇，不自动认定为公告驱动或因果政策事件。
v15_cluster_0021219,v15_cluster_0021219,20250411,20250411,BU,BU,Bitumen,石油沥青,Hedge-position margin ratio,套保持仓交易保证金比例,0.08,0.08,0.1,0.1,bu2506;bu2507;bu2508;bu2509;bu2510;bu2511;bu2512;bu2601;bu2602;bu2603;bu2606;bu2609;bu2612;bu2703,bu2506;bu2507;bu2508;bu2509;bu2510;bu2511;bu2512;bu2601;bu2602;bu2603;bu2606;bu2609;bu2612;bu2703,14,14,16,16,0.875,0.875,majority_of_active_contracts,覆盖当日多数活跃合约,0,0,0,0,Descriptive cluster only; it is not automatically classified as a notice-driven or causal policy event.,仅为描述性变更簇，不自动认定为公告驱动或因果政策事件。
v15_cluster_0021220,v15_cluster_0021220,20250411,20250411,BU,BU,Bitumen,石油沥青,Hedge-position margin ratio,套保持仓交易保证金比例,0.15,0.15,0.2,0.2,bu2504,bu2504,1,1,16,16,0.0625,0.0625,single_contract,单一合约,1,1,0,0,Descriptive cluster only; it is not automatically classified as a notice-driven or causal policy event.,仅为描述性变更簇，不自动认定为公告驱动或因果政策事件。
v15_cluster_0021221,v15_cluster_0021221,20250411,20250411,BU,BU,Bitumen,石油沥青,Price-limit ratio,涨跌停板幅度,0.07,0.07,0.09,0.09,bu2504;bu2505;bu2506;bu2507;bu2508;bu2509;bu2510;bu2511;bu2512;bu2601;bu2602;bu2603;bu2606;bu2609;bu2612;bu2703,bu2504;bu2505;bu2506;bu2507;bu2508;bu2509;bu2510;bu2511;bu2512;bu2601;bu2602;bu2603;bu2606;bu2609;bu2612;bu2703,16,16,16,16,1.0,1.0,all_active_contracts,覆盖当日全部活跃合约,1,1,0,0,Descriptive cluster only; it is not automatically classified as a notice-driven or causal policy event.,仅为描述性变更簇，不自动认定为公告驱动或因果政策事件。
v15_cluster_0021277,v15_cluster_0021277,20250417,20250417,AO,AO,Alumina,氧化铝,Price-limit ratio,涨跌停板幅度,0.14,0.14,0.07,0.07,ao2604,ao2604,1,1,12,12,0.08333333333333333,0.08333333333333333,single_contract,单一合约,0,0,0,0,Descriptive cluster only; it is not automatically classified as a notice-driven or causal policy event.,仅为描述性变更簇，不自动认定为公告驱动或因果政策事件。
v15_cluster_0021279,v15_cluster_0021279,20250417,20250417,BU,BU,Bitumen,石油沥青,Price-limit ratio,涨跌停板幅度,0.18,0.18,0.09,0.09,bu2604,bu2604,1,1,16,16,0.0625,0.0625,single_contract,单一合约,0,0,0,0,Descriptive cluster only; it is not automatically classified as a notice-driven or causal policy event.,仅为描述性变更簇，不自动认定为公告驱动或因果政策事件。
v15_cluster_0021311,v15_cluster_0021311,20250430,20250430,AO,AO,Alumina,氧化铝,General-position margin ratio,一般持仓交易保证金比例,0.09,0.09,0.11,0.11,ao2506;ao2507;ao2508;ao2509;ao2510;ao2511;ao2512;ao2601;ao2602;ao2603;ao2604,ao2506;ao2507;ao2508;ao2509;ao2510;ao2511;ao2512;ao2601;ao2602;ao2603;ao2604,11,11,12,12,0.9166666666666666,0.9166666666666666,majority_of_active_contracts,覆盖当日多数活跃合约,0,0,0,0,Descriptive cluster only; it is not automatically classified as a notice-driven or causal policy event.,仅为描述性变更簇，不自动认定为公告驱动或因果政策事件。
v15_cluster_0021312,v15_cluster_0021312,20250430,20250430,AO,AO,Alumina,氧化铝,General-position margin ratio,一般持仓交易保证金比例,0.1,0.1,0.11,0.11,ao2505,ao2505,1,1,12,12,0.08333333333333333,0.08333333333333333,single_contract,单一合约,1,1,0,0,Descriptive cluster only; it is not automatically classified as a notice-driven or causal policy event.,仅为描述性变更簇，不自动认定为公告驱动或因果政策事件。
v15_cluster_0021313,v15_cluster_0021313,20250430,20250430,AO,AO,Alumina,氧化铝,Hedge-position margin ratio,套保持仓交易保证金比例,0.08,0.08,0.1,0.1,ao2506;ao2507;ao2508;ao2509;ao2510;ao2511;ao2512;ao2601;ao2602;ao2603;ao2604,ao2506;ao2507;ao2508;ao2509;ao2510;ao2511;ao2512;ao2601;ao2602;ao2603;ao2604,11,11,12,12,0.9166666666666666,0.9166666666666666,majority_of_active_contracts,覆盖当日多数活跃合约,0,0,0,0,Descriptive cluster only; it is not automatically classified as a notice-driven or causal policy event.,仅为描述性变更簇，不自动认定为公告驱动或因果政策事件。
v15_cluster_0021314,v15_cluster_0021314,20250430,20250430,AO,AO,Alumina,氧化铝,Price-limit ratio,涨跌停板幅度,0.07,0.07,0.09,0.09,ao2505;ao2506;ao2507;ao2508;ao2509;ao2510;ao2511;ao2512;ao2601;ao2602;ao2603;ao2604,ao2505;ao2506;ao2507;ao2508;ao2509;ao2510;ao2511;ao2512;ao2601;ao2602;ao2603;ao2604,12,12,12,12,1.0,1.0,all_active_contracts,覆盖当日全部活跃合约,1,1,0,0,Descriptive cluster only; it is not automatically classified as a notice-driven or causal policy event.,仅为描述性变更簇，不自动认定为公告驱动或因果政策事件。
v15_cluster_0021327,v15_cluster_0021327,20250430,20250430,BU,BU,Bitumen,石油沥青,General-position margin ratio,一般持仓交易保证金比例,0.11,0.11,0.14,0.14,bu2505;bu2506;bu2507;bu2508;bu2509;bu2510;bu2511;bu2512;bu2601;bu2602;bu2603;bu2604;bu2606;bu2609;bu2612;bu2703,bu2505;bu2506;bu2507;bu2508;bu2509;bu2510;bu2511;bu2512;bu2601;bu2602;bu2603;bu2604;bu2606;bu2609;bu2612;bu2703,16,16,16,16,1.0,1.0,all_active_contracts,覆盖当日全部活跃合约,1,1,0,0,Descriptive cluster only; it is not automatically classified as a notice-driven or causal policy event.,仅为描述性变更簇，不自动认定为公告驱动或因果政策事件。
v15_cluster_0021328,v15_cluster_0021328,20250430,20250430,BU,BU,Bitumen,石油沥青,Hedge-position margin ratio,套保持仓交易保证金比例,0.1,0.1,0.13,0.13,bu2505;bu2506;bu2507;bu2508;bu2509;bu2510;bu2511;bu2512;bu2601;bu2602;bu2603;bu2604;bu2606;bu2609;bu2612;bu2703,bu2505;bu2506;bu2507;bu2508;bu2509;bu2510;bu2511;bu2512;bu2601;bu2602;bu2603;bu2604;bu2606;bu2609;bu2612;bu2703,16,16,16,16,1.0,1.0,all_active_contracts,覆盖当日全部活跃合约,1,1,0,0,Descriptive cluster only; it is not automatically classified as a notice-driven or causal policy event.,仅为描述性变更簇，不自动认定为公告驱动或因果政策事件。
v15_cluster_0021329,v15_cluster_0021329,20250430,20250430,BU,BU,Bitumen,石油沥青,Price-limit ratio,涨跌停板幅度,0.09,0.09,0.12,0.12,bu2505;bu2506;bu2507;bu2508;bu2509;bu2510;bu2511;bu2512;bu2601;bu2602;bu2603;bu2604;bu2606;bu2609;bu2612;bu2703,bu2505;bu2506;bu2507;bu2508;bu2509;bu2510;bu2511;bu2512;bu2601;bu2602;bu2603;bu2604;bu2606;bu2609;bu2612;bu2703,16,16,16,16,1.0,1.0,all_active_contracts,覆盖当日全部活跃合约,1,1,0,0,Descriptive cluster only; it is not automatically classified as a notice-driven or causal policy event.,仅为描述性变更簇，不自动认定为公告驱动或因果政策事件。
v15_cluster_0021391,v15_cluster_0021391,20250506,20250506,AO,AO,Alumina,氧化铝,General-position margin ratio,一般持仓交易保证金比例,0.11,0.11,0.15,0.15,ao2505,ao2505,1,1,12,12,0.08333333333333333,0.08333333333333333,single_contract,单一合约,1,1,0,0,Descriptive cluster only; it is not automatically classified as a notice-driven or causal policy event.,仅为描述性变更簇，不自动认定为公告驱动或因果政策事件。
v15_cluster_0021392,v15_cluster_0021392,20250506,20250506,AO,AO,Alumina,氧化铝,Hedge-position margin ratio,套保持仓交易保证金比例,0.1,0.1,0.15,0.15,ao2505,ao2505,1,1,12,12,0.08333333333333333,0.08333333333333333,single_contract,单一合约,1,1,0,0,Descriptive cluster only; it is not automatically classified as a notice-driven or causal policy event.,仅为描述性变更簇，不自动认定为公告驱动或因果政策事件。
v15_cluster_0021397,v15_cluster_0021397,20250506,20250506,BU,BU,Bitumen,石油沥青,General-position margin ratio,一般持仓交易保证金比例,0.14,0.14,0.15,0.15,bu2505,bu2505,1,1,16,16,0.0625,0.0625,single_contract,单一合约,1,1,0,0,Descriptive cluster only; it is not automatically classified as a notice-driven or causal policy event.,仅为描述性变更簇，不自动认定为公告驱动或因果政策事件。
v15_cluster_0021398,v15_cluster_0021398,20250506,20250506,BU,BU,Bitumen,石油沥青,Hedge-position margin ratio,套保持仓交易保证金比例,0.13,0.13,0.15,0.15,bu2505,bu2505,1,1,16,16,0.0625,0.0625,single_contract,单一合约,1,1,0,0,Descriptive cluster only; it is not automatically classified as a notice-driven or causal policy event.,仅为描述性变更簇，不自动认定为公告驱动或因果政策事件。
v15_cluster_0021433,v15_cluster_0021433,20250507,20250507,AO,AO,Alumina,氧化铝,General-position margin ratio,一般持仓交易保证金比例,0.11,0.11,0.09,0.09,ao2507;ao2508;ao2509;ao2510;ao2511;ao2512;ao2601;ao2602;ao2603;ao2604,ao2507;ao2508;ao2509;ao2510;ao2511;ao2512;ao2601;ao2602;ao2603;ao2604,10,10,12,12,0.8333333333333334,0.8333333333333334,majority_of_active_contracts,覆盖当日多数活跃合约,0,0,0,0,Descriptive cluster only; it is not automatically classified as a notice-driven or causal policy event.,仅为描述性变更簇，不自动认定为公告驱动或因果政策事件。
v15_cluster_0021434,v15_cluster_0021434,20250507,20250507,AO,AO,Alumina,氧化铝,General-position margin ratio,一般持仓交易保证金比例,0.11,0.11,0.1,0.1,ao2506,ao2506,1,1,12,12,0.08333333333333333,0.08333333333333333,single_contract,单一合约,0,0,0,0,Descriptive cluster only; it is not automatically classified as a notice-driven or causal policy event.,仅为描述性变更簇，不自动认定为公告驱动或因果政策事件。
v15_cluster_0021435,v15_cluster_0021435,20250507,20250507,AO,AO,Alumina,氧化铝,Hedge-position margin ratio,套保持仓交易保证金比例,0.1,0.1,0.08,0.08,ao2507;ao2508;ao2509;ao2510;ao2511;ao2512;ao2601;ao2602;ao2603;ao2604,ao2507;ao2508;ao2509;ao2510;ao2511;ao2512;ao2601;ao2602;ao2603;ao2604,10,10,12,12,0.8333333333333334,0.8333333333333334,majority_of_active_contracts,覆盖当日多数活跃合约,0,0,0,0,Descriptive cluster only; it is not automatically classified as a notice-driven or causal policy event.,仅为描述性变更簇，不自动认定为公告驱动或因果政策事件。
v15_cluster_0021436,v15_cluster_0021436,20250507,20250507,AO,AO,Alumina,氧化铝,Price-limit ratio,涨跌停板幅度,0.09,0.09,0.07,0.07,ao2505;ao2506;ao2507;ao2508;ao2509;ao2510;ao2511;ao2512;ao2601;ao2602;ao2603;ao2604,ao2505;ao2506;ao2507;ao2508;ao2509;ao2510;ao2511;ao2512;ao2601;ao2602;ao2603;ao2604,12,12,12,12,1.0,1.0,all_active_contracts,覆盖当日全部活跃合约,1,1,0,0,Descriptive cluster only; it is not automatically classified as a notice-driven or causal policy event.,仅为描述性变更簇，不自动认定为公告驱动或因果政策事件。
v15_cluster_0021450,v15_cluster_0021450,20250507,20250507,BU,BU,Bitumen,石油沥青,General-position margin ratio,一般持仓交易保证金比例,0.14,0.14,0.11,0.11,bu2506;bu2507;bu2508;bu2509;bu2510;bu2511;bu2512;bu2601;bu2602;bu2603;bu2604;bu2606;bu2609;bu2612;bu2703,bu2506;bu2507;bu2508;bu2509;bu2510;bu2511;bu2512;bu2601;bu2602;bu2603;bu2604;bu2606;bu2609;bu2612;bu2703,15,15,16,16,0.9375,0.9375,majority_of_active_contracts,覆盖当日多数活跃合约,0,0,0,0,Descriptive cluster only; it is not automatically classified as a notice-driven or causal policy event.,仅为描述性变更簇，不自动认定为公告驱动或因果政策事件。
v15_cluster_0021451,v15_cluster_0021451,20250507,20250507,BU,BU,Bitumen,石油沥青,Hedge-position margin ratio,套保持仓交易保证金比例,0.13,0.13,0.1,0.1,bu2506;bu2507;bu2508;bu2509;bu2510;bu2511;bu2512;bu2601;bu2602;bu2603;bu2604;bu2606;bu2609;bu2612;bu2703,bu2506;bu2507;bu2508;bu2509;bu2510;bu2511;bu2512;bu2601;bu2602;bu2603;bu2604;bu2606;bu2609;bu2612;bu2703,15,15,16,16,0.9375,0.9375,majority_of_active_contracts,覆盖当日多数活跃合约,0,0,0,0,Descriptive cluster only; it is not automatically classified as a notice-driven or causal policy event.,仅为描述性变更簇，不自动认定为公告驱动或因果政策事件。
v15_cluster_0021452,v15_cluster_0021452,20250507,20250507,BU,BU,Bitumen,石油沥青,Price-limit ratio,涨跌停板幅度,0.12,0.12,0.09,0.09,bu2505;bu2506;bu2507;bu2508;bu2509;bu2510;bu2511;bu2512;bu2601;bu2602;bu2603;bu2604;bu2606;bu2609;bu2612;bu2703,bu2505;bu2506;bu2507;bu2508;bu2509;bu2510;bu2511;bu2512;bu2601;bu2602;bu2603;bu2604;bu2606;bu2609;bu2612;bu2703,16,16,16,16,1.0,1.0,all_active_contracts,覆盖当日全部活跃合约,1,1,0,0,Descriptive cluster only; it is not automatically classified as a notice-driven or causal policy event.,仅为描述性变更簇，不自动认定为公告驱动或因果政策事件。
v15_cluster_0021519,v15_cluster_0021519,20250513,20250513,AO,AO,Alumina,氧化铝,General-position margin ratio,一般持仓交易保证金比例,0.15,0.15,0.2,0.2,ao2505,ao2505,1,1,12,12,0.08333333333333333,0.08333333333333333,single_contract,单一合约,1,1,0,0,Descriptive cluster only; it is not automatically classified as a notice-driven or causal policy event.,仅为描述性变更簇，不自动认定为公告驱动或因果政策事件。
v15_cluster_0021520,v15_cluster_0021520,20250513,20250513,AO,AO,Alumina,氧化铝,Hedge-position margin ratio,套保持仓交易保证金比例,0.15,0.15,0.2,0.2,ao2505,ao2505,1,1,12,12,0.08333333333333333,0.08333333333333333,single_contract,单一合约,1,1,0,0,Descriptive cluster only; it is not automatically classified as a notice-driven or causal policy event.,仅为描述性变更簇，不自动认定为公告驱动或因果政策事件。
v15_cluster_0021527,v15_cluster_0021527,20250513,20250513,BU,BU,Bitumen,石油沥青,General-position margin ratio,一般持仓交易保证金比例,0.15,0.15,0.2,0.2,bu2505,bu2505,1,1,16,16,0.0625,0.0625,single_contract,单一合约,1,1,0,0,Descriptive cluster only; it is not automatically classified as a notice-driven or causal policy event.,仅为描述性变更簇，不自动认定为公告驱动或因果政策事件。
v15_cluster_0021528,v15_cluster_0021528,20250513,20250513,BU,BU,Bitumen,石油沥青,Hedge-position margin ratio,套保持仓交易保证金比例,0.15,0.15,0.2,0.2,bu2505,bu2505,1,1,16,16,0.0625,0.0625,single_contract,单一合约,1,1,0,0,Descriptive cluster only; it is not automatically classified as a notice-driven or causal policy event.,仅为描述性变更簇，不自动认定为公告驱动或因果政策事件。
v15_cluster_0021569,v15_cluster_0021569,20250519,20250519,AO,AO,Alumina,氧化铝,Price-limit ratio,涨跌停板幅度,0.14,0.14,0.07,0.07,ao2605,ao2605,1,1,12,12,0.08333333333333333,0.08333333333333333,single_contract,单一合约,0,0,0,0,Descriptive cluster only; it is not automatically classified as a notice-driven or causal policy event.,仅为描述性变更簇，不自动认定为公告驱动或因果政策事件。
v15_cluster_0021599,v15_cluster_0021599,20250530,20250530,AO,AO,Alumina,氧化铝,General-position margin ratio,一般持仓交易保证金比例,0.09,0.09,0.11,0.11,ao2507;ao2508;ao2509;ao2510;ao2511;ao2512;ao2601;ao2602;ao2603;ao2604;ao2605,ao2507;ao2508;ao2509;ao2510;ao2511;ao2512;ao2601;ao2602;ao2603;ao2604;ao2605,11,11,12,12,0.9166666666666666,0.9166666666666666,majority_of_active_contracts,覆盖当日多数活跃合约,0,0,0,0,Descriptive cluster only; it is not automatically classified as a notice-driven or causal policy event.,仅为描述性变更簇，不自动认定为公告驱动或因果政策事件。
v15_cluster_0021600,v15_cluster_0021600,20250530,20250530,AO,AO,Alumina,氧化铝,General-position margin ratio,一般持仓交易保证金比例,0.1,0.1,0.11,0.11,ao2506,ao2506,1,1,12,12,0.08333333333333333,0.08333333333333333,single_contract,单一合约,1,1,0,0,Descriptive cluster only; it is not automatically classified as a notice-driven or causal policy event.,仅为描述性变更簇，不自动认定为公告驱动或因果政策事件。
v15_cluster_0021601,v15_cluster_0021601,20250530,20250530,AO,AO,Alumina,氧化铝,Hedge-position margin ratio,套保持仓交易保证金比例,0.08,0.08,0.1,0.1,ao2507;ao2508;ao2509;ao2510;ao2511;ao2512;ao2601;ao2602;ao2603;ao2604;ao2605,ao2507;ao2508;ao2509;ao2510;ao2511;ao2512;ao2601;ao2602;ao2603;ao2604;ao2605,11,11,12,12,0.9166666666666666,0.9166666666666666,majority_of_active_contracts,覆盖当日多数活跃合约,0,0,0,0,Descriptive cluster only; it is not automatically classified as a notice-driven or causal policy event.,仅为描述性变更簇，不自动认定为公告驱动或因果政策事件。
v15_cluster_0021602,v15_cluster_0021602,20250530,20250530,AO,AO,Alumina,氧化铝,Price-limit ratio,涨跌停板幅度,0.07,0.07,0.09,0.09,ao2506;ao2507;ao2508;ao2509;ao2510;ao2511;ao2512;ao2601;ao2602;ao2603;ao2604;ao2605,ao2506;ao2507;ao2508;ao2509;ao2510;ao2511;ao2512;ao2601;ao2602;ao2603;ao2604;ao2605,12,12,12,12,1.0,1.0,all_active_contracts,覆盖当日全部活跃合约,1,1,0,0,Descriptive cluster only; it is not automatically classified as a notice-driven or causal policy event.,仅为描述性变更簇，不自动认定为公告驱动或因果政策事件。
v15_cluster_0021615,v15_cluster_0021615,20250603,20250603,AO,AO,Alumina,氧化铝,General-position margin ratio,一般持仓交易保证金比例,0.11,0.11,0.15,0.15,ao2506,ao2506,1,1,12,12,0.08333333333333333,0.08333333333333333,single_contract,单一合约,1,1,0,0,Descriptive cluster only; it is not automatically classified as a notice-driven or causal policy event.,仅为描述性变更簇，不自动认定为公告驱动或因果政策事件。
v15_cluster_0021616,v15_cluster_0021616,20250603,20250603,AO,AO,Alumina,氧化铝,Hedge-position margin ratio,套保持仓交易保证金比例,0.1,0.1,0.15,0.15,ao2506,ao2506,1,1,12,12,0.08333333333333333,0.08333333333333333,single_contract,单一合约,1,1,0,0,Descriptive cluster only; it is not automatically classified as a notice-driven or causal policy event.,仅为描述性变更簇，不自动认定为公告驱动或因果政策事件。
v15_cluster_0021624,v15_cluster_0021624,20250603,20250603,BU,BU,Bitumen,石油沥青,General-position margin ratio,一般持仓交易保证金比例,0.11,0.11,0.15,0.15,bu2506,bu2506,1,1,16,16,0.0625,0.0625,single_contract,单一合约,1,1,0,0,Descriptive cluster only; it is not automatically classified as a notice-driven or causal policy event.,仅为描述性变更簇，不自动认定为公告驱动或因果政策事件。
v15_cluster_0021625,v15_cluster_0021625,20250603,20250603,BU,BU,Bitumen,石油沥青,Hedge-position margin ratio,套保持仓交易保证金比例,0.1,0.1,0.15,0.15,bu2506,bu2506,1,1,16,16,0.0625,0.0625,single_contract,单一合约,1,1,0,0,Descriptive cluster only; it is not automatically classified as a notice-driven or causal policy event.,仅为描述性变更簇，不自动认定为公告驱动或因果政策事件。
v15_cluster_0021626,v15_cluster_0021626,20250603,20250603,BU,BU,Bitumen,石油沥青,Price-limit ratio,涨跌停板幅度,0.18,0.18,0.09,0.09,bu2605,bu2605,1,1,16,16,0.0625,0.0625,single_contract,单一合约,0,0,0,0,Descriptive cluster only; it is not automatically classified as a notice-driven or causal policy event.,仅为描述性变更簇，不自动认定为公告驱动或因果政策事件。
v15_cluster_0021680,v15_cluster_0021680,20250612,20250612,AO,AO,Alumina,氧化铝,General-position margin ratio,一般持仓交易保证金比例,0.15,0.15,0.2,0.2,ao2506,ao2506,1,1,12,12,0.08333333333333333,0.08333333333333333,single_contract,单一合约,1,1,0,0,Descriptive cluster only; it is not automatically classified as a notice-driven or causal policy event.,仅为描述性变更簇，不自动认定为公告驱动或因果政策事件。
v15_cluster_0021681,v15_cluster_0021681,20250612,20250612,AO,AO,Alumina,氧化铝,Hedge-position margin ratio,套保持仓交易保证金比例,0.15,0.15,0.2,0.2,ao2506,ao2506,1,1,12,12,0.08333333333333333,0.08333333333333333,single_contract,单一合约,1,1,0,0,Descriptive cluster only; it is not automatically classified as a notice-driven or causal policy event.,仅为描述性变更簇，不自动认定为公告驱动或因果政策事件。
v15_cluster_0021688,v15_cluster_0021688,20250612,20250612,BU,BU,Bitumen,石油沥青,General-position margin ratio,一般持仓交易保证金比例,0.15,0.15,0.2,0.2,bu2506,bu2506,1,1,16,16,0.0625,0.0625,single_contract,单一合约,1,1,0,0,Descriptive cluster only; it is not automatically classified as a notice-driven or causal policy event.,仅为描述性变更簇，不自动认定为公告驱动或因果政策事件。
v15_cluster_0021689,v15_cluster_0021689,20250612,20250612,BU,BU,Bitumen,石油沥青,Hedge-position margin ratio,套保持仓交易保证金比例,0.15,0.15,0.2,0.2,bu2506,bu2506,1,1,16,16,0.0625,0.0625,single_contract,单一合约,1,1,0,0,Descriptive cluster only; it is not automatically classified as a notice-driven or causal policy event.,仅为描述性变更簇，不自动认定为公告驱动或因果政策事件。
v15_cluster_0021719,v15_cluster_0021719,20250618,20250618,AO,AO,Alumina,氧化铝,Price-limit ratio,涨跌停板幅度,0.18,0.18,0.09,0.09,ao2606,ao2606,1,1,12,12,0.08333333333333333,0.08333333333333333,single_contract,单一合约,0,0,0,0,Descriptive cluster only; it is not automatically classified as a notice-driven or causal policy event.,仅为描述性变更簇，不自动认定为公告驱动或因果政策事件。
v15_cluster_0021721,v15_cluster_0021721,20250618,20250618,BU,BU,Bitumen,石油沥青,Price-limit ratio,涨跌停板幅度,0.18,0.18,0.09,0.09,bu2706,bu2706,1,1,16,16,0.0625,0.0625,single_contract,单一合约,0,0,0,0,Descriptive cluster only; it is not automatically classified as a notice-driven or causal policy event.,仅为描述性变更簇，不自动认定为公告驱动或因果政策事件。
v15_cluster_0021763,v15_cluster_0021763,20250701,20250701,AO,AO,Alumina,氧化铝,General-position margin ratio,一般持仓交易保证金比例,0.11,0.11,0.15,0.15,ao2507,ao2507,1,1,12,12,0.08333333333333333,0.08333333333333333,single_contract,单一合约,1,1,0,0,Descriptive cluster only; it is not automatically classified as a notice-driven or causal policy event.,仅为描述性变更簇，不自动认定为公告驱动或因果政策事件。
v15_cluster_0021764,v15_cluster_0021764,20250701,20250701,AO,AO,Alumina,氧化铝,Hedge-position margin ratio,套保持仓交易保证金比例,0.1,0.1,0.15,0.15,ao2507,ao2507,1,1,12,12,0.08333333333333333,0.08333333333333333,single_contract,单一合约,1,1,0,0,Descriptive cluster only; it is not automatically classified as a notice-driven or causal policy event.,仅为描述性变更簇，不自动认定为公告驱动或因果政策事件。
v15_cluster_0021773,v15_cluster_0021773,20250701,20250701,BU,BU,Bitumen,石油沥青,General-position margin ratio,一般持仓交易保证金比例,0.11,0.11,0.15,0.15,bu2507,bu2507,1,1,16,16,0.0625,0.0625,single_contract,单一合约,1,1,0,0,Descriptive cluster only; it is not automatically classified as a notice-driven or causal policy event.,仅为描述性变更簇，不自动认定为公告驱动或因果政策事件。
v15_cluster_0021774,v15_cluster_0021774,20250701,20250701,BU,BU,Bitumen,石油沥青,Hedge-position margin ratio,套保持仓交易保证金比例,0.1,0.1,0.15,0.15,bu2507,bu2507,1,1,16,16,0.0625,0.0625,single_contract,单一合约,1,1,0,0,Descriptive cluster only; it is not automatically classified as a notice-driven or causal policy event.,仅为描述性变更簇，不自动认定为公告驱动或因果政策事件。
v15_cluster_0021826,v15_cluster_0021826,20250711,20250711,AO,AO,Alumina,氧化铝,General-position margin ratio,一般持仓交易保证金比例,0.15,0.15,0.2,0.2,ao2507,ao2507,1,1,12,12,0.08333333333333333,0.08333333333333333,single_contract,单一合约,1,1,0,0,Descriptive cluster only; it is not automatically classified as a notice-driven or causal policy event.,仅为描述性变更簇，不自动认定为公告驱动或因果政策事件。
v15_cluster_0021827,v15_cluster_0021827,20250711,20250711,AO,AO,Alumina,氧化铝,Hedge-position margin ratio,套保持仓交易保证金比例,0.15,0.15,0.2,0.2,ao2507,ao2507,1,1,12,12,0.08333333333333333,0.08333333333333333,single_contract,单一合约,1,1,0,0,Descriptive cluster only; it is not automatically classified as a notice-driven or causal policy event.,仅为描述性变更簇，不自动认定为公告驱动或因果政策事件。
v15_cluster_0021834,v15_cluster_0021834,20250711,20250711,BU,BU,Bitumen,石油沥青,General-position margin ratio,一般持仓交易保证金比例,0.15,0.15,0.2,0.2,bu2507,bu2507,1,1,16,16,0.0625,0.0625,single_contract,单一合约,1,1,0,0,Descriptive cluster only; it is not automatically classified as a notice-driven or causal policy event.,仅为描述性变更簇，不自动认定为公告驱动或因果政策事件。
v15_cluster_0021835,v15_cluster_0021835,20250711,20250711,BU,BU,Bitumen,石油沥青,Hedge-position margin ratio,套保持仓交易保证金比例,0.15,0.15,0.2,0.2,bu2507,bu2507,1,1,16,16,0.0625,0.0625,single_contract,单一合约,1,1,0,0,Descriptive cluster only; it is not automatically classified as a notice-driven or causal policy event.,仅为描述性变更簇，不自动认定为公告驱动或因果政策事件。
v15_cluster_0021864,v15_cluster_0021864,20250717,20250717,AO,AO,Alumina,氧化铝,Price-limit ratio,涨跌停板幅度,0.18,0.18,0.09,0.09,ao2607,ao2607,1,1,12,12,0.08333333333333333,0.08333333333333333,single_contract,单一合约,0,0,0,0,Descriptive cluster only; it is not automatically classified as a notice-driven or causal policy event.,仅为描述性变更簇，不自动认定为公告驱动或因果政策事件。
v15_cluster_0021877,v15_cluster_0021877,20250721,20250721,BU,BU,Bitumen,石油沥青,Price-limit ratio,涨跌停板幅度,0.18,0.18,0.09,0.09,bu2607,bu2607,1,1,16,16,0.0625,0.0625,single_contract,单一合约,0,0,0,0,Descriptive cluster only; it is not automatically classified as a notice-driven or causal policy event.,仅为描述性变更簇，不自动认定为公告驱动或因果政策事件。
v15_cluster_0021893,v15_cluster_0021893,20250801,20250801,AO,AO,Alumina,氧化铝,General-position margin ratio,一般持仓交易保证金比例,0.11,0.11,0.15,0.15,ao2508,ao2508,1,1,12,12,0.08333333333333333,0.08333333333333333,single_contract,单一合约,1,1,0,0,Descriptive cluster only; it is not automatically classified as a notice-driven or causal policy event.,仅为描述性变更簇，不自动认定为公告驱动或因果政策事件。
v15_cluster_0021894,v15_cluster_0021894,20250801,20250801,AO,AO,Alumina,氧化铝,Hedge-position margin ratio,套保持仓交易保证金比例,0.1,0.1,0.15,0.15,ao2508,ao2508,1,1,12,12,0.08333333333333333,0.08333333333333333,single_contract,单一合约,1,1,0,0,Descriptive cluster only; it is not automatically classified as a notice-driven or causal policy event.,仅为描述性变更簇，不自动认定为公告驱动或因果政策事件。
v15_cluster_0021903,v15_cluster_0021903,20250801,20250801,BU,BU,Bitumen,石油沥青,General-position margin ratio,一般持仓交易保证金比例,0.11,0.11,0.15,0.15,bu2508,bu2508,1,1,16,16,0.0625,0.0625,single_contract,单一合约,1,1,0,0,Descriptive cluster only; it is not automatically classified as a notice-driven or causal policy event.,仅为描述性变更簇，不自动认定为公告驱动或因果政策事件。
v15_cluster_0021904,v15_cluster_0021904,20250801,20250801,BU,BU,Bitumen,石油沥青,Hedge-position margin ratio,套保持仓交易保证金比例,0.1,0.1,0.15,0.15,bu2508,bu2508,1,1,16,16,0.0625,0.0625,single_contract,单一合约,1,1,0,0,Descriptive cluster only; it is not automatically classified as a notice-driven or causal policy event.,仅为描述性变更簇，不自动认定为公告驱动或因果政策事件。
v15_cluster_0021956,v15_cluster_0021956,20250813,20250813,AO,AO,Alumina,氧化铝,General-position margin ratio,一般持仓交易保证金比例,0.15,0.15,0.2,0.2,ao2508,ao2508,1,1,12,12,0.08333333333333333,0.08333333333333333,single_contract,单一合约,1,1,0,0,Descriptive cluster only; it is not automatically classified as a notice-driven or causal policy event.,仅为描述性变更簇，不自动认定为公告驱动或因果政策事件。
v15_cluster_0021957,v15_cluster_0021957,20250813,20250813,AO,AO,Alumina,氧化铝,Hedge-position margin ratio,套保持仓交易保证金比例,0.15,0.15,0.2,0.2,ao2508,ao2508,1,1,12,12,0.08333333333333333,0.08333333333333333,single_contract,单一合约,1,1,0,0,Descriptive cluster only; it is not automatically classified as a notice-driven or causal policy event.,仅为描述性变更簇，不自动认定为公告驱动或因果政策事件。
v15_cluster_0021964,v15_cluster_0021964,20250813,20250813,BU,BU,Bitumen,石油沥青,General-position margin ratio,一般持仓交易保证金比例,0.15,0.15,0.2,0.2,bu2508,bu2508,1,1,16,16,0.0625,0.0625,single_contract,单一合约,1,1,0,0,Descriptive cluster only; it is not automatically classified as a notice-driven or causal policy event.,仅为描述性变更簇，不自动认定为公告驱动或因果政策事件。
v15_cluster_0021965,v15_cluster_0021965,20250813,20250813,BU,BU,Bitumen,石油沥青,Hedge-position margin ratio,套保持仓交易保证金比例,0.15,0.15,0.2,0.2,bu2508,bu2508,1,1,16,16,0.0625,0.0625,single_contract,单一合约,1,1,0,0,Descriptive cluster only; it is not automatically classified as a notice-driven or causal policy event.,仅为描述性变更簇，不自动认定为公告驱动或因果政策事件。
v15_cluster_0021994,v15_cluster_0021994,20250819,20250819,AO,AO,Alumina,氧化铝,Price-limit ratio,涨跌停板幅度,0.18,0.18,0.09,0.09,ao2608,ao2608,1,1,12,12,0.08333333333333333,0.08333333333333333,single_contract,单一合约,0,0,0,0,Descriptive cluster only; it is not automatically classified as a notice-driven or causal policy event.,仅为描述性变更簇，不自动认定为公告驱动或因果政策事件。
v15_cluster_0022022,v15_cluster_0022022,20250829,20250829,BU,BU,Bitumen,石油沥青,Price-limit ratio,涨跌停板幅度,0.18,0.18,0.09,0.09,bu2608,bu2608,1,1,16,16,0.0625,0.0625,single_contract,单一合约,0,0,0,0,Descriptive cluster only; it is not automatically classified as a notice-driven or causal policy event.,仅为描述性变更簇，不自动认定为公告驱动或因果政策事件。
v15_cluster_0022029,v15_cluster_0022029,20250901,20250901,AO,AO,Alumina,氧化铝,General-position margin ratio,一般持仓交易保证金比例,0.11,0.11,0.15,0.15,ao2509,ao2509,1,1,12,12,0.08333333333333333,0.08333333333333333,single_contract,单一合约,1,1,0,0,Descriptive cluster only; it is not automatically classified as a notice-driven or causal policy event.,仅为描述性变更簇，不自动认定为公告驱动或因果政策事件。
v15_cluster_0022030,v15_cluster_0022030,20250901,20250901,AO,AO,Alumina,氧化铝,Hedge-position margin ratio,套保持仓交易保证金比例,0.1,0.1,0.15,0.15,ao2509,ao2509,1,1,12,12,0.08333333333333333,0.08333333333333333,single_contract,单一合约,1,1,0,0,Descriptive cluster only; it is not automatically classified as a notice-driven or causal policy event.,仅为描述性变更簇，不自动认定为公告驱动或因果政策事件。
v15_cluster_0022039,v15_cluster_0022039,20250901,20250901,BU,BU,Bitumen,石油沥青,General-position margin ratio,一般持仓交易保证金比例,0.11,0.11,0.15,0.15,bu2509,bu2509,1,1,16,16,0.0625,0.0625,single_contract,单一合约,1,1,0,0,Descriptive cluster only; it is not automatically classified as a notice-driven or causal policy event.,仅为描述性变更簇，不自动认定为公告驱动或因果政策事件。
v15_cluster_0022040,v15_cluster_0022040,20250901,20250901,BU,BU,Bitumen,石油沥青,Hedge-position margin ratio,套保持仓交易保证金比例,0.1,0.1,0.15,0.15,bu2509,bu2509,1,1,16,16,0.0625,0.0625,single_contract,单一合约,1,1,0,0,Descriptive cluster only; it is not automatically classified as a notice-driven or causal policy event.,仅为描述性变更簇，不自动认定为公告驱动或因果政策事件。
v15_cluster_0022090,v15_cluster_0022090,20250911,20250911,AO,AO,Alumina,氧化铝,General-position margin ratio,一般持仓交易保证金比例,0.15,0.15,0.2,0.2,ao2509,ao2509,1,1,12,12,0.08333333333333333,0.08333333333333333,single_contract,单一合约,1,1,0,0,Descriptive cluster only; it is not automatically classified as a notice-driven or causal policy event.,仅为描述性变更簇，不自动认定为公告驱动或因果政策事件。
v15_cluster_0022091,v15_cluster_0022091,20250911,20250911,AO,AO,Alumina,氧化铝,Hedge-position margin ratio,套保持仓交易保证金比例,0.15,0.15,0.2,0.2,ao2509,ao2509,1,1,12,12,0.08333333333333333,0.08333333333333333,single_contract,单一合约,1,1,0,0,Descriptive cluster only; it is not automatically classified as a notice-driven or causal policy event.,仅为描述性变更簇，不自动认定为公告驱动或因果政策事件。
v15_cluster_0022098,v15_cluster_0022098,20250911,20250911,BU,BU,Bitumen,石油沥青,General-position margin ratio,一般持仓交易保证金比例,0.15,0.15,0.2,0.2,bu2509,bu2509,1,1,16,16,0.0625,0.0625,single_contract,单一合约,1,1,0,0,Descriptive cluster only; it is not automatically classified as a notice-driven or causal policy event.,仅为描述性变更簇，不自动认定为公告驱动或因果政策事件。
v15_cluster_0022099,v15_cluster_0022099,20250911,20250911,BU,BU,Bitumen,石油沥青,Hedge-position margin ratio,套保持仓交易保证金比例,0.15,0.15,0.2,0.2,bu2509,bu2509,1,1,16,16,0.0625,0.0625,single_contract,单一合约,1,1,0,0,Descriptive cluster only; it is not automatically classified as a notice-driven or causal policy event.,仅为描述性变更簇，不自动认定为公告驱动或因果政策事件。
v15_cluster_0022129,v15_cluster_0022129,20250917,20250917,AO,AO,Alumina,氧化铝,Price-limit ratio,涨跌停板幅度,0.18,0.18,0.09,0.09,ao2609,ao2609,1,1,12,12,0.08333333333333333,0.08333333333333333,single_contract,单一合约,0,0,0,0,Descriptive cluster only; it is not automatically classified as a notice-driven or causal policy event.,仅为描述性变更簇，不自动认定为公告驱动或因果政策事件。
v15_cluster_0022144,v15_cluster_0022144,20250922,20250922,BU,BU,Bitumen,石油沥青,Price-limit ratio,涨跌停板幅度,0.18,0.18,0.09,0.09,bu2709,bu2709,1,1,16,16,0.0625,0.0625,single_contract,单一合约,0,0,0,0,Descriptive cluster only; it is not automatically classified as a notice-driven or causal policy event.,仅为描述性变更簇，不自动认定为公告驱动或因果政策事件。
v15_cluster_0022164,v15_cluster_0022164,20250930,20250930,AO,AO,Alumina,氧化铝,General-position margin ratio,一般持仓交易保证金比例,0.11,0.11,0.13,0.13,ao2510;ao2511;ao2512;ao2601;ao2602;ao2603;ao2604;ao2605;ao2606;ao2607;ao2608;ao2609,ao2510;ao2511;ao2512;ao2601;ao2602;ao2603;ao2604;ao2605;ao2606;ao2607;ao2608;ao2609,12,12,12,12,1.0,1.0,all_active_contracts,覆盖当日全部活跃合约,1,1,0,0,Descriptive cluster only; it is not automatically classified as a notice-driven or causal policy event.,仅为描述性变更簇，不自动认定为公告驱动或因果政策事件。
v15_cluster_0022165,v15_cluster_0022165,20250930,20250930,AO,AO,Alumina,氧化铝,Hedge-position margin ratio,套保持仓交易保证金比例,0.1,0.1,0.12,0.12,ao2510;ao2511;ao2512;ao2601;ao2602;ao2603;ao2604;ao2605;ao2606;ao2607;ao2608;ao2609,ao2510;ao2511;ao2512;ao2601;ao2602;ao2603;ao2604;ao2605;ao2606;ao2607;ao2608;ao2609,12,12,12,12,1.0,1.0,all_active_contracts,覆盖当日全部活跃合约,1,1,0,0,Descriptive cluster only; it is not automatically classified as a notice-driven or causal policy event.,仅为描述性变更簇，不自动认定为公告驱动或因果政策事件。
v15_cluster_0022166,v15_cluster_0022166,20250930,20250930,AO,AO,Alumina,氧化铝,Price-limit ratio,涨跌停板幅度,0.09,0.09,0.11,0.11,ao2510;ao2511;ao2512;ao2601;ao2602;ao2603;ao2604;ao2605;ao2606;ao2607;ao2608;ao2609,ao2510;ao2511;ao2512;ao2601;ao2602;ao2603;ao2604;ao2605;ao2606;ao2607;ao2608;ao2609,12,12,12,12,1.0,1.0,all_active_contracts,覆盖当日全部活跃合约,1,1,0,0,Descriptive cluster only; it is not automatically classified as a notice-driven or causal policy event.,仅为描述性变更簇，不自动认定为公告驱动或因果政策事件。
v15_cluster_0022178,v15_cluster_0022178,20250930,20250930,BU,BU,Bitumen,石油沥青,General-position margin ratio,一般持仓交易保证金比例,0.11,0.11,0.14,0.14,bu2510;bu2511;bu2512;bu2601;bu2602;bu2603;bu2604;bu2605;bu2606;bu2607;bu2608;bu2609;bu2612;bu2703;bu2706;bu2709,bu2510;bu2511;bu2512;bu2601;bu2602;bu2603;bu2604;bu2605;bu2606;bu2607;bu2608;bu2609;bu2612;bu2703;bu2706;bu2709,16,16,16,16,1.0,1.0,all_active_contracts,覆盖当日全部活跃合约,1,1,0,0,Descriptive cluster only; it is not automatically classified as a notice-driven or causal policy event.,仅为描述性变更簇，不自动认定为公告驱动或因果政策事件。
v15_cluster_0022179,v15_cluster_0022179,20250930,20250930,BU,BU,Bitumen,石油沥青,Hedge-position margin ratio,套保持仓交易保证金比例,0.1,0.1,0.13,0.13,bu2510;bu2511;bu2512;bu2601;bu2602;bu2603;bu2604;bu2605;bu2606;bu2607;bu2608;bu2609;bu2612;bu2703;bu2706;bu2709,bu2510;bu2511;bu2512;bu2601;bu2602;bu2603;bu2604;bu2605;bu2606;bu2607;bu2608;bu2609;bu2612;bu2703;bu2706;bu2709,16,16,16,16,1.0,1.0,all_active_contracts,覆盖当日全部活跃合约,1,1,0,0,Descriptive cluster only; it is not automatically classified as a notice-driven or causal policy event.,仅为描述性变更簇，不自动认定为公告驱动或因果政策事件。
v15_cluster_0022180,v15_cluster_0022180,20250930,20250930,BU,BU,Bitumen,石油沥青,Price-limit ratio,涨跌停板幅度,0.09,0.09,0.12,0.12,bu2510;bu2511;bu2512;bu2601;bu2602;bu2603;bu2604;bu2605;bu2606;bu2607;bu2608;bu2609;bu2612;bu2703;bu2706;bu2709,bu2510;bu2511;bu2512;bu2601;bu2602;bu2603;bu2604;bu2605;bu2606;bu2607;bu2608;bu2609;bu2612;bu2703;bu2706;bu2709,16,16,16,16,1.0,1.0,all_active_contracts,覆盖当日全部活跃合约,1,1,0,0,Descriptive cluster only; it is not automatically classified as a notice-driven or causal policy event.,仅为描述性变更簇，不自动认定为公告驱动或因果政策事件。
v15_cluster_0022244,v15_cluster_0022244,20251009,20251009,AO,AO,Alumina,氧化铝,General-position margin ratio,一般持仓交易保证金比例,0.13,0.13,0.15,0.15,ao2510,ao2510,1,1,12,12,0.08333333333333333,0.08333333333333333,single_contract,单一合约,1,1,0,0,Descriptive cluster only; it is not automatically classified as a notice-driven or causal policy event.,仅为描述性变更簇，不自动认定为公告驱动或因果政策事件。
v15_cluster_0022245,v15_cluster_0022245,20251009,20251009,AO,AO,Alumina,氧化铝,Hedge-position margin ratio,套保持仓交易保证金比例,0.12,0.12,0.15,0.15,ao2510,ao2510,1,1,12,12,0.08333333333333333,0.08333333333333333,single_contract,单一合约,1,1,0,0,Descriptive cluster only; it is not automatically classified as a notice-driven or causal policy event.,仅为描述性变更簇，不自动认定为公告驱动或因果政策事件。
v15_cluster_0022251,v15_cluster_0022251,20251009,20251009,BU,BU,Bitumen,石油沥青,General-position margin ratio,一般持仓交易保证金比例,0.14,0.14,0.15,0.15,bu2510,bu2510,1,1,16,16,0.0625,0.0625,single_contract,单一合约,1,1,0,0,Descriptive cluster only; it is not automatically classified as a notice-driven or causal policy event.,仅为描述性变更簇，不自动认定为公告驱动或因果政策事件。
v15_cluster_0022252,v15_cluster_0022252,20251009,20251009,BU,BU,Bitumen,石油沥青,Hedge-position margin ratio,套保持仓交易保证金比例,0.13,0.13,0.15,0.15,bu2510,bu2510,1,1,16,16,0.0625,0.0625,single_contract,单一合约,1,1,0,0,Descriptive cluster only; it is not automatically classified as a notice-driven or causal policy event.,仅为描述性变更簇，不自动认定为公告驱动或因果政策事件。
v15_cluster_0022293,v15_cluster_0022293,20251010,20251010,AO,AO,Alumina,氧化铝,General-position margin ratio,一般持仓交易保证金比例,0.13,0.13,0.11,0.11,ao2511;ao2512;ao2601;ao2602;ao2603;ao2604;ao2605;ao2606;ao2607;ao2608;ao2609,ao2511;ao2512;ao2601;ao2602;ao2603;ao2604;ao2605;ao2606;ao2607;ao2608;ao2609,11,11,12,12,0.9166666666666666,0.9166666666666666,majority_of_active_contracts,覆盖当日多数活跃合约,0,0,0,0,Descriptive cluster only; it is not automatically classified as a notice-driven or causal policy event.,仅为描述性变更簇，不自动认定为公告驱动或因果政策事件。
v15_cluster_0022294,v15_cluster_0022294,20251010,20251010,AO,AO,Alumina,氧化铝,Hedge-position margin ratio,套保持仓交易保证金比例,0.12,0.12,0.1,0.1,ao2511;ao2512;ao2601;ao2602;ao2603;ao2604;ao2605;ao2606;ao2607;ao2608;ao2609,ao2511;ao2512;ao2601;ao2602;ao2603;ao2604;ao2605;ao2606;ao2607;ao2608;ao2609,11,11,12,12,0.9166666666666666,0.9166666666666666,majority_of_active_contracts,覆盖当日多数活跃合约,0,0,0,0,Descriptive cluster only; it is not automatically classified as a notice-driven or causal policy event.,仅为描述性变更簇，不自动认定为公告驱动或因果政策事件。
v15_cluster_0022295,v15_cluster_0022295,20251010,20251010,AO,AO,Alumina,氧化铝,Price-limit ratio,涨跌停板幅度,0.11,0.11,0.09,0.09,ao2510;ao2511;ao2512;ao2601;ao2602;ao2603;ao2604;ao2605;ao2606;ao2607;ao2608;ao2609,ao2510;ao2511;ao2512;ao2601;ao2602;ao2603;ao2604;ao2605;ao2606;ao2607;ao2608;ao2609,12,12,12,12,1.0,1.0,all_active_contracts,覆盖当日全部活跃合约,1,1,0,0,Descriptive cluster only; it is not automatically classified as a notice-driven or causal policy event.,仅为描述性变更簇，不自动认定为公告驱动或因果政策事件。
v15_cluster_0022309,v15_cluster_0022309,20251010,20251010,BU,BU,Bitumen,石油沥青,General-position margin ratio,一般持仓交易保证金比例,0.14,0.14,0.11,0.11,bu2511;bu2512;bu2601;bu2602;bu2603;bu2604;bu2605;bu2606;bu2607;bu2608;bu2609;bu2612;bu2703;bu2706;bu2709,bu2511;bu2512;bu2601;bu2602;bu2603;bu2604;bu2605;bu2606;bu2607;bu2608;bu2609;bu2612;bu2703;bu2706;bu2709,15,15,16,16,0.9375,0.9375,majority_of_active_contracts,覆盖当日多数活跃合约,0,0,0,0,Descriptive cluster only; it is not automatically classified as a notice-driven or causal policy event.,仅为描述性变更簇，不自动认定为公告驱动或因果政策事件。
v15_cluster_0022310,v15_cluster_0022310,20251010,20251010,BU,BU,Bitumen,石油沥青,Hedge-position margin ratio,套保持仓交易保证金比例,0.13,0.13,0.1,0.1,bu2511;bu2512;bu2601;bu2602;bu2603;bu2604;bu2605;bu2606;bu2607;bu2608;bu2609;bu2612;bu2703;bu2706;bu2709,bu2511;bu2512;bu2601;bu2602;bu2603;bu2604;bu2605;bu2606;bu2607;bu2608;bu2609;bu2612;bu2703;bu2706;bu2709,15,15,16,16,0.9375,0.9375,majority_of_active_contracts,覆盖当日多数活跃合约,0,0,0,0,Descriptive cluster only; it is not automatically classified as a notice-driven or causal policy event.,仅为描述性变更簇，不自动认定为公告驱动或因果政策事件。
v15_cluster_0022311,v15_cluster_0022311,20251010,20251010,BU,BU,Bitumen,石油沥青,Price-limit ratio,涨跌停板幅度,0.12,0.12,0.09,0.09,bu2510;bu2511;bu2512;bu2601;bu2602;bu2603;bu2604;bu2605;bu2606;bu2607;bu2608;bu2609;bu2612;bu2703;bu2706;bu2709,bu2510;bu2511;bu2512;bu2601;bu2602;bu2603;bu2604;bu2605;bu2606;bu2607;bu2608;bu2609;bu2612;bu2703;bu2706;bu2709,16,16,16,16,1.0,1.0,all_active_contracts,覆盖当日全部活跃合约,1,1,0,0,Descriptive cluster only; it is not automatically classified as a notice-driven or causal policy event.,仅为描述性变更簇，不自动认定为公告驱动或因果政策事件。
v15_cluster_0022379,v15_cluster_0022379,20251013,20251013,AO,AO,Alumina,氧化铝,General-position margin ratio,一般持仓交易保证金比例,0.15,0.15,0.2,0.2,ao2510,ao2510,1,1,12,12,0.08333333333333333,0.08333333333333333,single_contract,单一合约,1,1,0,0,Descriptive cluster only; it is not automatically classified as a notice-driven or causal policy event.,仅为描述性变更簇，不自动认定为公告驱动或因果政策事件。
v15_cluster_0022380,v15_cluster_0022380,20251013,20251013,AO,AO,Alumina,氧化铝,Hedge-position margin ratio,套保持仓交易保证金比例,0.15,0.15,0.2,0.2,ao2510,ao2510,1,1,12,12,0.08333333333333333,0.08333333333333333,single_contract,单一合约,1,1,0,0,Descriptive cluster only; it is not automatically classified as a notice-driven or causal policy event.,仅为描述性变更簇，不自动认定为公告驱动或因果政策事件。
v15_cluster_0022388,v15_cluster_0022388,20251013,20251013,BU,BU,Bitumen,石油沥青,General-position margin ratio,一般持仓交易保证金比例,0.15,0.15,0.2,0.2,bu2510,bu2510,1,1,16,16,0.0625,0.0625,single_contract,单一合约,1,1,0,0,Descriptive cluster only; it is not automatically classified as a notice-driven or causal policy event.,仅为描述性变更簇，不自动认定为公告驱动或因果政策事件。
v15_cluster_0022389,v15_cluster_0022389,20251013,20251013,BU,BU,Bitumen,石油沥青,Hedge-position margin ratio,套保持仓交易保证金比例,0.15,0.15,0.2,0.2,bu2510,bu2510,1,1,16,16,0.0625,0.0625,single_contract,单一合约,1,1,0,0,Descriptive cluster only; it is not automatically classified as a notice-driven or causal policy event.,仅为描述性变更簇，不自动认定为公告驱动或因果政策事件。
v15_cluster_0022447,v15_cluster_0022447,20251017,20251017,AO,AO,Alumina,氧化铝,Price-limit ratio,涨跌停板幅度,0.18,0.18,0.09,0.09,ao2610,ao2610,1,1,12,12,0.08333333333333333,0.08333333333333333,single_contract,单一合约,0,0,0,0,Descriptive cluster only; it is not automatically classified as a notice-driven or causal policy event.,仅为描述性变更簇，不自动认定为公告驱动或因果政策事件。
v15_cluster_0022449,v15_cluster_0022449,20251017,20251017,BU,BU,Bitumen,石油沥青,Price-limit ratio,涨跌停板幅度,0.18,0.18,0.09,0.09,bu2610,bu2610,1,1,16,16,0.0625,0.0625,single_contract,单一合约,0,0,0,0,Descriptive cluster only; it is not automatically classified as a notice-driven or causal policy event.,仅为描述性变更簇，不自动认定为公告驱动或因果政策事件。
v15_cluster_0022489,v15_cluster_0022489,20251103,20251103,AO,AO,Alumina,氧化铝,General-position margin ratio,一般持仓交易保证金比例,0.11,0.11,0.15,0.15,ao2511,ao2511,1,1,12,12,0.08333333333333333,0.08333333333333333,single_contract,单一合约,1,1,0,0,Descriptive cluster only; it is not automatically classified as a notice-driven or causal policy event.,仅为描述性变更簇，不自动认定为公告驱动或因果政策事件。
v15_cluster_0022490,v15_cluster_0022490,20251103,20251103,AO,AO,Alumina,氧化铝,Hedge-position margin ratio,套保持仓交易保证金比例,0.1,0.1,0.15,0.15,ao2511,ao2511,1,1,12,12,0.08333333333333333,0.08333333333333333,single_contract,单一合约,1,1,0,0,Descriptive cluster only; it is not automatically classified as a notice-driven or causal policy event.,仅为描述性变更簇，不自动认定为公告驱动或因果政策事件。
v15_cluster_0022499,v15_cluster_0022499,20251103,20251103,BU,BU,Bitumen,石油沥青,General-position margin ratio,一般持仓交易保证金比例,0.11,0.11,0.15,0.15,bu2511,bu2511,1,1,16,16,0.0625,0.0625,single_contract,单一合约,1,1,0,0,Descriptive cluster only; it is not automatically classified as a notice-driven or causal policy event.,仅为描述性变更簇，不自动认定为公告驱动或因果政策事件。
v15_cluster_0022500,v15_cluster_0022500,20251103,20251103,BU,BU,Bitumen,石油沥青,Hedge-position margin ratio,套保持仓交易保证金比例,0.1,0.1,0.15,0.15,bu2511,bu2511,1,1,16,16,0.0625,0.0625,single_contract,单一合约,1,1,0,0,Descriptive cluster only; it is not automatically classified as a notice-driven or causal policy event.,仅为描述性变更簇，不自动认定为公告驱动或因果政策事件。
v15_cluster_0022547,v15_cluster_0022547,20251110,20251110,AO,AO,Alumina,氧化铝,General-position margin ratio,一般持仓交易保证金比例,0.11,0.11,0.09,0.09,ao2601;ao2602;ao2603;ao2604;ao2605;ao2606;ao2607;ao2608;ao2609;ao2610,ao2601;ao2602;ao2603;ao2604;ao2605;ao2606;ao2607;ao2608;ao2609;ao2610,10,10,12,12,0.8333333333333334,0.8333333333333334,majority_of_active_contracts,覆盖当日多数活跃合约,0,0,0,0,Descriptive cluster only; it is not automatically classified as a notice-driven or causal policy event.,仅为描述性变更簇，不自动认定为公告驱动或因果政策事件。
v15_cluster_0022548,v15_cluster_0022548,20251110,20251110,AO,AO,Alumina,氧化铝,General-position margin ratio,一般持仓交易保证金比例,0.11,0.11,0.1,0.1,ao2512,ao2512,1,1,12,12,0.08333333333333333,0.08333333333333333,single_contract,单一合约,0,0,0,0,Descriptive cluster only; it is not automatically classified as a notice-driven or causal policy event.,仅为描述性变更簇，不自动认定为公告驱动或因果政策事件。
v15_cluster_0022549,v15_cluster_0022549,20251110,20251110,AO,AO,Alumina,氧化铝,Hedge-position margin ratio,套保持仓交易保证金比例,0.1,0.1,0.08,0.08,ao2601;ao2602;ao2603;ao2604;ao2605;ao2606;ao2607;ao2608;ao2609;ao2610,ao2601;ao2602;ao2603;ao2604;ao2605;ao2606;ao2607;ao2608;ao2609;ao2610,10,10,12,12,0.8333333333333334,0.8333333333333334,majority_of_active_contracts,覆盖当日多数活跃合约,0,0,0,0,Descriptive cluster only; it is not automatically classified as a notice-driven or causal policy event.,仅为描述性变更簇，不自动认定为公告驱动或因果政策事件。
v15_cluster_0022550,v15_cluster_0022550,20251110,20251110,AO,AO,Alumina,氧化铝,Price-limit ratio,涨跌停板幅度,0.09,0.09,0.07,0.07,ao2511;ao2512;ao2601;ao2602;ao2603;ao2604;ao2605;ao2606;ao2607;ao2608;ao2609;ao2610,ao2511;ao2512;ao2601;ao2602;ao2603;ao2604;ao2605;ao2606;ao2607;ao2608;ao2609;ao2610,12,12,12,12,1.0,1.0,all_active_contracts,覆盖当日全部活跃合约,1,1,0,0,Descriptive cluster only; it is not automatically classified as a notice-driven or causal policy event.,仅为描述性变更簇，不自动认定为公告驱动或因果政策事件。
v15_cluster_0022559,v15_cluster_0022559,20251113,20251113,AO,AO,Alumina,氧化铝,General-position margin ratio,一般持仓交易保证金比例,0.15,0.15,0.2,0.2,ao2511,ao2511,1,1,12,12,0.08333333333333333,0.08333333333333333,single_contract,单一合约,1,1,0,0,Descriptive cluster only; it is not automatically classified as a notice-driven or causal policy event.,仅为描述性变更簇，不自动认定为公告驱动或因果政策事件。
v15_cluster_0022560,v15_cluster_0022560,20251113,20251113,AO,AO,Alumina,氧化铝,Hedge-position margin ratio,套保持仓交易保证金比例,0.15,0.15,0.2,0.2,ao2511,ao2511,1,1,12,12,0.08333333333333333,0.08333333333333333,single_contract,单一合约,1,1,0,0,Descriptive cluster only; it is not automatically classified as a notice-driven or causal policy event.,仅为描述性变更簇，不自动认定为公告驱动或因果政策事件。
v15_cluster_0022567,v15_cluster_0022567,20251113,20251113,BU,BU,Bitumen,石油沥青,General-position margin ratio,一般持仓交易保证金比例,0.15,0.15,0.2,0.2,bu2511,bu2511,1,1,16,16,0.0625,0.0625,single_contract,单一合约,1,1,0,0,Descriptive cluster only; it is not automatically classified as a notice-driven or causal policy event.,仅为描述性变更簇，不自动认定为公告驱动或因果政策事件。
v15_cluster_0022568,v15_cluster_0022568,20251113,20251113,BU,BU,Bitumen,石油沥青,Hedge-position margin ratio,套保持仓交易保证金比例,0.15,0.15,0.2,0.2,bu2511,bu2511,1,1,16,16,0.0625,0.0625,single_contract,单一合约,1,1,0,0,Descriptive cluster only; it is not automatically classified as a notice-driven or causal policy event.,仅为描述性变更簇，不自动认定为公告驱动或因果政策事件。
v15_cluster_0022597,v15_cluster_0022597,20251119,20251119,AO,AO,Alumina,氧化铝,Price-limit ratio,涨跌停板幅度,0.14,0.14,0.07,0.07,ao2611,ao2611,1,1,12,12,0.08333333333333333,0.08333333333333333,single_contract,单一合约,0,0,0,0,Descriptive cluster only; it is not automatically classified as a notice-driven or causal policy event.,仅为描述性变更簇，不自动认定为公告驱动或因果政策事件。
v15_cluster_0022607,v15_cluster_0022607,20251120,20251120,BU,BU,Bitumen,石油沥青,Price-limit ratio,涨跌停板幅度,0.18,0.18,0.09,0.09,bu2611,bu2611,1,1,16,16,0.0625,0.0625,single_contract,单一合约,0,0,0,0,Descriptive cluster only; it is not automatically classified as a notice-driven or causal policy event.,仅为描述性变更簇，不自动认定为公告驱动或因果政策事件。
v15_cluster_0022626,v15_cluster_0022626,20251201,20251201,AO,AO,Alumina,氧化铝,General-position margin ratio,一般持仓交易保证金比例,0.09,0.09,0.1,0.1,ao2601,ao2601,1,1,12,12,0.08333333333333333,0.08333333333333333,single_contract,单一合约,0,0,0,0,Descriptive cluster only; it is not automatically classified as a notice-driven or causal policy event.,仅为描述性变更簇，不自动认定为公告驱动或因果政策事件。
v15_cluster_0022627,v15_cluster_0022627,20251201,20251201,AO,AO,Alumina,氧化铝,General-position margin ratio,一般持仓交易保证金比例,0.1,0.1,0.15,0.15,ao2512,ao2512,1,1,12,12,0.08333333333333333,0.08333333333333333,single_contract,单一合约,1,1,0,0,Descriptive cluster only; it is not automatically classified as a notice-driven or causal policy event.,仅为描述性变更簇，不自动认定为公告驱动或因果政策事件。
v15_cluster_0022628,v15_cluster_0022628,20251201,20251201,AO,AO,Alumina,氧化铝,Hedge-position margin ratio,套保持仓交易保证金比例,0.08,0.08,0.1,0.1,ao2601,ao2601,1,1,12,12,0.08333333333333333,0.08333333333333333,single_contract,单一合约,0,0,0,0,Descriptive cluster only; it is not automatically classified as a notice-driven or causal policy event.,仅为描述性变更簇，不自动认定为公告驱动或因果政策事件。
v15_cluster_0022629,v15_cluster_0022629,20251201,20251201,AO,AO,Alumina,氧化铝,Hedge-position margin ratio,套保持仓交易保证金比例,0.1,0.1,0.15,0.15,ao2512,ao2512,1,1,12,12,0.08333333333333333,0.08333333333333333,single_contract,单一合约,1,1,0,0,Descriptive cluster only; it is not automatically classified as a notice-driven or causal policy event.,仅为描述性变更簇，不自动认定为公告驱动或因果政策事件。
v15_cluster_0022638,v15_cluster_0022638,20251201,20251201,BU,BU,Bitumen,石油沥青,General-position margin ratio,一般持仓交易保证金比例,0.11,0.11,0.15,0.15,bu2512,bu2512,1,1,16,16,0.0625,0.0625,single_contract,单一合约,1,1,0,0,Descriptive cluster only; it is not automatically classified as a notice-driven or causal policy event.,仅为描述性变更簇，不自动认定为公告驱动或因果政策事件。
v15_cluster_0022639,v15_cluster_0022639,20251201,20251201,BU,BU,Bitumen,石油沥青,Hedge-position margin ratio,套保持仓交易保证金比例,0.1,0.1,0.15,0.15,bu2512,bu2512,1,1,16,16,0.0625,0.0625,single_contract,单一合约,1,1,0,0,Descriptive cluster only; it is not automatically classified as a notice-driven or causal policy event.,仅为描述性变更簇，不自动认定为公告驱动或因果政策事件。
v15_cluster_0022690,v15_cluster_0022690,20251210,20251210,BU,BU,Bitumen,石油沥青,General-position margin ratio,一般持仓交易保证金比例,0.11,0.11,0.09,0.09,bu2602;bu2603;bu2604;bu2605;bu2606;bu2607;bu2608;bu2609;bu2610;bu2611;bu2612;bu2703;bu2706;bu2709,bu2602;bu2603;bu2604;bu2605;bu2606;bu2607;bu2608;bu2609;bu2610;bu2611;bu2612;bu2703;bu2706;bu2709,14,14,16,16,0.875,0.875,majority_of_active_contracts,覆盖当日多数活跃合约,0,0,0,0,Descriptive cluster only; it is not automatically classified as a notice-driven or causal policy event.,仅为描述性变更簇，不自动认定为公告驱动或因果政策事件。
v15_cluster_0022691,v15_cluster_0022691,20251210,20251210,BU,BU,Bitumen,石油沥青,General-position margin ratio,一般持仓交易保证金比例,0.11,0.11,0.1,0.1,bu2601,bu2601,1,1,16,16,0.0625,0.0625,single_contract,单一合约,0,0,0,0,Descriptive cluster only; it is not automatically classified as a notice-driven or causal policy event.,仅为描述性变更簇，不自动认定为公告驱动或因果政策事件。
v15_cluster_0022692,v15_cluster_0022692,20251210,20251210,BU,BU,Bitumen,石油沥青,Hedge-position margin ratio,套保持仓交易保证金比例,0.1,0.1,0.08,0.08,bu2602;bu2603;bu2604;bu2605;bu2606;bu2607;bu2608;bu2609;bu2610;bu2611;bu2612;bu2703;bu2706;bu2709,bu2602;bu2603;bu2604;bu2605;bu2606;bu2607;bu2608;bu2609;bu2610;bu2611;bu2612;bu2703;bu2706;bu2709,14,14,16,16,0.875,0.875,majority_of_active_contracts,覆盖当日多数活跃合约,0,0,0,0,Descriptive cluster only; it is not automatically classified as a notice-driven or causal policy event.,仅为描述性变更簇，不自动认定为公告驱动或因果政策事件。
v15_cluster_0022693,v15_cluster_0022693,20251210,20251210,BU,BU,Bitumen,石油沥青,Price-limit ratio,涨跌停板幅度,0.09,0.09,0.07,0.07,bu2512;bu2601;bu2602;bu2603;bu2604;bu2605;bu2606;bu2607;bu2608;bu2609;bu2610;bu2611;bu2612;bu2703;bu2706;bu2709,bu2512;bu2601;bu2602;bu2603;bu2604;bu2605;bu2606;bu2607;bu2608;bu2609;bu2610;bu2611;bu2612;bu2703;bu2706;bu2709,16,16,16,16,1.0,1.0,all_active_contracts,覆盖当日全部活跃合约,1,1,0,0,Descriptive cluster only; it is not automatically classified as a notice-driven or causal policy event.,仅为描述性变更簇，不自动认定为公告驱动或因果政策事件。
v15_cluster_0022713,v15_cluster_0022713,20251211,20251211,AO,AO,Alumina,氧化铝,General-position margin ratio,一般持仓交易保证金比例,0.15,0.15,0.2,0.2,ao2512,ao2512,1,1,12,12,0.08333333333333333,0.08333333333333333,single_contract,单一合约,1,1,0,0,Descriptive cluster only; it is not automatically classified as a notice-driven or causal policy event.,仅为描述性变更簇，不自动认定为公告驱动或因果政策事件。
v15_cluster_0022714,v15_cluster_0022714,20251211,20251211,AO,AO,Alumina,氧化铝,Hedge-position margin ratio,套保持仓交易保证金比例,0.15,0.15,0.2,0.2,ao2512,ao2512,1,1,12,12,0.08333333333333333,0.08333333333333333,single_contract,单一合约,1,1,0,0,Descriptive cluster only; it is not automatically classified as a notice-driven or causal policy event.,仅为描述性变更簇，不自动认定为公告驱动或因果政策事件。
v15_cluster_0022721,v15_cluster_0022721,20251211,20251211,BU,BU,Bitumen,石油沥青,General-position margin ratio,一般持仓交易保证金比例,0.15,0.15,0.2,0.2,bu2512,bu2512,1,1,16,16,0.0625,0.0625,single_contract,单一合约,1,1,0,0,Descriptive cluster only; it is not automatically classified as a notice-driven or causal policy event.,仅为描述性变更簇，不自动认定为公告驱动或因果政策事件。
v15_cluster_0022722,v15_cluster_0022722,20251211,20251211,BU,BU,Bitumen,石油沥青,Hedge-position margin ratio,套保持仓交易保证金比例,0.15,0.15,0.2,0.2,bu2512,bu2512,1,1,16,16,0.0625,0.0625,single_contract,单一合约,1,1,0,0,Descriptive cluster only; it is not automatically classified as a notice-driven or causal policy event.,仅为描述性变更簇，不自动认定为公告驱动或因果政策事件。
v15_cluster_0022756,v15_cluster_0022756,20251217,20251217,AO,AO,Alumina,氧化铝,Price-limit ratio,涨跌停板幅度,0.14,0.14,0.07,0.07,ao2612,ao2612,1,1,12,12,0.08333333333333333,0.08333333333333333,single_contract,单一合约,0,0,0,0,Descriptive cluster only; it is not automatically classified as a notice-driven or causal policy event.,仅为描述性变更簇，不自动认定为公告驱动或因果政策事件。
v15_cluster_0022759,v15_cluster_0022759,20251217,20251217,BU,BU,Bitumen,石油沥青,Price-limit ratio,涨跌停板幅度,0.14,0.14,0.07,0.07,bu2712,bu2712,1,1,16,16,0.0625,0.0625,single_contract,单一合约,0,0,0,0,Descriptive cluster only; it is not automatically classified as a notice-driven or causal policy event.,仅为描述性变更簇，不自动认定为公告驱动或因果政策事件。
v15_cluster_0022798,v15_cluster_0022798,20260105,20260105,AO,AO,Alumina,氧化铝,General-position margin ratio,一般持仓交易保证金比例,0.09,0.09,0.1,0.1,ao2602,ao2602,1,1,12,12,0.08333333333333333,0.08333333333333333,single_contract,单一合约,0,0,0,0,Descriptive cluster only; it is not automatically classified as a notice-driven or causal policy event.,仅为描述性变更簇，不自动认定为公告驱动或因果政策事件。
v15_cluster_0022799,v15_cluster_0022799,20260105,20260105,AO,AO,Alumina,氧化铝,General-position margin ratio,一般持仓交易保证金比例,0.1,0.1,0.15,0.15,ao2601,ao2601,1,1,12,12,0.08333333333333333,0.08333333333333333,single_contract,单一合约,1,1,0,0,Descriptive cluster only; it is not automatically classified as a notice-driven or causal policy event.,仅为描述性变更簇，不自动认定为公告驱动或因果政策事件。
v15_cluster_0022800,v15_cluster_0022800,20260105,20260105,AO,AO,Alumina,氧化铝,Hedge-position margin ratio,套保持仓交易保证金比例,0.08,0.08,0.1,0.1,ao2602,ao2602,1,1,12,12,0.08333333333333333,0.08333333333333333,single_contract,单一合约,0,0,0,0,Descriptive cluster only; it is not automatically classified as a notice-driven or causal policy event.,仅为描述性变更簇，不自动认定为公告驱动或因果政策事件。
v15_cluster_0022801,v15_cluster_0022801,20260105,20260105,AO,AO,Alumina,氧化铝,Hedge-position margin ratio,套保持仓交易保证金比例,0.1,0.1,0.15,0.15,ao2601,ao2601,1,1,12,12,0.08333333333333333,0.08333333333333333,single_contract,单一合约,1,1,0,0,Descriptive cluster only; it is not automatically classified as a notice-driven or causal policy event.,仅为描述性变更簇，不自动认定为公告驱动或因果政策事件。
v15_cluster_0022810,v15_cluster_0022810,20260105,20260105,BU,BU,Bitumen,石油沥青,General-position margin ratio,一般持仓交易保证金比例,0.09,0.09,0.1,0.1,bu2602,bu2602,1,1,16,16,0.0625,0.0625,single_contract,单一合约,0,0,0,0,Descriptive cluster only; it is not automatically classified as a notice-driven or causal policy event.,仅为描述性变更簇，不自动认定为公告驱动或因果政策事件。
v15_cluster_0022811,v15_cluster_0022811,20260105,20260105,BU,BU,Bitumen,石油沥青,General-position margin ratio,一般持仓交易保证金比例,0.1,0.1,0.15,0.15,bu2601,bu2601,1,1,16,16,0.0625,0.0625,single_contract,单一合约,1,1,0,0,Descriptive cluster only; it is not automatically classified as a notice-driven or causal policy event.,仅为描述性变更簇，不自动认定为公告驱动或因果政策事件。
v15_cluster_0022812,v15_cluster_0022812,20260105,20260105,BU,BU,Bitumen,石油沥青,Hedge-position margin ratio,套保持仓交易保证金比例,0.08,0.08,0.1,0.1,bu2602,bu2602,1,1,16,16,0.0625,0.0625,single_contract,单一合约,0,0,0,0,Descriptive cluster only; it is not automatically classified as a notice-driven or causal policy event.,仅为描述性变更簇，不自动认定为公告驱动或因果政策事件。
v15_cluster_0022813,v15_cluster_0022813,20260105,20260105,BU,BU,Bitumen,石油沥青,Hedge-position margin ratio,套保持仓交易保证金比例,0.1,0.1,0.15,0.15,bu2601,bu2601,1,1,16,16,0.0625,0.0625,single_contract,单一合约,1,1,0,0,Descriptive cluster only; it is not automatically classified as a notice-driven or causal policy event.,仅为描述性变更簇，不自动认定为公告驱动或因果政策事件。
v15_cluster_0022897,v15_cluster_0022897,20260113,20260113,AO,AO,Alumina,氧化铝,General-position margin ratio,一般持仓交易保证金比例,0.15,0.15,0.2,0.2,ao2601,ao2601,1,1,12,12,0.08333333333333333,0.08333333333333333,single_contract,单一合约,1,1,0,0,Descriptive cluster only; it is not automatically classified as a notice-driven or causal policy event.,仅为描述性变更簇，不自动认定为公告驱动或因果政策事件。
v15_cluster_0022898,v15_cluster_0022898,20260113,20260113,AO,AO,Alumina,氧化铝,Hedge-position margin ratio,套保持仓交易保证金比例,0.15,0.15,0.2,0.2,ao2601,ao2601,1,1,12,12,0.08333333333333333,0.08333333333333333,single_contract,单一合约,1,1,0,0,Descriptive cluster only; it is not automatically classified as a notice-driven or causal policy event.,仅为描述性变更簇，不自动认定为公告驱动或因果政策事件。
v15_cluster_0022905,v15_cluster_0022905,20260113,20260113,BU,BU,Bitumen,石油沥青,General-position margin ratio,一般持仓交易保证金比例,0.15,0.15,0.2,0.2,bu2601,bu2601,1,1,16,16,0.0625,0.0625,single_contract,单一合约,1,1,0,0,Descriptive cluster only; it is not automatically classified as a notice-driven or causal policy event.,仅为描述性变更簇，不自动认定为公告驱动或因果政策事件。
v15_cluster_0022906,v15_cluster_0022906,20260113,20260113,BU,BU,Bitumen,石油沥青,Hedge-position margin ratio,套保持仓交易保证金比例,0.15,0.15,0.2,0.2,bu2601,bu2601,1,1,16,16,0.0625,0.0625,single_contract,单一合约,1,1,0,0,Descriptive cluster only; it is not automatically classified as a notice-driven or causal policy event.,仅为描述性变更簇，不自动认定为公告驱动或因果政策事件。
v15_cluster_0022959,v15_cluster_0022959,20260119,20260119,AO,AO,Alumina,氧化铝,Price-limit ratio,涨跌停板幅度,0.14,0.14,0.07,0.07,ao2701,ao2701,1,1,12,12,0.08333333333333333,0.08333333333333333,single_contract,单一合约,0,0,0,0,Descriptive cluster only; it is not automatically classified as a notice-driven or causal policy event.,仅为描述性变更簇，不自动认定为公告驱动或因果政策事件。
v15_cluster_0022962,v15_cluster_0022962,20260119,20260119,BU,BU,Bitumen,石油沥青,Price-limit ratio,涨跌停板幅度,0.14,0.14,0.07,0.07,bu2701,bu2701,1,1,16,16,0.0625,0.0625,single_contract,单一合约,0,0,0,0,Descriptive cluster only; it is not automatically classified as a notice-driven or causal policy event.,仅为描述性变更簇，不自动认定为公告驱动或因果政策事件。
v15_cluster_0023009,v15_cluster_0023009,20260128,20260128,AO,AO,Alumina,氧化铝,General-position margin ratio,一般持仓交易保证金比例,0.09,0.09,0.1,0.1,ao2603;ao2604;ao2605;ao2606;ao2607;ao2608;ao2609;ao2610;ao2611;ao2612;ao2701,ao2603;ao2604;ao2605;ao2606;ao2607;ao2608;ao2609;ao2610;ao2611;ao2612;ao2701,11,11,12,12,0.9166666666666666,0.9166666666666666,majority_of_active_contracts,覆盖当日多数活跃合约,0,0,0,0,Descriptive cluster only; it is not automatically classified as a notice-driven or causal policy event.,仅为描述性变更簇，不自动认定为公告驱动或因果政策事件。
v15_cluster_0023010,v15_cluster_0023010,20260128,20260128,AO,AO,Alumina,氧化铝,Hedge-position margin ratio,套保持仓交易保证金比例,0.08,0.08,0.09,0.09,ao2603;ao2604;ao2605;ao2606;ao2607;ao2608;ao2609;ao2610;ao2611;ao2612;ao2701,ao2603;ao2604;ao2605;ao2606;ao2607;ao2608;ao2609;ao2610;ao2611;ao2612;ao2701,11,11,12,12,0.9166666666666666,0.9166666666666666,majority_of_active_contracts,覆盖当日多数活跃合约,0,0,0,0,Descriptive cluster only; it is not automatically classified as a notice-driven or causal policy event.,仅为描述性变更簇，不自动认定为公告驱动或因果政策事件。
v15_cluster_0023011,v15_cluster_0023011,20260128,20260128,AO,AO,Alumina,氧化铝,Price-limit ratio,涨跌停板幅度,0.07,0.07,0.08,0.08,ao2602;ao2603;ao2604;ao2605;ao2606;ao2607;ao2608;ao2609;ao2610;ao2611;ao2612;ao2701,ao2602;ao2603;ao2604;ao2605;ao2606;ao2607;ao2608;ao2609;ao2610;ao2611;ao2612;ao2701,12,12,12,12,1.0,1.0,all_active_contracts,覆盖当日全部活跃合约,1,1,0,0,Descriptive cluster only; it is not automatically classified as a notice-driven or causal policy event.,仅为描述性变更簇，不自动认定为公告驱动或因果政策事件。
v15_cluster_0023055,v15_cluster_0023055,20260202,20260202,AO,AO,Alumina,氧化铝,General-position margin ratio,一般持仓交易保证金比例,0.1,0.1,0.11,0.11,ao2603;ao2604;ao2605;ao2606;ao2607;ao2608;ao2609;ao2610;ao2611;ao2612;ao2701,ao2603;ao2604;ao2605;ao2606;ao2607;ao2608;ao2609;ao2610;ao2611;ao2612;ao2701,11,11,12,12,0.9166666666666666,0.9166666666666666,majority_of_active_contracts,覆盖当日多数活跃合约,0,0,0,0,Descriptive cluster only; it is not automatically classified as a notice-driven or causal policy event.,仅为描述性变更簇，不自动认定为公告驱动或因果政策事件。
v15_cluster_0023056,v15_cluster_0023056,20260202,20260202,AO,AO,Alumina,氧化铝,General-position margin ratio,一般持仓交易保证金比例,0.1,0.1,0.15,0.15,ao2602,ao2602,1,1,12,12,0.08333333333333333,0.08333333333333333,single_contract,单一合约,1,1,0,0,Descriptive cluster only; it is not automatically classified as a notice-driven or causal policy event.,仅为描述性变更簇，不自动认定为公告驱动或因果政策事件。
v15_cluster_0023057,v15_cluster_0023057,20260202,20260202,AO,AO,Alumina,氧化铝,Hedge-position margin ratio,套保持仓交易保证金比例,0.09,0.09,0.1,0.1,ao2603;ao2604;ao2605;ao2606;ao2607;ao2608;ao2609;ao2610;ao2611;ao2612;ao2701,ao2603;ao2604;ao2605;ao2606;ao2607;ao2608;ao2609;ao2610;ao2611;ao2612;ao2701,11,11,12,12,0.9166666666666666,0.9166666666666666,majority_of_active_contracts,覆盖当日多数活跃合约,0,0,0,0,Descriptive cluster only; it is not automatically classified as a notice-driven or causal policy event.,仅为描述性变更簇，不自动认定为公告驱动或因果政策事件。
v15_cluster_0023058,v15_cluster_0023058,20260202,20260202,AO,AO,Alumina,氧化铝,Hedge-position margin ratio,套保持仓交易保证金比例,0.1,0.1,0.15,0.15,ao2602,ao2602,1,1,12,12,0.08333333333333333,0.08333333333333333,single_contract,单一合约,1,1,0,0,Descriptive cluster only; it is not automatically classified as a notice-driven or causal policy event.,仅为描述性变更簇，不自动认定为公告驱动或因果政策事件。
v15_cluster_0023059,v15_cluster_0023059,20260202,20260202,AO,AO,Alumina,氧化铝,Price-limit ratio,涨跌停板幅度,0.08,0.08,0.09,0.09,ao2602;ao2603;ao2604;ao2605;ao2606;ao2607;ao2608;ao2609;ao2610;ao2611;ao2612;ao2701,ao2602;ao2603;ao2604;ao2605;ao2606;ao2607;ao2608;ao2609;ao2610;ao2611;ao2612;ao2701,12,12,12,12,1.0,1.0,all_active_contracts,覆盖当日全部活跃合约,1,1,0,0,Descriptive cluster only; it is not automatically classified as a notice-driven or causal policy event.,仅为描述性变更簇，不自动认定为公告驱动或因果政策事件。
v15_cluster_0023069,v15_cluster_0023069,20260202,20260202,BU,BU,Bitumen,石油沥青,General-position margin ratio,一般持仓交易保证金比例,0.09,0.09,0.1,0.1,bu2603,bu2603,1,1,16,16,0.0625,0.0625,single_contract,单一合约,0,0,0,0,Descriptive cluster only; it is not automatically classified as a notice-driven or causal policy event.,仅为描述性变更簇，不自动认定为公告驱动或因果政策事件。
v15_cluster_0023070,v15_cluster_0023070,20260202,20260202,BU,BU,Bitumen,石油沥青,General-position margin ratio,一般持仓交易保证金比例,0.1,0.1,0.15,0.15,bu2602,bu2602,1,1,16,16,0.0625,0.0625,single_contract,单一合约,1,1,0,0,Descriptive cluster only; it is not automatically classified as a notice-driven or causal policy event.,仅为描述性变更簇，不自动认定为公告驱动或因果政策事件。
v15_cluster_0023071,v15_cluster_0023071,20260202,20260202,BU,BU,Bitumen,石油沥青,Hedge-position margin ratio,套保持仓交易保证金比例,0.08,0.08,0.1,0.1,bu2603,bu2603,1,1,16,16,0.0625,0.0625,single_contract,单一合约,0,0,0,0,Descriptive cluster only; it is not automatically classified as a notice-driven or causal policy event.,仅为描述性变更簇，不自动认定为公告驱动或因果政策事件。
v15_cluster_0023072,v15_cluster_0023072,20260202,20260202,BU,BU,Bitumen,石油沥青,Hedge-position margin ratio,套保持仓交易保证金比例,0.1,0.1,0.15,0.15,bu2602,bu2602,1,1,16,16,0.0625,0.0625,single_contract,单一合约,1,1,0,0,Descriptive cluster only; it is not automatically classified as a notice-driven or causal policy event.,仅为描述性变更簇，不自动认定为公告驱动或因果政策事件。
v15_cluster_0023217,v15_cluster_0023217,20260206,20260206,BU,BU,Bitumen,石油沥青,General-position margin ratio,一般持仓交易保证金比例,0.09,0.09,0.11,0.11,bu2604;bu2605;bu2606;bu2607;bu2608;bu2609;bu2610;bu2611;bu2612;bu2701;bu2703;bu2706;bu2709;bu2712,bu2604;bu2605;bu2606;bu2607;bu2608;bu2609;bu2610;bu2611;bu2612;bu2701;bu2703;bu2706;bu2709;bu2712,14,14,16,16,0.875,0.875,majority_of_active_contracts,覆盖当日多数活跃合约,0,0,0,0,Descriptive cluster only; it is not automatically classified as a notice-driven or causal policy event.,仅为描述性变更簇，不自动认定为公告驱动或因果政策事件。
v15_cluster_0023218,v15_cluster_0023218,20260206,20260206,BU,BU,Bitumen,石油沥青,General-position margin ratio,一般持仓交易保证金比例,0.1,0.1,0.11,0.11,bu2603,bu2603,1,1,16,16,0.0625,0.0625,single_contract,单一合约,0,0,0,0,Descriptive cluster only; it is not automatically classified as a notice-driven or causal policy event.,仅为描述性变更簇，不自动认定为公告驱动或因果政策事件。
v15_cluster_0023219,v15_cluster_0023219,20260206,20260206,BU,BU,Bitumen,石油沥青,Hedge-position margin ratio,套保持仓交易保证金比例,0.08,0.08,0.1,0.1,bu2604;bu2605;bu2606;bu2607;bu2608;bu2609;bu2610;bu2611;bu2612;bu2701;bu2703;bu2706;bu2709;bu2712,bu2604;bu2605;bu2606;bu2607;bu2608;bu2609;bu2610;bu2611;bu2612;bu2701;bu2703;bu2706;bu2709;bu2712,14,14,16,16,0.875,0.875,majority_of_active_contracts,覆盖当日多数活跃合约,0,0,0,0,Descriptive cluster only; it is not automatically classified as a notice-driven or causal policy event.,仅为描述性变更簇，不自动认定为公告驱动或因果政策事件。
v15_cluster_0023220,v15_cluster_0023220,20260206,20260206,BU,BU,Bitumen,石油沥青,Price-limit ratio,涨跌停板幅度,0.07,0.07,0.09,0.09,bu2602;bu2603;bu2604;bu2605;bu2606;bu2607;bu2608;bu2609;bu2610;bu2611;bu2612;bu2701;bu2703;bu2706;bu2709;bu2712,bu2602;bu2603;bu2604;bu2605;bu2606;bu2607;bu2608;bu2609;bu2610;bu2611;bu2612;bu2701;bu2703;bu2706;bu2709;bu2712,16,16,16,16,1.0,1.0,all_active_contracts,覆盖当日全部活跃合约,1,1,0,0,Descriptive cluster only; it is not automatically classified as a notice-driven or causal policy event.,仅为描述性变更簇，不自动认定为公告驱动或因果政策事件。
v15_cluster_0023258,v15_cluster_0023258,20260210,20260210,AO,AO,Alumina,氧化铝,General-position margin ratio,一般持仓交易保证金比例,0.11,0.11,0.12,0.12,ao2603;ao2604;ao2605;ao2606;ao2607;ao2608;ao2609;ao2610;ao2611;ao2612;ao2701,ao2603;ao2604;ao2605;ao2606;ao2607;ao2608;ao2609;ao2610;ao2611;ao2612;ao2701,11,11,12,12,0.9166666666666666,0.9166666666666666,majority_of_active_contracts,覆盖当日多数活跃合约,0,0,0,0,Descriptive cluster only; it is not automatically classified as a notice-driven or causal policy event.,仅为描述性变更簇，不自动认定为公告驱动或因果政策事件。
v15_cluster_0023259,v15_cluster_0023259,20260210,20260210,AO,AO,Alumina,氧化铝,Hedge-position margin ratio,套保持仓交易保证金比例,0.1,0.1,0.11,0.11,ao2603;ao2604;ao2605;ao2606;ao2607;ao2608;ao2609;ao2610;ao2611;ao2612;ao2701,ao2603;ao2604;ao2605;ao2606;ao2607;ao2608;ao2609;ao2610;ao2611;ao2612;ao2701,11,11,12,12,0.9166666666666666,0.9166666666666666,majority_of_active_contracts,覆盖当日多数活跃合约,0,0,0,0,Descriptive cluster only; it is not automatically classified as a notice-driven or causal policy event.,仅为描述性变更簇，不自动认定为公告驱动或因果政策事件。
v15_cluster_0023260,v15_cluster_0023260,20260210,20260210,AO,AO,Alumina,氧化铝,Price-limit ratio,涨跌停板幅度,0.09,0.09,0.1,0.1,ao2602;ao2603;ao2604;ao2605;ao2606;ao2607;ao2608;ao2609;ao2610;ao2611;ao2612;ao2701,ao2602;ao2603;ao2604;ao2605;ao2606;ao2607;ao2608;ao2609;ao2610;ao2611;ao2612;ao2701,12,12,12,12,1.0,1.0,all_active_contracts,覆盖当日全部活跃合约,1,1,0,0,Descriptive cluster only; it is not automatically classified as a notice-driven or causal policy event.,仅为描述性变更簇，不自动认定为公告驱动或因果政策事件。
v15_cluster_0023294,v15_cluster_0023294,20260212,20260212,AO,AO,Alumina,氧化铝,General-position margin ratio,一般持仓交易保证金比例,0.15,0.15,0.2,0.2,ao2602,ao2602,1,1,12,12,0.08333333333333333,0.08333333333333333,single_contract,单一合约,1,1,0,0,Descriptive cluster only; it is not automatically classified as a notice-driven or causal policy event.,仅为描述性变更簇，不自动认定为公告驱动或因果政策事件。
v15_cluster_0023295,v15_cluster_0023295,20260212,20260212,AO,AO,Alumina,氧化铝,Hedge-position margin ratio,套保持仓交易保证金比例,0.15,0.15,0.2,0.2,ao2602,ao2602,1,1,12,12,0.08333333333333333,0.08333333333333333,single_contract,单一合约,1,1,0,0,Descriptive cluster only; it is not automatically classified as a notice-driven or causal policy event.,仅为描述性变更簇，不自动认定为公告驱动或因果政策事件。
v15_cluster_0023302,v15_cluster_0023302,20260212,20260212,BU,BU,Bitumen,石油沥青,General-position margin ratio,一般持仓交易保证金比例,0.15,0.15,0.2,0.2,bu2602,bu2602,1,1,16,16,0.0625,0.0625,single_contract,单一合约,1,1,0,0,Descriptive cluster only; it is not automatically classified as a notice-driven or causal policy event.,仅为描述性变更簇，不自动认定为公告驱动或因果政策事件。
v15_cluster_0023303,v15_cluster_0023303,20260212,20260212,BU,BU,Bitumen,石油沥青,Hedge-position margin ratio,套保持仓交易保证金比例,0.15,0.15,0.2,0.2,bu2602,bu2602,1,1,16,16,0.0625,0.0625,single_contract,单一合约,1,1,0,0,Descriptive cluster only; it is not automatically classified as a notice-driven or causal policy event.,仅为描述性变更簇，不自动认定为公告驱动或因果政策事件。
v15_cluster_0023338,v15_cluster_0023338,20260213,20260213,AO,AO,Alumina,氧化铝,General-position margin ratio,一般持仓交易保证金比例,0.12,0.12,0.15,0.15,ao2603;ao2604;ao2605;ao2606;ao2607;ao2608;ao2609;ao2610;ao2611;ao2612;ao2701,ao2603;ao2604;ao2605;ao2606;ao2607;ao2608;ao2609;ao2610;ao2611;ao2612;ao2701,11,11,12,12,0.9166666666666666,0.9166666666666666,majority_of_active_contracts,覆盖当日多数活跃合约,0,0,0,0,Descriptive cluster only; it is not automatically classified as a notice-driven or causal policy event.,仅为描述性变更簇，不自动认定为公告驱动或因果政策事件。
v15_cluster_0023339,v15_cluster_0023339,20260213,20260213,AO,AO,Alumina,氧化铝,Hedge-position margin ratio,套保持仓交易保证金比例,0.11,0.11,0.14,0.14,ao2603;ao2604;ao2605;ao2606;ao2607;ao2608;ao2609;ao2610;ao2611;ao2612;ao2701,ao2603;ao2604;ao2605;ao2606;ao2607;ao2608;ao2609;ao2610;ao2611;ao2612;ao2701,11,11,12,12,0.9166666666666666,0.9166666666666666,majority_of_active_contracts,覆盖当日多数活跃合约,0,0,0,0,Descriptive cluster only; it is not automatically classified as a notice-driven or causal policy event.,仅为描述性变更簇，不自动认定为公告驱动或因果政策事件。
v15_cluster_0023340,v15_cluster_0023340,20260213,20260213,AO,AO,Alumina,氧化铝,Price-limit ratio,涨跌停板幅度,0.1,0.1,0.13,0.13,ao2602;ao2603;ao2604;ao2605;ao2606;ao2607;ao2608;ao2609;ao2610;ao2611;ao2612;ao2701,ao2602;ao2603;ao2604;ao2605;ao2606;ao2607;ao2608;ao2609;ao2610;ao2611;ao2612;ao2701,12,12,12,12,1.0,1.0,all_active_contracts,覆盖当日全部活跃合约,1,1,0,0,Descriptive cluster only; it is not automatically classified as a notice-driven or causal policy event.,仅为描述性变更簇，不自动认定为公告驱动或因果政策事件。
v15_cluster_0023352,v15_cluster_0023352,20260213,20260213,BU,BU,Bitumen,石油沥青,General-position margin ratio,一般持仓交易保证金比例,0.11,0.11,0.14,0.14,bu2603;bu2604;bu2605;bu2606;bu2607;bu2608;bu2609;bu2610;bu2611;bu2612;bu2701;bu2703;bu2706;bu2709;bu2712,bu2603;bu2604;bu2605;bu2606;bu2607;bu2608;bu2609;bu2610;bu2611;bu2612;bu2701;bu2703;bu2706;bu2709;bu2712,15,15,16,16,0.9375,0.9375,majority_of_active_contracts,覆盖当日多数活跃合约,0,0,0,0,Descriptive cluster only; it is not automatically classified as a notice-driven or causal policy event.,仅为描述性变更簇，不自动认定为公告驱动或因果政策事件。
v15_cluster_0023353,v15_cluster_0023353,20260213,20260213,BU,BU,Bitumen,石油沥青,Hedge-position margin ratio,套保持仓交易保证金比例,0.1,0.1,0.13,0.13,bu2603;bu2604;bu2605;bu2606;bu2607;bu2608;bu2609;bu2610;bu2611;bu2612;bu2701;bu2703;bu2706;bu2709;bu2712,bu2603;bu2604;bu2605;bu2606;bu2607;bu2608;bu2609;bu2610;bu2611;bu2612;bu2701;bu2703;bu2706;bu2709;bu2712,15,15,16,16,0.9375,0.9375,majority_of_active_contracts,覆盖当日多数活跃合约,0,0,0,0,Descriptive cluster only; it is not automatically classified as a notice-driven or causal policy event.,仅为描述性变更簇，不自动认定为公告驱动或因果政策事件。
v15_cluster_0023354,v15_cluster_0023354,20260213,20260213,BU,BU,Bitumen,石油沥青,Price-limit ratio,涨跌停板幅度,0.09,0.09,0.12,0.12,bu2602;bu2603;bu2604;bu2605;bu2606;bu2607;bu2608;bu2609;bu2610;bu2611;bu2612;bu2701;bu2703;bu2706;bu2709;bu2712,bu2602;bu2603;bu2604;bu2605;bu2606;bu2607;bu2608;bu2609;bu2610;bu2611;bu2612;bu2701;bu2703;bu2706;bu2709;bu2712,16,16,16,16,1.0,1.0,all_active_contracts,覆盖当日全部活跃合约,1,1,0,0,Descriptive cluster only; it is not automatically classified as a notice-driven or causal policy event.,仅为描述性变更簇，不自动认定为公告驱动或因果政策事件。
v15_cluster_0023428,v15_cluster_0023428,20260225,20260225,AO,AO,Alumina,氧化铝,General-position margin ratio,一般持仓交易保证金比例,0.15,0.15,0.12,0.12,ao2603;ao2604;ao2605;ao2606;ao2607;ao2608;ao2609;ao2610;ao2611;ao2612;ao2701,ao2603;ao2604;ao2605;ao2606;ao2607;ao2608;ao2609;ao2610;ao2611;ao2612;ao2701,11,11,12,12,0.9166666666666666,0.9166666666666666,majority_of_active_contracts,覆盖当日多数活跃合约,1,1,0,0,Descriptive cluster only; it is not automatically classified as a notice-driven or causal policy event.,仅为描述性变更簇，不自动认定为公告驱动或因果政策事件。
v15_cluster_0023429,v15_cluster_0023429,20260225,20260225,AO,AO,Alumina,氧化铝,Hedge-position margin ratio,套保持仓交易保证金比例,0.14,0.14,0.11,0.11,ao2603;ao2604;ao2605;ao2606;ao2607;ao2608;ao2609;ao2610;ao2611;ao2612;ao2701,ao2603;ao2604;ao2605;ao2606;ao2607;ao2608;ao2609;ao2610;ao2611;ao2612;ao2701,11,11,12,12,0.9166666666666666,0.9166666666666666,majority_of_active_contracts,覆盖当日多数活跃合约,1,1,0,0,Descriptive cluster only; it is not automatically classified as a notice-driven or causal policy event.,仅为描述性变更簇，不自动认定为公告驱动或因果政策事件。
v15_cluster_0023430,v15_cluster_0023430,20260225,20260225,AO,AO,Alumina,氧化铝,Price-limit ratio,涨跌停板幅度,0.13,0.13,0.1,0.1,ao2603;ao2604;ao2605;ao2606;ao2607;ao2608;ao2609;ao2610;ao2611;ao2612;ao2701,ao2603;ao2604;ao2605;ao2606;ao2607;ao2608;ao2609;ao2610;ao2611;ao2612;ao2701,11,11,12,12,0.9166666666666666,0.9166666666666666,majority_of_active_contracts,覆盖当日多数活跃合约,1,1,0,0,Descriptive cluster only; it is not automatically classified as a notice-driven or causal policy event.,仅为描述性变更簇，不自动认定为公告驱动或因果政策事件。
v15_cluster_0023440,v15_cluster_0023440,20260225,20260225,BU,BU,Bitumen,石油沥青,General-position margin ratio,一般持仓交易保证金比例,0.14,0.14,0.11,0.11,bu2603;bu2604;bu2605;bu2606;bu2607;bu2608;bu2609;bu2610;bu2611;bu2612;bu2701;bu2703;bu2706;bu2709;bu2712,bu2603;bu2604;bu2605;bu2606;bu2607;bu2608;bu2609;bu2610;bu2611;bu2612;bu2701;bu2703;bu2706;bu2709;bu2712,15,15,16,16,0.9375,0.9375,majority_of_active_contracts,覆盖当日多数活跃合约,1,1,0,0,Descriptive cluster only; it is not automatically classified as a notice-driven or causal policy event.,仅为描述性变更簇，不自动认定为公告驱动或因果政策事件。
v15_cluster_0023441,v15_cluster_0023441,20260225,20260225,BU,BU,Bitumen,石油沥青,Hedge-position margin ratio,套保持仓交易保证金比例,0.13,0.13,0.1,0.1,bu2603;bu2604;bu2605;bu2606;bu2607;bu2608;bu2609;bu2610;bu2611;bu2612;bu2701;bu2703;bu2706;bu2709;bu2712,bu2603;bu2604;bu2605;bu2606;bu2607;bu2608;bu2609;bu2610;bu2611;bu2612;bu2701;bu2703;bu2706;bu2709;bu2712,15,15,16,16,0.9375,0.9375,majority_of_active_contracts,覆盖当日多数活跃合约,1,1,0,0,Descriptive cluster only; it is not automatically classified as a notice-driven or causal policy event.,仅为描述性变更簇，不自动认定为公告驱动或因果政策事件。
v15_cluster_0023442,v15_cluster_0023442,20260225,20260225,BU,BU,Bitumen,石油沥青,Price-limit ratio,涨跌停板幅度,0.12,0.12,0.09,0.09,bu2603;bu2604;bu2605;bu2606;bu2607;bu2608;bu2609;bu2610;bu2611;bu2612;bu2701;bu2703;bu2706;bu2709;bu2712,bu2603;bu2604;bu2605;bu2606;bu2607;bu2608;bu2609;bu2610;bu2611;bu2612;bu2701;bu2703;bu2706;bu2709;bu2712,15,15,16,16,0.9375,0.9375,majority_of_active_contracts,覆盖当日多数活跃合约,1,1,0,0,Descriptive cluster only; it is not automatically classified as a notice-driven or causal policy event.,仅为描述性变更簇，不自动认定为公告驱动或因果政策事件。
v15_cluster_0023512,v15_cluster_0023512,20260226,20260226,AO,AO,Alumina,氧化铝,Price-limit ratio,涨跌停板幅度,0.2,0.2,0.1,0.1,ao2702,ao2702,1,1,12,12,0.08333333333333333,0.08333333333333333,single_contract,单一合约,0,0,0,0,Descriptive cluster only; it is not automatically classified as a notice-driven or causal policy event.,仅为描述性变更簇，不自动认定为公告驱动或因果政策事件。
v15_cluster_0023515,v15_cluster_0023515,20260226,20260226,BU,BU,Bitumen,石油沥青,Price-limit ratio,涨跌停板幅度,0.18,0.18,0.09,0.09,bu2702,bu2702,1,1,16,16,0.0625,0.0625,single_contract,单一合约,0,0,0,0,Descriptive cluster only; it is not automatically classified as a notice-driven or causal policy event.,仅为描述性变更簇，不自动认定为公告驱动或因果政策事件。
v15_cluster_0023530,v15_cluster_0023530,20260302,20260302,AO,AO,Alumina,氧化铝,General-position margin ratio,一般持仓交易保证金比例,0.12,0.12,0.15,0.15,ao2603,ao2603,1,1,12,12,0.08333333333333333,0.08333333333333333,single_contract,单一合约,1,1,0,0,Descriptive cluster only; it is not automatically classified as a notice-driven or causal policy event.,仅为描述性变更簇，不自动认定为公告驱动或因果政策事件。
v15_cluster_0023531,v15_cluster_0023531,20260302,20260302,AO,AO,Alumina,氧化铝,Hedge-position margin ratio,套保持仓交易保证金比例,0.11,0.11,0.15,0.15,ao2603,ao2603,1,1,12,12,0.08333333333333333,0.08333333333333333,single_contract,单一合约,1,1,0,0,Descriptive cluster only; it is not automatically classified as a notice-driven or causal policy event.,仅为描述性变更簇，不自动认定为公告驱动或因果政策事件。
v15_cluster_0023536,v15_cluster_0023536,20260302,20260302,BU,BU,Bitumen,石油沥青,General-position margin ratio,一般持仓交易保证金比例,0.11,0.11,0.15,0.15,bu2603,bu2603,1,1,16,16,0.0625,0.0625,single_contract,单一合约,1,1,0,0,Descriptive cluster only; it is not automatically classified as a notice-driven or causal policy event.,仅为描述性变更簇，不自动认定为公告驱动或因果政策事件。
v15_cluster_0023537,v15_cluster_0023537,20260302,20260302,BU,BU,Bitumen,石油沥青,Hedge-position margin ratio,套保持仓交易保证金比例,0.1,0.1,0.15,0.15,bu2603,bu2603,1,1,16,16,0.0625,0.0625,single_contract,单一合约,1,1,0,0,Descriptive cluster only; it is not automatically classified as a notice-driven or causal policy event.,仅为描述性变更簇，不自动认定为公告驱动或因果政策事件。
v15_cluster_0023667,v15_cluster_0023667,20260310,20260310,BU,BU,Bitumen,石油沥青,General-position margin ratio,一般持仓交易保证金比例,0.11,0.11,0.14,0.14,bu2604;bu2605;bu2606,bu2604;bu2605;bu2606,3,3,16,16,0.1875,0.1875,multiple_contracts_partial,覆盖多个但非多数合约,0,0,0,0,Descriptive cluster only; it is not automatically classified as a notice-driven or causal policy event.,仅为描述性变更簇，不自动认定为公告驱动或因果政策事件。
v15_cluster_0023668,v15_cluster_0023668,20260310,20260310,BU,BU,Bitumen,石油沥青,Hedge-position margin ratio,套保持仓交易保证金比例,0.1,0.1,0.14,0.14,bu2604;bu2605;bu2606,bu2604;bu2605;bu2606,3,3,16,16,0.1875,0.1875,multiple_contracts_partial,覆盖多个但非多数合约,0,0,0,0,Descriptive cluster only; it is not automatically classified as a notice-driven or causal policy event.,仅为描述性变更簇，不自动认定为公告驱动或因果政策事件。
v15_cluster_0023669,v15_cluster_0023669,20260310,20260310,BU,BU,Bitumen,石油沥青,Price-limit ratio,涨跌停板幅度,0.09,0.09,0.12,0.12,bu2603;bu2604;bu2605;bu2606,bu2603;bu2604;bu2605;bu2606,4,4,16,16,0.25,0.25,multiple_contracts_partial,覆盖多个但非多数合约,1,1,0,0,Descriptive cluster only; it is not automatically classified as a notice-driven or causal policy event.,仅为描述性变更簇，不自动认定为公告驱动或因果政策事件。
v15_cluster_0023698,v15_cluster_0023698,20260311,20260311,BU,BU,Bitumen,石油沥青,General-position margin ratio,一般持仓交易保证金比例,0.11,0.11,0.14,0.14,bu2607;bu2608;bu2609;bu2610;bu2611;bu2612;bu2701;bu2702;bu2703;bu2706;bu2709;bu2712,bu2607;bu2608;bu2609;bu2610;bu2611;bu2612;bu2701;bu2702;bu2703;bu2706;bu2709;bu2712,12,12,16,16,0.75,0.75,majority_of_active_contracts,覆盖当日多数活跃合约,0,0,0,0,Descriptive cluster only; it is not automatically classified as a notice-driven or causal policy event.,仅为描述性变更簇，不自动认定为公告驱动或因果政策事件。
v15_cluster_0023699,v15_cluster_0023699,20260311,20260311,BU,BU,Bitumen,石油沥青,Hedge-position margin ratio,套保持仓交易保证金比例,0.1,0.1,0.13,0.13,bu2607;bu2608;bu2609;bu2610;bu2611;bu2612;bu2701;bu2702;bu2703;bu2706;bu2709;bu2712,bu2607;bu2608;bu2609;bu2610;bu2611;bu2612;bu2701;bu2702;bu2703;bu2706;bu2709;bu2712,12,12,16,16,0.75,0.75,majority_of_active_contracts,覆盖当日多数活跃合约,0,0,0,0,Descriptive cluster only; it is not automatically classified as a notice-driven or causal policy event.,仅为描述性变更簇，不自动认定为公告驱动或因果政策事件。
v15_cluster_0023700,v15_cluster_0023700,20260311,20260311,BU,BU,Bitumen,石油沥青,Hedge-position margin ratio,套保持仓交易保证金比例,0.14,0.14,0.13,0.13,bu2604;bu2605;bu2606,bu2604;bu2605;bu2606,3,3,16,16,0.1875,0.1875,multiple_contracts_partial,覆盖多个但非多数合约,0,0,0,0,Descriptive cluster only; it is not automatically classified as a notice-driven or causal policy event.,仅为描述性变更簇，不自动认定为公告驱动或因果政策事件。
v15_cluster_0023701,v15_cluster_0023701,20260311,20260311,BU,BU,Bitumen,石油沥青,Price-limit ratio,涨跌停板幅度,0.09,0.09,0.12,0.12,bu2607;bu2608;bu2609;bu2610;bu2611;bu2612;bu2701;bu2702;bu2703;bu2706;bu2709;bu2712,bu2607;bu2608;bu2609;bu2610;bu2611;bu2612;bu2701;bu2702;bu2703;bu2706;bu2709;bu2712,12,12,16,16,0.75,0.75,majority_of_active_contracts,覆盖当日多数活跃合约,0,0,0,0,Descriptive cluster only; it is not automatically classified as a notice-driven or causal policy event.,仅为描述性变更簇，不自动认定为公告驱动或因果政策事件。
v15_cluster_0023716,v15_cluster_0023716,20260312,20260312,AO,AO,Alumina,氧化铝,General-position margin ratio,一般持仓交易保证金比例,0.15,0.15,0.2,0.2,ao2603,ao2603,1,1,12,12,0.08333333333333333,0.08333333333333333,single_contract,单一合约,1,1,0,0,Descriptive cluster only; it is not automatically classified as a notice-driven or causal policy event.,仅为描述性变更簇，不自动认定为公告驱动或因果政策事件。
v15_cluster_0023717,v15_cluster_0023717,20260312,20260312,AO,AO,Alumina,氧化铝,Hedge-position margin ratio,套保持仓交易保证金比例,0.15,0.15,0.2,0.2,ao2603,ao2603,1,1,12,12,0.08333333333333333,0.08333333333333333,single_contract,单一合约,1,1,0,0,Descriptive cluster only; it is not automatically classified as a notice-driven or causal policy event.,仅为描述性变更簇，不自动认定为公告驱动或因果政策事件。
v15_cluster_0023724,v15_cluster_0023724,20260312,20260312,BU,BU,Bitumen,石油沥青,General-position margin ratio,一般持仓交易保证金比例,0.15,0.15,0.2,0.2,bu2603,bu2603,1,1,16,16,0.0625,0.0625,single_contract,单一合约,1,1,0,0,Descriptive cluster only; it is not automatically classified as a notice-driven or causal policy event.,仅为描述性变更簇，不自动认定为公告驱动或因果政策事件。
v15_cluster_0023725,v15_cluster_0023725,20260312,20260312,BU,BU,Bitumen,石油沥青,Hedge-position margin ratio,套保持仓交易保证金比例,0.15,0.15,0.2,0.2,bu2603,bu2603,1,1,16,16,0.0625,0.0625,single_contract,单一合约,1,1,0,0,Descriptive cluster only; it is not automatically classified as a notice-driven or causal policy event.,仅为描述性变更簇，不自动认定为公告驱动或因果政策事件。
v15_cluster_0023756,v15_cluster_0023756,20260318,20260318,AO,AO,Alumina,氧化铝,Price-limit ratio,涨跌停板幅度,0.14,0.14,0.07,0.07,ao2703,ao2703,1,1,12,12,0.08333333333333333,0.08333333333333333,single_contract,单一合约,0,0,0,0,Descriptive cluster only; it is not automatically classified as a notice-driven or causal policy event.,仅为描述性变更簇，不自动认定为公告驱动或因果政策事件。
v15_cluster_0023758,v15_cluster_0023758,20260318,20260318,BU,BU,Bitumen,石油沥青,Price-limit ratio,涨跌停板幅度,0.24,0.24,0.12,0.12,bu2803,bu2803,1,1,16,16,0.0625,0.0625,single_contract,单一合约,0,0,0,0,Descriptive cluster only; it is not automatically classified as a notice-driven or causal policy event.,仅为描述性变更簇，不自动认定为公告驱动或因果政策事件。
v15_cluster_0023784,v15_cluster_0023784,20260401,20260401,AO,AO,Alumina,氧化铝,General-position margin ratio,一般持仓交易保证金比例,0.12,0.12,0.15,0.15,ao2604,ao2604,1,1,12,12,0.08333333333333333,0.08333333333333333,single_contract,单一合约,1,1,0,0,Descriptive cluster only; it is not automatically classified as a notice-driven or causal policy event.,仅为描述性变更簇，不自动认定为公告驱动或因果政策事件。
v15_cluster_0023785,v15_cluster_0023785,20260401,20260401,AO,AO,Alumina,氧化铝,Hedge-position margin ratio,套保持仓交易保证金比例,0.11,0.11,0.15,0.15,ao2604,ao2604,1,1,12,12,0.08333333333333333,0.08333333333333333,single_contract,单一合约,1,1,0,0,Descriptive cluster only; it is not automatically classified as a notice-driven or causal policy event.,仅为描述性变更簇，不自动认定为公告驱动或因果政策事件。
v15_cluster_0023790,v15_cluster_0023790,20260401,20260401,BU,BU,Bitumen,石油沥青,General-position margin ratio,一般持仓交易保证金比例,0.14,0.14,0.15,0.15,bu2604,bu2604,1,1,16,16,0.0625,0.0625,single_contract,单一合约,1,1,0,0,Descriptive cluster only; it is not automatically classified as a notice-driven or causal policy event.,仅为描述性变更簇，不自动认定为公告驱动或因果政策事件。
v15_cluster_0023791,v15_cluster_0023791,20260401,20260401,BU,BU,Bitumen,石油沥青,Hedge-position margin ratio,套保持仓交易保证金比例,0.13,0.13,0.15,0.15,bu2604,bu2604,1,1,16,16,0.0625,0.0625,single_contract,单一合约,1,1,0,0,Descriptive cluster only; it is not automatically classified as a notice-driven or causal policy event.,仅为描述性变更簇，不自动认定为公告驱动或因果政策事件。
v15_cluster_0023836,v15_cluster_0023836,20260413,20260413,AO,AO,Alumina,氧化铝,General-position margin ratio,一般持仓交易保证金比例,0.15,0.15,0.2,0.2,ao2604,ao2604,1,1,12,12,0.08333333333333333,0.08333333333333333,single_contract,单一合约,1,1,0,0,Descriptive cluster only; it is not automatically classified as a notice-driven or causal policy event.,仅为描述性变更簇，不自动认定为公告驱动或因果政策事件。
v15_cluster_0023837,v15_cluster_0023837,20260413,20260413,AO,AO,Alumina,氧化铝,Hedge-position margin ratio,套保持仓交易保证金比例,0.15,0.15,0.2,0.2,ao2604,ao2604,1,1,12,12,0.08333333333333333,0.08333333333333333,single_contract,单一合约,1,1,0,0,Descriptive cluster only; it is not automatically classified as a notice-driven or causal policy event.,仅为描述性变更簇，不自动认定为公告驱动或因果政策事件。
v15_cluster_0023844,v15_cluster_0023844,20260413,20260413,BU,BU,Bitumen,石油沥青,General-position margin ratio,一般持仓交易保证金比例,0.15,0.15,0.2,0.2,bu2604,bu2604,1,1,16,16,0.0625,0.0625,single_contract,单一合约,1,1,0,0,Descriptive cluster only; it is not automatically classified as a notice-driven or causal policy event.,仅为描述性变更簇，不自动认定为公告驱动或因果政策事件。
v15_cluster_0023845,v15_cluster_0023845,20260413,20260413,BU,BU,Bitumen,石油沥青,Hedge-position margin ratio,套保持仓交易保证金比例,0.15,0.15,0.2,0.2,bu2604,bu2604,1,1,16,16,0.0625,0.0625,single_contract,单一合约,1,1,0,0,Descriptive cluster only; it is not automatically classified as a notice-driven or causal policy event.,仅为描述性变更簇，不自动认定为公告驱动或因果政策事件。
v15_cluster_0023875,v15_cluster_0023875,20260417,20260417,AO,AO,Alumina,氧化铝,Price-limit ratio,涨跌停板幅度,0.14,0.14,0.07,0.07,ao2704,ao2704,1,1,12,12,0.08333333333333333,0.08333333333333333,single_contract,单一合约,0,0,0,0,Descriptive cluster only; it is not automatically classified as a notice-driven or causal policy event.,仅为描述性变更簇，不自动认定为公告驱动或因果政策事件。
v15_cluster_0023889,v15_cluster_0023889,20260423,20260423,BU,BU,Bitumen,石油沥青,Price-limit ratio,涨跌停板幅度,0.24,0.24,0.12,0.12,bu2704,bu2704,1,1,16,16,0.0625,0.0625,single_contract,单一合约,0,0,0,0,Descriptive cluster only; it is not automatically classified as a notice-driven or causal policy event.,仅为描述性变更簇，不自动认定为公告驱动或因果政策事件。
v15_cluster_0023901,v15_cluster_0023901,20260430,20260430,AO,AO,Alumina,氧化铝,General-position margin ratio,一般持仓交易保证金比例,0.09,0.09,0.12,0.12,ao2703;ao2704,ao2703;ao2704,2,2,12,12,0.16666666666666666,0.16666666666666666,multiple_contracts_partial,覆盖多个但非多数合约,0,0,0,0,Descriptive cluster only; it is not automatically classified as a notice-driven or causal policy event.,仅为描述性变更簇，不自动认定为公告驱动或因果政策事件。
v15_cluster_0023902,v15_cluster_0023902,20260430,20260430,AO,AO,Alumina,氧化铝,Hedge-position margin ratio,套保持仓交易保证金比例,0.08,0.08,0.11,0.11,ao2703;ao2704,ao2703;ao2704,2,2,12,12,0.16666666666666666,0.16666666666666666,multiple_contracts_partial,覆盖多个但非多数合约,0,0,0,0,Descriptive cluster only; it is not automatically classified as a notice-driven or causal policy event.,仅为描述性变更簇，不自动认定为公告驱动或因果政策事件。
v15_cluster_0023903,v15_cluster_0023903,20260430,20260430,AO,AO,Alumina,氧化铝,Price-limit ratio,涨跌停板幅度,0.07,0.07,0.1,0.1,ao2703;ao2704,ao2703;ao2704,2,2,12,12,0.16666666666666666,0.16666666666666666,multiple_contracts_partial,覆盖多个但非多数合约,0,0,0,0,Descriptive cluster only; it is not automatically classified as a notice-driven or causal policy event.,仅为描述性变更簇，不自动认定为公告驱动或因果政策事件。
v15_cluster_0023953,v15_cluster_0023953,20260506,20260506,AO,AO,Alumina,氧化铝,General-position margin ratio,一般持仓交易保证金比例,0.12,0.12,0.15,0.15,ao2605,ao2605,1,1,12,12,0.08333333333333333,0.08333333333333333,single_contract,单一合约,1,1,0,0,Descriptive cluster only; it is not automatically classified as a notice-driven or causal policy event.,仅为描述性变更簇，不自动认定为公告驱动或因果政策事件。
v15_cluster_0023954,v15_cluster_0023954,20260506,20260506,AO,AO,Alumina,氧化铝,Hedge-position margin ratio,套保持仓交易保证金比例,0.11,0.11,0.15,0.15,ao2605,ao2605,1,1,12,12,0.08333333333333333,0.08333333333333333,single_contract,单一合约,1,1,0,0,Descriptive cluster only; it is not automatically classified as a notice-driven or causal policy event.,仅为描述性变更簇，不自动认定为公告驱动或因果政策事件。
v15_cluster_0023959,v15_cluster_0023959,20260506,20260506,BU,BU,Bitumen,石油沥青,General-position margin ratio,一般持仓交易保证金比例,0.14,0.14,0.15,0.15,bu2605,bu2605,1,1,16,16,0.0625,0.0625,single_contract,单一合约,1,1,0,0,Descriptive cluster only; it is not automatically classified as a notice-driven or causal policy event.,仅为描述性变更簇，不自动认定为公告驱动或因果政策事件。
v15_cluster_0023960,v15_cluster_0023960,20260506,20260506,BU,BU,Bitumen,石油沥青,Hedge-position margin ratio,套保持仓交易保证金比例,0.13,0.13,0.15,0.15,bu2605,bu2605,1,1,16,16,0.0625,0.0625,single_contract,单一合约,1,1,0,0,Descriptive cluster only; it is not automatically classified as a notice-driven or causal policy event.,仅为描述性变更簇，不自动认定为公告驱动或因果政策事件。
v15_cluster_0024004,v15_cluster_0024004,20260507,20260507,AO,AO,Alumina,氧化铝,General-position margin ratio,一般持仓交易保证金比例,0.12,0.12,0.09,0.09,ao2703;ao2704,ao2703;ao2704,2,2,12,12,0.16666666666666666,0.16666666666666666,multiple_contracts_partial,覆盖多个但非多数合约,0,0,0,0,Descriptive cluster only; it is not automatically classified as a notice-driven or causal policy event.,仅为描述性变更簇，不自动认定为公告驱动或因果政策事件。
v15_cluster_0024005,v15_cluster_0024005,20260507,20260507,AO,AO,Alumina,氧化铝,Hedge-position margin ratio,套保持仓交易保证金比例,0.11,0.11,0.08,0.08,ao2703;ao2704,ao2703;ao2704,2,2,12,12,0.16666666666666666,0.16666666666666666,multiple_contracts_partial,覆盖多个但非多数合约,0,0,0,0,Descriptive cluster only; it is not automatically classified as a notice-driven or causal policy event.,仅为描述性变更簇，不自动认定为公告驱动或因果政策事件。
v15_cluster_0024006,v15_cluster_0024006,20260507,20260507,AO,AO,Alumina,氧化铝,Price-limit ratio,涨跌停板幅度,0.1,0.1,0.07,0.07,ao2703;ao2704,ao2703;ao2704,2,2,12,12,0.16666666666666666,0.16666666666666666,multiple_contracts_partial,覆盖多个但非多数合约,0,0,0,0,Descriptive cluster only; it is not automatically classified as a notice-driven or causal policy event.,仅为描述性变更簇，不自动认定为公告驱动或因果政策事件。
v15_cluster_0024057,v15_cluster_0024057,20260513,20260513,AO,AO,Alumina,氧化铝,General-position margin ratio,一般持仓交易保证金比例,0.15,0.15,0.2,0.2,ao2605,ao2605,1,1,12,12,0.08333333333333333,0.08333333333333333,single_contract,单一合约,1,1,0,0,Descriptive cluster only; it is not automatically classified as a notice-driven or causal policy event.,仅为描述性变更簇，不自动认定为公告驱动或因果政策事件。
v15_cluster_0024058,v15_cluster_0024058,20260513,20260513,AO,AO,Alumina,氧化铝,Hedge-position margin ratio,套保持仓交易保证金比例,0.15,0.15,0.2,0.2,ao2605,ao2605,1,1,12,12,0.08333333333333333,0.08333333333333333,single_contract,单一合约,1,1,0,0,Descriptive cluster only; it is not automatically classified as a notice-driven or causal policy event.,仅为描述性变更簇，不自动认定为公告驱动或因果政策事件。
v15_cluster_0024065,v15_cluster_0024065,20260513,20260513,BU,BU,Bitumen,石油沥青,General-position margin ratio,一般持仓交易保证金比例,0.15,0.15,0.2,0.2,bu2605,bu2605,1,1,16,16,0.0625,0.0625,single_contract,单一合约,1,1,0,0,Descriptive cluster only; it is not automatically classified as a notice-driven or causal policy event.,仅为描述性变更簇，不自动认定为公告驱动或因果政策事件。
v15_cluster_0024066,v15_cluster_0024066,20260513,20260513,BU,BU,Bitumen,石油沥青,Hedge-position margin ratio,套保持仓交易保证金比例,0.15,0.15,0.2,0.2,bu2605,bu2605,1,1,16,16,0.0625,0.0625,single_contract,单一合约,1,1,0,0,Descriptive cluster only; it is not automatically classified as a notice-driven or causal policy event.,仅为描述性变更簇，不自动认定为公告驱动或因果政策事件。
v15_cluster_0024096,v15_cluster_0024096,20260519,20260519,AO,AO,Alumina,氧化铝,Price-limit ratio,涨跌停板幅度,0.14,0.14,0.07,0.07,ao2705,ao2705,1,1,12,12,0.08333333333333333,0.08333333333333333,single_contract,单一合约,0,0,0,0,Descriptive cluster only; it is not automatically classified as a notice-driven or causal policy event.,仅为描述性变更簇，不自动认定为公告驱动或因果政策事件。
v15_cluster_0024108,v15_cluster_0024108,20260520,20260520,BU,BU,Bitumen,石油沥青,Price-limit ratio,涨跌停板幅度,0.24,0.24,0.12,0.12,bu2705,bu2705,1,1,16,16,0.0625,0.0625,single_contract,单一合约,0,0,0,0,Descriptive cluster only; it is not automatically classified as a notice-driven or causal policy event.,仅为描述性变更簇，不自动认定为公告驱动或因果政策事件。
v15_cluster_0024130,v15_cluster_0024130,20260601,20260601,AO,AO,Alumina,氧化铝,General-position margin ratio,一般持仓交易保证金比例,0.12,0.12,0.15,0.15,ao2606,ao2606,1,1,12,12,0.08333333333333333,0.08333333333333333,single_contract,单一合约,1,1,0,0,Descriptive cluster only; it is not automatically classified as a notice-driven or causal policy event.,仅为描述性变更簇，不自动认定为公告驱动或因果政策事件。
v15_cluster_0024131,v15_cluster_0024131,20260601,20260601,AO,AO,Alumina,氧化铝,Hedge-position margin ratio,套保持仓交易保证金比例,0.11,0.11,0.15,0.15,ao2606,ao2606,1,1,12,12,0.08333333333333333,0.08333333333333333,single_contract,单一合约,1,1,0,0,Descriptive cluster only; it is not automatically classified as a notice-driven or causal policy event.,仅为描述性变更簇，不自动认定为公告驱动或因果政策事件。
v15_cluster_0024136,v15_cluster_0024136,20260601,20260601,BU,BU,Bitumen,石油沥青,General-position margin ratio,一般持仓交易保证金比例,0.14,0.14,0.15,0.15,bu2606,bu2606,1,1,16,16,0.0625,0.0625,single_contract,单一合约,1,1,0,0,Descriptive cluster only; it is not automatically classified as a notice-driven or causal policy event.,仅为描述性变更簇，不自动认定为公告驱动或因果政策事件。
v15_cluster_0024137,v15_cluster_0024137,20260601,20260601,BU,BU,Bitumen,石油沥青,Hedge-position margin ratio,套保持仓交易保证金比例,0.13,0.13,0.15,0.15,bu2606,bu2606,1,1,16,16,0.0625,0.0625,single_contract,单一合约,1,1,0,0,Descriptive cluster only; it is not automatically classified as a notice-driven or causal policy event.,仅为描述性变更簇，不自动认定为公告驱动或因果政策事件。
v15_cluster_0024192,v15_cluster_0024192,20260611,20260611,AO,AO,Alumina,氧化铝,General-position margin ratio,一般持仓交易保证金比例,0.15,0.15,0.2,0.2,ao2606,ao2606,1,1,12,12,0.08333333333333333,0.08333333333333333,single_contract,单一合约,1,1,0,0,Descriptive cluster only; it is not automatically classified as a notice-driven or causal policy event.,仅为描述性变更簇，不自动认定为公告驱动或因果政策事件。
v15_cluster_0024193,v15_cluster_0024193,20260611,20260611,AO,AO,Alumina,氧化铝,Hedge-position margin ratio,套保持仓交易保证金比例,0.15,0.15,0.2,0.2,ao2606,ao2606,1,1,12,12,0.08333333333333333,0.08333333333333333,single_contract,单一合约,1,1,0,0,Descriptive cluster only; it is not automatically classified as a notice-driven or causal policy event.,仅为描述性变更簇，不自动认定为公告驱动或因果政策事件。
v15_cluster_0024200,v15_cluster_0024200,20260611,20260611,BU,BU,Bitumen,石油沥青,General-position margin ratio,一般持仓交易保证金比例,0.15,0.15,0.2,0.2,bu2606,bu2606,1,1,16,16,0.0625,0.0625,single_contract,单一合约,1,1,0,0,Descriptive cluster only; it is not automatically classified as a notice-driven or causal policy event.,仅为描述性变更簇，不自动认定为公告驱动或因果政策事件。
v15_cluster_0024201,v15_cluster_0024201,20260611,20260611,BU,BU,Bitumen,石油沥青,Hedge-position margin ratio,套保持仓交易保证金比例,0.15,0.15,0.2,0.2,bu2606,bu2606,1,1,16,16,0.0625,0.0625,single_contract,单一合约,1,1,0,0,Descriptive cluster only; it is not automatically classified as a notice-driven or causal policy event.,仅为描述性变更簇，不自动认定为公告驱动或因果政策事件。
v15_cluster_0024239,v15_cluster_0024239,20260618,20260618,AO,AO,Alumina,氧化铝,Price-limit ratio,涨跌停板幅度,0.14,0.14,0.07,0.07,ao2706,ao2706,1,1,12,12,0.08333333333333333,0.08333333333333333,single_contract,单一合约,0,0,0,0,Descriptive cluster only; it is not automatically classified as a notice-driven or causal policy event.,仅为描述性变更簇，不自动认定为公告驱动或因果政策事件。
v15_cluster_0024240,v15_cluster_0024240,20260618,20260618,BU,BU,Bitumen,石油沥青,Price-limit ratio,涨跌停板幅度,0.24,0.24,0.12,0.12,bu2806,bu2806,1,1,16,16,0.0625,0.0625,single_contract,单一合约,0,0,0,0,Descriptive cluster only; it is not automatically classified as a notice-driven or causal policy event.,仅为描述性变更簇，不自动认定为公告驱动或因果政策事件。
v15_cluster_0024275,v15_cluster_0024275,20260701,20260701,AO,AO,Alumina,氧化铝,General-position margin ratio,一般持仓交易保证金比例,0.12,0.12,0.15,0.15,ao2607,ao2607,1,1,12,12,0.08333333333333333,0.08333333333333333,single_contract,单一合约,1,1,0,0,Descriptive cluster only; it is not automatically classified as a notice-driven or causal policy event.,仅为描述性变更簇，不自动认定为公告驱动或因果政策事件。
v15_cluster_0024276,v15_cluster_0024276,20260701,20260701,AO,AO,Alumina,氧化铝,Hedge-position margin ratio,套保持仓交易保证金比例,0.11,0.11,0.15,0.15,ao2607,ao2607,1,1,12,12,0.08333333333333333,0.08333333333333333,single_contract,单一合约,1,1,0,0,Descriptive cluster only; it is not automatically classified as a notice-driven or causal policy event.,仅为描述性变更簇，不自动认定为公告驱动或因果政策事件。
v15_cluster_0024281,v15_cluster_0024281,20260701,20260701,BU,BU,Bitumen,石油沥青,General-position margin ratio,一般持仓交易保证金比例,0.14,0.14,0.15,0.15,bu2607,bu2607,1,1,16,16,0.0625,0.0625,single_contract,单一合约,1,1,0,0,Descriptive cluster only; it is not automatically classified as a notice-driven or causal policy event.,仅为描述性变更簇，不自动认定为公告驱动或因果政策事件。
v15_cluster_0024282,v15_cluster_0024282,20260701,20260701,BU,BU,Bitumen,石油沥青,Hedge-position margin ratio,套保持仓交易保证金比例,0.13,0.13,0.15,0.15,bu2607,bu2607,1,1,16,16,0.0625,0.0625,single_contract,单一合约,1,1,0,0,Descriptive cluster only; it is not automatically classified as a notice-driven or causal policy event.,仅为描述性变更簇，不自动认定为公告驱动或因果政策事件。
v15_cluster_0024327,v15_cluster_0024327,20260703,20260703,AO,AO,Alumina,氧化铝,General-position margin ratio,一般持仓交易保证金比例,0.12,0.12,0.11,0.11,ao2608;ao2609;ao2610;ao2611;ao2612;ao2701;ao2702,ao2608;ao2609;ao2610;ao2611;ao2612;ao2701;ao2702,7,7,12,12,0.5833333333333334,0.5833333333333334,majority_of_active_contracts,覆盖当日多数活跃合约,0,0,0,0,Descriptive cluster only; it is not automatically classified as a notice-driven or causal policy event.,仅为描述性变更簇，不自动认定为公告驱动或因果政策事件。
v15_cluster_0024328,v15_cluster_0024328,20260703,20260703,AO,AO,Alumina,氧化铝,Hedge-position margin ratio,套保持仓交易保证金比例,0.11,0.11,0.1,0.1,ao2608;ao2609;ao2610;ao2611;ao2612;ao2701;ao2702,ao2608;ao2609;ao2610;ao2611;ao2612;ao2701;ao2702,7,7,12,12,0.5833333333333334,0.5833333333333334,majority_of_active_contracts,覆盖当日多数活跃合约,0,0,0,0,Descriptive cluster only; it is not automatically classified as a notice-driven or causal policy event.,仅为描述性变更簇，不自动认定为公告驱动或因果政策事件。
v15_cluster_0024329,v15_cluster_0024329,20260703,20260703,AO,AO,Alumina,氧化铝,Price-limit ratio,涨跌停板幅度,0.1,0.1,0.09,0.09,ao2607;ao2608;ao2609;ao2610;ao2611;ao2612;ao2701;ao2702,ao2607;ao2608;ao2609;ao2610;ao2611;ao2612;ao2701;ao2702,8,8,12,12,0.6666666666666666,0.6666666666666666,majority_of_active_contracts,覆盖当日多数活跃合约,1,1,0,0,Descriptive cluster only; it is not automatically classified as a notice-driven or causal policy event.,仅为描述性变更簇，不自动认定为公告驱动或因果政策事件。
v15_cluster_0024356,v15_cluster_0024356,20260713,20260713,AO,AO,Alumina,氧化铝,General-position margin ratio,一般持仓交易保证金比例,0.15,0.15,0.2,0.2,ao2607,ao2607,1,1,12,12,0.08333333333333333,0.08333333333333333,single_contract,单一合约,1,1,0,0,Descriptive cluster only; it is not automatically classified as a notice-driven or causal policy event.,仅为描述性变更簇，不自动认定为公告驱动或因果政策事件。
v15_cluster_0024357,v15_cluster_0024357,20260713,20260713,AO,AO,Alumina,氧化铝,Hedge-position margin ratio,套保持仓交易保证金比例,0.15,0.15,0.2,0.2,ao2607,ao2607,1,1,12,12,0.08333333333333333,0.08333333333333333,single_contract,单一合约,1,1,0,0,Descriptive cluster only; it is not automatically classified as a notice-driven or causal policy event.,仅为描述性变更簇，不自动认定为公告驱动或因果政策事件。
v15_cluster_0024367,v15_cluster_0024367,20260713,20260713,BU,BU,Bitumen,石油沥青,General-position margin ratio,一般持仓交易保证金比例,0.14,0.14,0.12,0.12,bu2608;bu2609;bu2610;bu2611;bu2612;bu2701;bu2702;bu2703;bu2704;bu2705;bu2706;bu2709;bu2712;bu2803;bu2806,bu2608;bu2609;bu2610;bu2611;bu2612;bu2701;bu2702;bu2703;bu2704;bu2705;bu2706;bu2709;bu2712;bu2803;bu2806,15,15,16,16,0.9375,0.9375,majority_of_active_contracts,覆盖当日多数活跃合约,0,0,0,0,Descriptive cluster only; it is not automatically classified as a notice-driven or causal policy event.,仅为描述性变更簇，不自动认定为公告驱动或因果政策事件。
v15_cluster_0024368,v15_cluster_0024368,20260713,20260713,BU,BU,Bitumen,石油沥青,General-position margin ratio,一般持仓交易保证金比例,0.15,0.15,0.2,0.2,bu2607,bu2607,1,1,16,16,0.0625,0.0625,single_contract,单一合约,1,1,0,0,Descriptive cluster only; it is not automatically classified as a notice-driven or causal policy event.,仅为描述性变更簇，不自动认定为公告驱动或因果政策事件。
v15_cluster_0024369,v15_cluster_0024369,20260713,20260713,BU,BU,Bitumen,石油沥青,Hedge-position margin ratio,套保持仓交易保证金比例,0.13,0.13,0.11,0.11,bu2608;bu2609;bu2610;bu2611;bu2612;bu2701;bu2702;bu2703;bu2704;bu2705;bu2706;bu2709;bu2712;bu2803;bu2806,bu2608;bu2609;bu2610;bu2611;bu2612;bu2701;bu2702;bu2703;bu2704;bu2705;bu2706;bu2709;bu2712;bu2803;bu2806,15,15,16,16,0.9375,0.9375,majority_of_active_contracts,覆盖当日多数活跃合约,0,0,0,0,Descriptive cluster only; it is not automatically classified as a notice-driven or causal policy event.,仅为描述性变更簇，不自动认定为公告驱动或因果政策事件。
v15_cluster_0024370,v15_cluster_0024370,20260713,20260713,BU,BU,Bitumen,石油沥青,Hedge-position margin ratio,套保持仓交易保证金比例,0.15,0.15,0.2,0.2,bu2607,bu2607,1,1,16,16,0.0625,0.0625,single_contract,单一合约,1,1,0,0,Descriptive cluster only; it is not automatically classified as a notice-driven or causal policy event.,仅为描述性变更簇，不自动认定为公告驱动或因果政策事件。
v15_cluster_0024371,v15_cluster_0024371,20260713,20260713,BU,BU,Bitumen,石油沥青,Price-limit ratio,涨跌停板幅度,0.12,0.12,0.1,0.1,bu2607;bu2608;bu2609;bu2610;bu2611;bu2612;bu2701;bu2702;bu2703;bu2704;bu2705;bu2706;bu2709;bu2712;bu2803;bu2806,bu2607;bu2608;bu2609;bu2610;bu2611;bu2612;bu2701;bu2702;bu2703;bu2704;bu2705;bu2706;bu2709;bu2712;bu2803;bu2806,16,16,16,16,1.0,1.0,all_active_contracts,覆盖当日全部活跃合约,1,1,0,0,Descriptive cluster only; it is not automatically classified as a notice-driven or causal policy event.,仅为描述性变更簇，不自动认定为公告驱动或因果政策事件。
v15_cluster_0024415,v15_cluster_0024415,20260717,20260717,AO,AO,Alumina,氧化铝,Price-limit ratio,涨跌停板幅度,0.14,0.14,0.07,0.07,ao2707,ao2707,1,1,12,12,0.08333333333333333,0.08333333333333333,single_contract,单一合约,0,0,0,0,Descriptive cluster only; it is not automatically classified as a notice-driven or causal policy event.,仅为描述性变更簇，不自动认定为公告驱动或因果政策事件。
v15_cluster_0024428,v15_cluster_0024428,20260720,20260720,BU,BU,Bitumen,石油沥青,Price-limit ratio,涨跌停板幅度,0.2,0.2,0.1,0.1,bu2707,bu2707,1,1,16,16,0.0625,0.0625,single_contract,单一合约,0,0,0,0,Descriptive cluster only; it is not automatically classified as a notice-driven or causal policy event.,仅为描述性变更簇，不自动认定为公告驱动或因果政策事件。
v15_cluster_0024453,v15_cluster_0024453,20260803,20260803,AO,AO,Alumina,氧化铝,General-position margin ratio,一般持仓交易保证金比例,0.11,0.11,0.15,0.15,ao2608,ao2608,1,1,12,12,0.08333333333333333,0.08333333333333333,single_contract,单一合约,1,1,0,0,Descriptive cluster only; it is not automatically classified as a notice-driven or causal policy event.,仅为描述性变更簇，不自动认定为公告驱动或因果政策事件。
v15_cluster_0024454,v15_cluster_0024454,20260803,20260803,AO,AO,Alumina,氧化铝,Hedge-position margin ratio,套保持仓交易保证金比例,0.1,0.1,0.15,0.15,ao2608,ao2608,1,1,12,12,0.08333333333333333,0.08333333333333333,single_contract,单一合约,1,1,0,0,Descriptive cluster only; it is not automatically classified as a notice-driven or causal policy event.,仅为描述性变更簇，不自动认定为公告驱动或因果政策事件。
v15_cluster_0024459,v15_cluster_0024459,20260803,20260803,BU,BU,Bitumen,石油沥青,General-position margin ratio,一般持仓交易保证金比例,0.12,0.12,0.15,0.15,bu2608,bu2608,1,1,16,16,0.0625,0.0625,single_contract,单一合约,1,1,0,0,Descriptive cluster only; it is not automatically classified as a notice-driven or causal policy event.,仅为描述性变更簇，不自动认定为公告驱动或因果政策事件。
v15_cluster_0024460,v15_cluster_0024460,20260803,20260803,BU,BU,Bitumen,石油沥青,Hedge-position margin ratio,套保持仓交易保证金比例,0.11,0.11,0.15,0.15,bu2608,bu2608,1,1,16,16,0.0625,0.0625,single_contract,单一合约,1,1,0,0,Descriptive cluster only; it is not automatically classified as a notice-driven or causal policy event.,仅为描述性变更簇，不自动认定为公告驱动或因果政策事件。
v15_cluster_0024509,v15_cluster_0024509,20260813,20260813,AO,AO,Alumina,氧化铝,General-position margin ratio,一般持仓交易保证金比例,0.15,0.15,0.2,0.2,ao2608,ao2608,1,1,12,12,0.08333333333333333,0.08333333333333333,single_contract,单一合约,1,1,0,0,Descriptive cluster only; it is not automatically classified as a notice-driven or causal policy event.,仅为描述性变更簇，不自动认定为公告驱动或因果政策事件。
v15_cluster_0024510,v15_cluster_0024510,20260813,20260813,AO,AO,Alumina,氧化铝,Hedge-position margin ratio,套保持仓交易保证金比例,0.15,0.15,0.2,0.2,ao2608,ao2608,1,1,12,12,0.08333333333333333,0.08333333333333333,single_contract,单一合约,1,1,0,0,Descriptive cluster only; it is not automatically classified as a notice-driven or causal policy event.,仅为描述性变更簇，不自动认定为公告驱动或因果政策事件。
v15_cluster_0024517,v15_cluster_0024517,20260813,20260813,BU,BU,Bitumen,石油沥青,General-position margin ratio,一般持仓交易保证金比例,0.15,0.15,0.2,0.2,bu2608,bu2608,1,1,16,16,0.0625,0.0625,single_contract,单一合约,1,1,0,0,Descriptive cluster only; it is not automatically classified as a notice-driven or causal policy event.,仅为描述性变更簇，不自动认定为公告驱动或因果政策事件。
v15_cluster_0024518,v15_cluster_0024518,20260813,20260813,BU,BU,Bitumen,石油沥青,Hedge-position margin ratio,套保持仓交易保证金比例,0.15,0.15,0.2,0.2,bu2608,bu2608,1,1,16,16,0.0625,0.0625,single_contract,单一合约,1,1,0,0,Descriptive cluster only; it is not automatically classified as a notice-driven or causal policy event.,仅为描述性变更簇，不自动认定为公告驱动或因果政策事件。
v15_cluster_0024548,v15_cluster_0024548,20260819,20260819,AO,AO,Alumina,氧化铝,Price-limit ratio,涨跌停板幅度,0.14,0.14,0.07,0.07,ao2708,ao2708,1,1,12,12,0.08333333333333333,0.08333333333333333,single_contract,单一合约,0,0,0,0,Descriptive cluster only; it is not automatically classified as a notice-driven or causal policy event.,仅为描述性变更簇，不自动认定为公告驱动或因果政策事件。
v15_cluster_0024551,v15_cluster_0024551,20260819,20260819,BU,BU,Bitumen,石油沥青,Price-limit ratio,涨跌停板幅度,0.2,0.2,0.1,0.1,bu2708,bu2708,1,1,16,16,0.0625,0.0625,single_contract,单一合约,0,0,0,0,Descriptive cluster only; it is not automatically classified as a notice-driven or causal policy event.,仅为描述性变更簇，不自动认定为公告驱动或因果政策事件。
v15_cluster_0024584,v15_cluster_0024584,20260901,20260901,AO,AO,Alumina,氧化铝,General-position margin ratio,一般持仓交易保证金比例,0.11,0.11,0.15,0.15,ao2609,ao2609,1,1,12,12,0.08333333333333333,0.08333333333333333,single_contract,单一合约,1,1,0,0,Descriptive cluster only; it is not automatically classified as a notice-driven or causal policy event.,仅为描述性变更簇，不自动认定为公告驱动或因果政策事件。
v15_cluster_0024585,v15_cluster_0024585,20260901,20260901,AO,AO,Alumina,氧化铝,Hedge-position margin ratio,套保持仓交易保证金比例,0.1,0.1,0.15,0.15,ao2609,ao2609,1,1,12,12,0.08333333333333333,0.08333333333333333,single_contract,单一合约,1,1,0,0,Descriptive cluster only; it is not automatically classified as a notice-driven or causal policy event.,仅为描述性变更簇，不自动认定为公告驱动或因果政策事件。
v15_cluster_0024590,v15_cluster_0024590,20260901,20260901,BU,BU,Bitumen,石油沥青,General-position margin ratio,一般持仓交易保证金比例,0.12,0.12,0.15,0.15,bu2609,bu2609,1,1,16,16,0.0625,0.0625,single_contract,单一合约,1,1,0,0,Descriptive cluster only; it is not automatically classified as a notice-driven or causal policy event.,仅为描述性变更簇，不自动认定为公告驱动或因果政策事件。
v15_cluster_0024591,v15_cluster_0024591,20260901,20260901,BU,BU,Bitumen,石油沥青,Hedge-position margin ratio,套保持仓交易保证金比例,0.11,0.11,0.15,0.15,bu2609,bu2609,1,1,16,16,0.0625,0.0625,single_contract,单一合约,1,1,0,0,Descriptive cluster only; it is not automatically classified as a notice-driven or causal policy event.,仅为描述性变更簇，不自动认定为公告驱动或因果政策事件。
