Notice ID,公告编号,Effective date,实施日期,Observation trade date,参数核对交易日,Product code,品种代码,Contract code,合约代码,Parameter field,参数字段,Notice value,公告参数值,Observed value,官方日度观测值,Value relation,与公告值关系,Previous date,上一可用日期,Previous value,上一可用值,Change evidence,变更证据类型,Days to expiry,距到期日天数,Lifecycle bucket,生命周期分组,Data origin,数据来源性质
t20251104_829423,t20251104_829423,20251107,20251107,20251110,20251110,AO,AO,ao2511,ao2511,hedge_long_margin_ratio,套保持仓多头保证金比例,0.08,0.08,0.15,0.15,above_notice_value,高于公告值,20251107,20251107,0.15,0.15,preexisting_value_at_or_above_notice_level,参数此前已达到或高于公告值,7,7,days_0_10_to_expiry,距到期0至10天,official_exchange_daily_raw,交易所官方日度原始值
t20251104_829423,t20251104_829423,20251107,20251107,20251110,20251110,AO,AO,ao2511,ao2511,hedge_short_margin_ratio,套保持仓空头保证金比例,0.08,0.08,0.15,0.15,above_notice_value,高于公告值,20251107,20251107,0.15,0.15,preexisting_value_at_or_above_notice_level,参数此前已达到或高于公告值,7,7,days_0_10_to_expiry,距到期0至10天,official_exchange_daily_raw,交易所官方日度原始值
t20251104_829423,t20251104_829423,20251107,20251107,20251110,20251110,AO,AO,ao2511,ao2511,lower_limit_ratio,跌停板比例,0.07,0.07,0.07,0.07,equal_to_notice_value,等于公告值,20251107,20251107,0.09,0.09,changed_to_notice_value_on_observation_date,参数核对日变为公告值,7,7,days_0_10_to_expiry,距到期0至10天,official_exchange_daily_raw,交易所官方日度原始值
t20251104_829423,t20251104_829423,20251107,20251107,20251110,20251110,AO,AO,ao2511,ao2511,spec_long_margin_ratio,一般持仓多头保证金比例,0.09,0.09,0.15,0.15,above_notice_value,高于公告值,20251107,20251107,0.15,0.15,preexisting_value_at_or_above_notice_level,参数此前已达到或高于公告值,7,7,days_0_10_to_expiry,距到期0至10天,official_exchange_daily_raw,交易所官方日度原始值
t20251104_829423,t20251104_829423,20251107,20251107,20251110,20251110,AO,AO,ao2511,ao2511,spec_short_margin_ratio,一般持仓空头保证金比例,0.09,0.09,0.15,0.15,above_notice_value,高于公告值,20251107,20251107,0.15,0.15,preexisting_value_at_or_above_notice_level,参数此前已达到或高于公告值,7,7,days_0_10_to_expiry,距到期0至10天,official_exchange_daily_raw,交易所官方日度原始值
t20251104_829423,t20251104_829423,20251107,20251107,20251110,20251110,AO,AO,ao2511,ao2511,upper_limit_ratio,涨停板比例,0.07,0.07,0.07,0.07,equal_to_notice_value,等于公告值,20251107,20251107,0.09,0.09,changed_to_notice_value_on_observation_date,参数核对日变为公告值,7,7,days_0_10_to_expiry,距到期0至10天,official_exchange_daily_raw,交易所官方日度原始值
t20251104_829423,t20251104_829423,20251107,20251107,20251110,20251110,AO,AO,ao2512,ao2512,hedge_long_margin_ratio,套保持仓多头保证金比例,0.08,0.08,0.1,0.1,above_notice_value,高于公告值,20251107,20251107,0.1,0.1,preexisting_value_at_or_above_notice_level,参数此前已达到或高于公告值,35,35,days_31_60_to_expiry,距到期31至60天,official_exchange_daily_raw,交易所官方日度原始值
t20251104_829423,t20251104_829423,20251107,20251107,20251110,20251110,AO,AO,ao2512,ao2512,hedge_short_margin_ratio,套保持仓空头保证金比例,0.08,0.08,0.1,0.1,above_notice_value,高于公告值,20251107,20251107,0.1,0.1,preexisting_value_at_or_above_notice_level,参数此前已达到或高于公告值,35,35,days_31_60_to_expiry,距到期31至60天,official_exchange_daily_raw,交易所官方日度原始值
t20251104_829423,t20251104_829423,20251107,20251107,20251110,20251110,AO,AO,ao2512,ao2512,lower_limit_ratio,跌停板比例,0.07,0.07,0.07,0.07,equal_to_notice_value,等于公告值,20251107,20251107,0.09,0.09,changed_to_notice_value_on_observation_date,参数核对日变为公告值,35,35,days_31_60_to_expiry,距到期31至60天,official_exchange_daily_raw,交易所官方日度原始值
t20251104_829423,t20251104_829423,20251107,20251107,20251110,20251110,AO,AO,ao2512,ao2512,spec_long_margin_ratio,一般持仓多头保证金比例,0.09,0.09,0.1,0.1,above_notice_value,高于公告值,20251107,20251107,0.11,0.11,changed_to_value_above_notice_level_on_observation_date,参数核对日变为高于公告值的从高适用值,35,35,days_31_60_to_expiry,距到期31至60天,official_exchange_daily_raw,交易所官方日度原始值
t20251104_829423,t20251104_829423,20251107,20251107,20251110,20251110,AO,AO,ao2512,ao2512,spec_short_margin_ratio,一般持仓空头保证金比例,0.09,0.09,0.1,0.1,above_notice_value,高于公告值,20251107,20251107,0.11,0.11,changed_to_value_above_notice_level_on_observation_date,参数核对日变为高于公告值的从高适用值,35,35,days_31_60_to_expiry,距到期31至60天,official_exchange_daily_raw,交易所官方日度原始值
t20251104_829423,t20251104_829423,20251107,20251107,20251110,20251110,AO,AO,ao2512,ao2512,upper_limit_ratio,涨停板比例,0.07,0.07,0.07,0.07,equal_to_notice_value,等于公告值,20251107,20251107,0.09,0.09,changed_to_notice_value_on_observation_date,参数核对日变为公告值,35,35,days_31_60_to_expiry,距到期31至60天,official_exchange_daily_raw,交易所官方日度原始值
t20251104_829423,t20251104_829423,20251107,20251107,20251110,20251110,AO,AO,ao2601,ao2601,hedge_long_margin_ratio,套保持仓多头保证金比例,0.08,0.08,0.08,0.08,equal_to_notice_value,等于公告值,20251107,20251107,0.1,0.1,changed_to_notice_value_on_observation_date,参数核对日变为公告值,66,66,more_than_60_days_to_expiry,距到期超过60天,official_exchange_daily_raw,交易所官方日度原始值
t20251104_829423,t20251104_829423,20251107,20251107,20251110,20251110,AO,AO,ao2601,ao2601,hedge_short_margin_ratio,套保持仓空头保证金比例,0.08,0.08,0.08,0.08,equal_to_notice_value,等于公告值,20251107,20251107,0.1,0.1,changed_to_notice_value_on_observation_date,参数核对日变为公告值,66,66,more_than_60_days_to_expiry,距到期超过60天,official_exchange_daily_raw,交易所官方日度原始值
t20251104_829423,t20251104_829423,20251107,20251107,20251110,20251110,AO,AO,ao2601,ao2601,lower_limit_ratio,跌停板比例,0.07,0.07,0.07,0.07,equal_to_notice_value,等于公告值,20251107,20251107,0.09,0.09,changed_to_notice_value_on_observation_date,参数核对日变为公告值,66,66,more_than_60_days_to_expiry,距到期超过60天,official_exchange_daily_raw,交易所官方日度原始值
t20251104_829423,t20251104_829423,20251107,20251107,20251110,20251110,AO,AO,ao2601,ao2601,spec_long_margin_ratio,一般持仓多头保证金比例,0.09,0.09,0.09,0.09,equal_to_notice_value,等于公告值,20251107,20251107,0.11,0.11,changed_to_notice_value_on_observation_date,参数核对日变为公告值,66,66,more_than_60_days_to_expiry,距到期超过60天,official_exchange_daily_raw,交易所官方日度原始值
t20251104_829423,t20251104_829423,20251107,20251107,20251110,20251110,AO,AO,ao2601,ao2601,spec_short_margin_ratio,一般持仓空头保证金比例,0.09,0.09,0.09,0.09,equal_to_notice_value,等于公告值,20251107,20251107,0.11,0.11,changed_to_notice_value_on_observation_date,参数核对日变为公告值,66,66,more_than_60_days_to_expiry,距到期超过60天,official_exchange_daily_raw,交易所官方日度原始值
t20251104_829423,t20251104_829423,20251107,20251107,20251110,20251110,AO,AO,ao2601,ao2601,upper_limit_ratio,涨停板比例,0.07,0.07,0.07,0.07,equal_to_notice_value,等于公告值,20251107,20251107,0.09,0.09,changed_to_notice_value_on_observation_date,参数核对日变为公告值,66,66,more_than_60_days_to_expiry,距到期超过60天,official_exchange_daily_raw,交易所官方日度原始值
t20251104_829423,t20251104_829423,20251107,20251107,20251110,20251110,AO,AO,ao2602,ao2602,hedge_long_margin_ratio,套保持仓多头保证金比例,0.08,0.08,0.08,0.08,equal_to_notice_value,等于公告值,20251107,20251107,0.1,0.1,changed_to_notice_value_on_observation_date,参数核对日变为公告值,98,98,more_than_60_days_to_expiry,距到期超过60天,official_exchange_daily_raw,交易所官方日度原始值
t20251104_829423,t20251104_829423,20251107,20251107,20251110,20251110,AO,AO,ao2602,ao2602,hedge_short_margin_ratio,套保持仓空头保证金比例,0.08,0.08,0.08,0.08,equal_to_notice_value,等于公告值,20251107,20251107,0.1,0.1,changed_to_notice_value_on_observation_date,参数核对日变为公告值,98,98,more_than_60_days_to_expiry,距到期超过60天,official_exchange_daily_raw,交易所官方日度原始值
t20251104_829423,t20251104_829423,20251107,20251107,20251110,20251110,AO,AO,ao2602,ao2602,lower_limit_ratio,跌停板比例,0.07,0.07,0.07,0.07,equal_to_notice_value,等于公告值,20251107,20251107,0.09,0.09,changed_to_notice_value_on_observation_date,参数核对日变为公告值,98,98,more_than_60_days_to_expiry,距到期超过60天,official_exchange_daily_raw,交易所官方日度原始值
t20251104_829423,t20251104_829423,20251107,20251107,20251110,20251110,AO,AO,ao2602,ao2602,spec_long_margin_ratio,一般持仓多头保证金比例,0.09,0.09,0.09,0.09,equal_to_notice_value,等于公告值,20251107,20251107,0.11,0.11,changed_to_notice_value_on_observation_date,参数核对日变为公告值,98,98,more_than_60_days_to_expiry,距到期超过60天,official_exchange_daily_raw,交易所官方日度原始值
t20251104_829423,t20251104_829423,20251107,20251107,20251110,20251110,AO,AO,ao2602,ao2602,spec_short_margin_ratio,一般持仓空头保证金比例,0.09,0.09,0.09,0.09,equal_to_notice_value,等于公告值,20251107,20251107,0.11,0.11,changed_to_notice_value_on_observation_date,参数核对日变为公告值,98,98,more_than_60_days_to_expiry,距到期超过60天,official_exchange_daily_raw,交易所官方日度原始值
t20251104_829423,t20251104_829423,20251107,20251107,20251110,20251110,AO,AO,ao2602,ao2602,upper_limit_ratio,涨停板比例,0.07,0.07,0.07,0.07,equal_to_notice_value,等于公告值,20251107,20251107,0.09,0.09,changed_to_notice_value_on_observation_date,参数核对日变为公告值,98,98,more_than_60_days_to_expiry,距到期超过60天,official_exchange_daily_raw,交易所官方日度原始值
t20251104_829423,t20251104_829423,20251107,20251107,20251110,20251110,AO,AO,ao2603,ao2603,hedge_long_margin_ratio,套保持仓多头保证金比例,0.08,0.08,0.08,0.08,equal_to_notice_value,等于公告值,20251107,20251107,0.1,0.1,changed_to_notice_value_on_observation_date,参数核对日变为公告值,126,126,more_than_60_days_to_expiry,距到期超过60天,official_exchange_daily_raw,交易所官方日度原始值
t20251104_829423,t20251104_829423,20251107,20251107,20251110,20251110,AO,AO,ao2603,ao2603,hedge_short_margin_ratio,套保持仓空头保证金比例,0.08,0.08,0.08,0.08,equal_to_notice_value,等于公告值,20251107,20251107,0.1,0.1,changed_to_notice_value_on_observation_date,参数核对日变为公告值,126,126,more_than_60_days_to_expiry,距到期超过60天,official_exchange_daily_raw,交易所官方日度原始值
t20251104_829423,t20251104_829423,20251107,20251107,20251110,20251110,AO,AO,ao2603,ao2603,lower_limit_ratio,跌停板比例,0.07,0.07,0.07,0.07,equal_to_notice_value,等于公告值,20251107,20251107,0.09,0.09,changed_to_notice_value_on_observation_date,参数核对日变为公告值,126,126,more_than_60_days_to_expiry,距到期超过60天,official_exchange_daily_raw,交易所官方日度原始值
t20251104_829423,t20251104_829423,20251107,20251107,20251110,20251110,AO,AO,ao2603,ao2603,spec_long_margin_ratio,一般持仓多头保证金比例,0.09,0.09,0.09,0.09,equal_to_notice_value,等于公告值,20251107,20251107,0.11,0.11,changed_to_notice_value_on_observation_date,参数核对日变为公告值,126,126,more_than_60_days_to_expiry,距到期超过60天,official_exchange_daily_raw,交易所官方日度原始值
t20251104_829423,t20251104_829423,20251107,20251107,20251110,20251110,AO,AO,ao2603,ao2603,spec_short_margin_ratio,一般持仓空头保证金比例,0.09,0.09,0.09,0.09,equal_to_notice_value,等于公告值,20251107,20251107,0.11,0.11,changed_to_notice_value_on_observation_date,参数核对日变为公告值,126,126,more_than_60_days_to_expiry,距到期超过60天,official_exchange_daily_raw,交易所官方日度原始值
t20251104_829423,t20251104_829423,20251107,20251107,20251110,20251110,AO,AO,ao2603,ao2603,upper_limit_ratio,涨停板比例,0.07,0.07,0.07,0.07,equal_to_notice_value,等于公告值,20251107,20251107,0.09,0.09,changed_to_notice_value_on_observation_date,参数核对日变为公告值,126,126,more_than_60_days_to_expiry,距到期超过60天,official_exchange_daily_raw,交易所官方日度原始值
t20251104_829423,t20251104_829423,20251107,20251107,20251110,20251110,AO,AO,ao2604,ao2604,hedge_long_margin_ratio,套保持仓多头保证金比例,0.08,0.08,0.08,0.08,equal_to_notice_value,等于公告值,20251107,20251107,0.1,0.1,changed_to_notice_value_on_observation_date,参数核对日变为公告值,156,156,more_than_60_days_to_expiry,距到期超过60天,official_exchange_daily_raw,交易所官方日度原始值
t20251104_829423,t20251104_829423,20251107,20251107,20251110,20251110,AO,AO,ao2604,ao2604,hedge_short_margin_ratio,套保持仓空头保证金比例,0.08,0.08,0.08,0.08,equal_to_notice_value,等于公告值,20251107,20251107,0.1,0.1,changed_to_notice_value_on_observation_date,参数核对日变为公告值,156,156,more_than_60_days_to_expiry,距到期超过60天,official_exchange_daily_raw,交易所官方日度原始值
t20251104_829423,t20251104_829423,20251107,20251107,20251110,20251110,AO,AO,ao2604,ao2604,lower_limit_ratio,跌停板比例,0.07,0.07,0.07,0.07,equal_to_notice_value,等于公告值,20251107,20251107,0.09,0.09,changed_to_notice_value_on_observation_date,参数核对日变为公告值,156,156,more_than_60_days_to_expiry,距到期超过60天,official_exchange_daily_raw,交易所官方日度原始值
t20251104_829423,t20251104_829423,20251107,20251107,20251110,20251110,AO,AO,ao2604,ao2604,spec_long_margin_ratio,一般持仓多头保证金比例,0.09,0.09,0.09,0.09,equal_to_notice_value,等于公告值,20251107,20251107,0.11,0.11,changed_to_notice_value_on_observation_date,参数核对日变为公告值,156,156,more_than_60_days_to_expiry,距到期超过60天,official_exchange_daily_raw,交易所官方日度原始值
t20251104_829423,t20251104_829423,20251107,20251107,20251110,20251110,AO,AO,ao2604,ao2604,spec_short_margin_ratio,一般持仓空头保证金比例,0.09,0.09,0.09,0.09,equal_to_notice_value,等于公告值,20251107,20251107,0.11,0.11,changed_to_notice_value_on_observation_date,参数核对日变为公告值,156,156,more_than_60_days_to_expiry,距到期超过60天,official_exchange_daily_raw,交易所官方日度原始值
t20251104_829423,t20251104_829423,20251107,20251107,20251110,20251110,AO,AO,ao2604,ao2604,upper_limit_ratio,涨停板比例,0.07,0.07,0.07,0.07,equal_to_notice_value,等于公告值,20251107,20251107,0.09,0.09,changed_to_notice_value_on_observation_date,参数核对日变为公告值,156,156,more_than_60_days_to_expiry,距到期超过60天,official_exchange_daily_raw,交易所官方日度原始值
t20251104_829423,t20251104_829423,20251107,20251107,20251110,20251110,AO,AO,ao2605,ao2605,hedge_long_margin_ratio,套保持仓多头保证金比例,0.08,0.08,0.08,0.08,equal_to_notice_value,等于公告值,20251107,20251107,0.1,0.1,changed_to_notice_value_on_observation_date,参数核对日变为公告值,186,186,more_than_60_days_to_expiry,距到期超过60天,official_exchange_daily_raw,交易所官方日度原始值
t20251104_829423,t20251104_829423,20251107,20251107,20251110,20251110,AO,AO,ao2605,ao2605,hedge_short_margin_ratio,套保持仓空头保证金比例,0.08,0.08,0.08,0.08,equal_to_notice_value,等于公告值,20251107,20251107,0.1,0.1,changed_to_notice_value_on_observation_date,参数核对日变为公告值,186,186,more_than_60_days_to_expiry,距到期超过60天,official_exchange_daily_raw,交易所官方日度原始值
t20251104_829423,t20251104_829423,20251107,20251107,20251110,20251110,AO,AO,ao2605,ao2605,lower_limit_ratio,跌停板比例,0.07,0.07,0.07,0.07,equal_to_notice_value,等于公告值,20251107,20251107,0.09,0.09,changed_to_notice_value_on_observation_date,参数核对日变为公告值,186,186,more_than_60_days_to_expiry,距到期超过60天,official_exchange_daily_raw,交易所官方日度原始值
t20251104_829423,t20251104_829423,20251107,20251107,20251110,20251110,AO,AO,ao2605,ao2605,spec_long_margin_ratio,一般持仓多头保证金比例,0.09,0.09,0.09,0.09,equal_to_notice_value,等于公告值,20251107,20251107,0.11,0.11,changed_to_notice_value_on_observation_date,参数核对日变为公告值,186,186,more_than_60_days_to_expiry,距到期超过60天,official_exchange_daily_raw,交易所官方日度原始值
t20251104_829423,t20251104_829423,20251107,20251107,20251110,20251110,AO,AO,ao2605,ao2605,spec_short_margin_ratio,一般持仓空头保证金比例,0.09,0.09,0.09,0.09,equal_to_notice_value,等于公告值,20251107,20251107,0.11,0.11,changed_to_notice_value_on_observation_date,参数核对日变为公告值,186,186,more_than_60_days_to_expiry,距到期超过60天,official_exchange_daily_raw,交易所官方日度原始值
t20251104_829423,t20251104_829423,20251107,20251107,20251110,20251110,AO,AO,ao2605,ao2605,upper_limit_ratio,涨停板比例,0.07,0.07,0.07,0.07,equal_to_notice_value,等于公告值,20251107,20251107,0.09,0.09,changed_to_notice_value_on_observation_date,参数核对日变为公告值,186,186,more_than_60_days_to_expiry,距到期超过60天,official_exchange_daily_raw,交易所官方日度原始值
t20251104_829423,t20251104_829423,20251107,20251107,20251110,20251110,AO,AO,ao2606,ao2606,hedge_long_margin_ratio,套保持仓多头保证金比例,0.08,0.08,0.08,0.08,equal_to_notice_value,等于公告值,20251107,20251107,0.1,0.1,changed_to_notice_value_on_observation_date,参数核对日变为公告值,217,217,more_than_60_days_to_expiry,距到期超过60天,official_exchange_daily_raw,交易所官方日度原始值
t20251104_829423,t20251104_829423,20251107,20251107,20251110,20251110,AO,AO,ao2606,ao2606,hedge_short_margin_ratio,套保持仓空头保证金比例,0.08,0.08,0.08,0.08,equal_to_notice_value,等于公告值,20251107,20251107,0.1,0.1,changed_to_notice_value_on_observation_date,参数核对日变为公告值,217,217,more_than_60_days_to_expiry,距到期超过60天,official_exchange_daily_raw,交易所官方日度原始值
t20251104_829423,t20251104_829423,20251107,20251107,20251110,20251110,AO,AO,ao2606,ao2606,lower_limit_ratio,跌停板比例,0.07,0.07,0.07,0.07,equal_to_notice_value,等于公告值,20251107,20251107,0.09,0.09,changed_to_notice_value_on_observation_date,参数核对日变为公告值,217,217,more_than_60_days_to_expiry,距到期超过60天,official_exchange_daily_raw,交易所官方日度原始值
t20251104_829423,t20251104_829423,20251107,20251107,20251110,20251110,AO,AO,ao2606,ao2606,spec_long_margin_ratio,一般持仓多头保证金比例,0.09,0.09,0.09,0.09,equal_to_notice_value,等于公告值,20251107,20251107,0.11,0.11,changed_to_notice_value_on_observation_date,参数核对日变为公告值,217,217,more_than_60_days_to_expiry,距到期超过60天,official_exchange_daily_raw,交易所官方日度原始值
t20251104_829423,t20251104_829423,20251107,20251107,20251110,20251110,AO,AO,ao2606,ao2606,spec_short_margin_ratio,一般持仓空头保证金比例,0.09,0.09,0.09,0.09,equal_to_notice_value,等于公告值,20251107,20251107,0.11,0.11,changed_to_notice_value_on_observation_date,参数核对日变为公告值,217,217,more_than_60_days_to_expiry,距到期超过60天,official_exchange_daily_raw,交易所官方日度原始值
t20251104_829423,t20251104_829423,20251107,20251107,20251110,20251110,AO,AO,ao2606,ao2606,upper_limit_ratio,涨停板比例,0.07,0.07,0.07,0.07,equal_to_notice_value,等于公告值,20251107,20251107,0.09,0.09,changed_to_notice_value_on_observation_date,参数核对日变为公告值,217,217,more_than_60_days_to_expiry,距到期超过60天,official_exchange_daily_raw,交易所官方日度原始值
t20251104_829423,t20251104_829423,20251107,20251107,20251110,20251110,AO,AO,ao2607,ao2607,hedge_long_margin_ratio,套保持仓多头保证金比例,0.08,0.08,0.08,0.08,equal_to_notice_value,等于公告值,20251107,20251107,0.1,0.1,changed_to_notice_value_on_observation_date,参数核对日变为公告值,247,247,more_than_60_days_to_expiry,距到期超过60天,official_exchange_daily_raw,交易所官方日度原始值
t20251104_829423,t20251104_829423,20251107,20251107,20251110,20251110,AO,AO,ao2607,ao2607,hedge_short_margin_ratio,套保持仓空头保证金比例,0.08,0.08,0.08,0.08,equal_to_notice_value,等于公告值,20251107,20251107,0.1,0.1,changed_to_notice_value_on_observation_date,参数核对日变为公告值,247,247,more_than_60_days_to_expiry,距到期超过60天,official_exchange_daily_raw,交易所官方日度原始值
t20251104_829423,t20251104_829423,20251107,20251107,20251110,20251110,AO,AO,ao2607,ao2607,lower_limit_ratio,跌停板比例,0.07,0.07,0.07,0.07,equal_to_notice_value,等于公告值,20251107,20251107,0.09,0.09,changed_to_notice_value_on_observation_date,参数核对日变为公告值,247,247,more_than_60_days_to_expiry,距到期超过60天,official_exchange_daily_raw,交易所官方日度原始值
t20251104_829423,t20251104_829423,20251107,20251107,20251110,20251110,AO,AO,ao2607,ao2607,spec_long_margin_ratio,一般持仓多头保证金比例,0.09,0.09,0.09,0.09,equal_to_notice_value,等于公告值,20251107,20251107,0.11,0.11,changed_to_notice_value_on_observation_date,参数核对日变为公告值,247,247,more_than_60_days_to_expiry,距到期超过60天,official_exchange_daily_raw,交易所官方日度原始值
t20251104_829423,t20251104_829423,20251107,20251107,20251110,20251110,AO,AO,ao2607,ao2607,spec_short_margin_ratio,一般持仓空头保证金比例,0.09,0.09,0.09,0.09,equal_to_notice_value,等于公告值,20251107,20251107,0.11,0.11,changed_to_notice_value_on_observation_date,参数核对日变为公告值,247,247,more_than_60_days_to_expiry,距到期超过60天,official_exchange_daily_raw,交易所官方日度原始值
t20251104_829423,t20251104_829423,20251107,20251107,20251110,20251110,AO,AO,ao2607,ao2607,upper_limit_ratio,涨停板比例,0.07,0.07,0.07,0.07,equal_to_notice_value,等于公告值,20251107,20251107,0.09,0.09,changed_to_notice_value_on_observation_date,参数核对日变为公告值,247,247,more_than_60_days_to_expiry,距到期超过60天,official_exchange_daily_raw,交易所官方日度原始值
t20251104_829423,t20251104_829423,20251107,20251107,20251110,20251110,AO,AO,ao2608,ao2608,hedge_long_margin_ratio,套保持仓多头保证金比例,0.08,0.08,0.08,0.08,equal_to_notice_value,等于公告值,20251107,20251107,0.1,0.1,changed_to_notice_value_on_observation_date,参数核对日变为公告值,280,280,more_than_60_days_to_expiry,距到期超过60天,official_exchange_daily_raw,交易所官方日度原始值
t20251104_829423,t20251104_829423,20251107,20251107,20251110,20251110,AO,AO,ao2608,ao2608,hedge_short_margin_ratio,套保持仓空头保证金比例,0.08,0.08,0.08,0.08,equal_to_notice_value,等于公告值,20251107,20251107,0.1,0.1,changed_to_notice_value_on_observation_date,参数核对日变为公告值,280,280,more_than_60_days_to_expiry,距到期超过60天,official_exchange_daily_raw,交易所官方日度原始值
t20251104_829423,t20251104_829423,20251107,20251107,20251110,20251110,AO,AO,ao2608,ao2608,lower_limit_ratio,跌停板比例,0.07,0.07,0.07,0.07,equal_to_notice_value,等于公告值,20251107,20251107,0.09,0.09,changed_to_notice_value_on_observation_date,参数核对日变为公告值,280,280,more_than_60_days_to_expiry,距到期超过60天,official_exchange_daily_raw,交易所官方日度原始值
t20251104_829423,t20251104_829423,20251107,20251107,20251110,20251110,AO,AO,ao2608,ao2608,spec_long_margin_ratio,一般持仓多头保证金比例,0.09,0.09,0.09,0.09,equal_to_notice_value,等于公告值,20251107,20251107,0.11,0.11,changed_to_notice_value_on_observation_date,参数核对日变为公告值,280,280,more_than_60_days_to_expiry,距到期超过60天,official_exchange_daily_raw,交易所官方日度原始值
t20251104_829423,t20251104_829423,20251107,20251107,20251110,20251110,AO,AO,ao2608,ao2608,spec_short_margin_ratio,一般持仓空头保证金比例,0.09,0.09,0.09,0.09,equal_to_notice_value,等于公告值,20251107,20251107,0.11,0.11,changed_to_notice_value_on_observation_date,参数核对日变为公告值,280,280,more_than_60_days_to_expiry,距到期超过60天,official_exchange_daily_raw,交易所官方日度原始值
t20251104_829423,t20251104_829423,20251107,20251107,20251110,20251110,AO,AO,ao2608,ao2608,upper_limit_ratio,涨停板比例,0.07,0.07,0.07,0.07,equal_to_notice_value,等于公告值,20251107,20251107,0.09,0.09,changed_to_notice_value_on_observation_date,参数核对日变为公告值,280,280,more_than_60_days_to_expiry,距到期超过60天,official_exchange_daily_raw,交易所官方日度原始值
t20251104_829423,t20251104_829423,20251107,20251107,20251110,20251110,AO,AO,ao2609,ao2609,hedge_long_margin_ratio,套保持仓多头保证金比例,0.08,0.08,0.08,0.08,equal_to_notice_value,等于公告值,20251107,20251107,0.1,0.1,changed_to_notice_value_on_observation_date,参数核对日变为公告值,309,309,more_than_60_days_to_expiry,距到期超过60天,official_exchange_daily_raw,交易所官方日度原始值
t20251104_829423,t20251104_829423,20251107,20251107,20251110,20251110,AO,AO,ao2609,ao2609,hedge_short_margin_ratio,套保持仓空头保证金比例,0.08,0.08,0.08,0.08,equal_to_notice_value,等于公告值,20251107,20251107,0.1,0.1,changed_to_notice_value_on_observation_date,参数核对日变为公告值,309,309,more_than_60_days_to_expiry,距到期超过60天,official_exchange_daily_raw,交易所官方日度原始值
t20251104_829423,t20251104_829423,20251107,20251107,20251110,20251110,AO,AO,ao2609,ao2609,lower_limit_ratio,跌停板比例,0.07,0.07,0.07,0.07,equal_to_notice_value,等于公告值,20251107,20251107,0.09,0.09,changed_to_notice_value_on_observation_date,参数核对日变为公告值,309,309,more_than_60_days_to_expiry,距到期超过60天,official_exchange_daily_raw,交易所官方日度原始值
t20251104_829423,t20251104_829423,20251107,20251107,20251110,20251110,AO,AO,ao2609,ao2609,spec_long_margin_ratio,一般持仓多头保证金比例,0.09,0.09,0.09,0.09,equal_to_notice_value,等于公告值,20251107,20251107,0.11,0.11,changed_to_notice_value_on_observation_date,参数核对日变为公告值,309,309,more_than_60_days_to_expiry,距到期超过60天,official_exchange_daily_raw,交易所官方日度原始值
t20251104_829423,t20251104_829423,20251107,20251107,20251110,20251110,AO,AO,ao2609,ao2609,spec_short_margin_ratio,一般持仓空头保证金比例,0.09,0.09,0.09,0.09,equal_to_notice_value,等于公告值,20251107,20251107,0.11,0.11,changed_to_notice_value_on_observation_date,参数核对日变为公告值,309,309,more_than_60_days_to_expiry,距到期超过60天,official_exchange_daily_raw,交易所官方日度原始值
t20251104_829423,t20251104_829423,20251107,20251107,20251110,20251110,AO,AO,ao2609,ao2609,upper_limit_ratio,涨停板比例,0.07,0.07,0.07,0.07,equal_to_notice_value,等于公告值,20251107,20251107,0.09,0.09,changed_to_notice_value_on_observation_date,参数核对日变为公告值,309,309,more_than_60_days_to_expiry,距到期超过60天,official_exchange_daily_raw,交易所官方日度原始值
t20251104_829423,t20251104_829423,20251107,20251107,20251110,20251110,AO,AO,ao2610,ao2610,hedge_long_margin_ratio,套保持仓多头保证金比例,0.08,0.08,0.08,0.08,equal_to_notice_value,等于公告值,20251107,20251107,0.1,0.1,changed_to_notice_value_on_observation_date,参数核对日变为公告值,339,339,more_than_60_days_to_expiry,距到期超过60天,official_exchange_daily_raw,交易所官方日度原始值
t20251104_829423,t20251104_829423,20251107,20251107,20251110,20251110,AO,AO,ao2610,ao2610,hedge_short_margin_ratio,套保持仓空头保证金比例,0.08,0.08,0.08,0.08,equal_to_notice_value,等于公告值,20251107,20251107,0.1,0.1,changed_to_notice_value_on_observation_date,参数核对日变为公告值,339,339,more_than_60_days_to_expiry,距到期超过60天,official_exchange_daily_raw,交易所官方日度原始值
t20251104_829423,t20251104_829423,20251107,20251107,20251110,20251110,AO,AO,ao2610,ao2610,lower_limit_ratio,跌停板比例,0.07,0.07,0.07,0.07,equal_to_notice_value,等于公告值,20251107,20251107,0.09,0.09,changed_to_notice_value_on_observation_date,参数核对日变为公告值,339,339,more_than_60_days_to_expiry,距到期超过60天,official_exchange_daily_raw,交易所官方日度原始值
t20251104_829423,t20251104_829423,20251107,20251107,20251110,20251110,AO,AO,ao2610,ao2610,spec_long_margin_ratio,一般持仓多头保证金比例,0.09,0.09,0.09,0.09,equal_to_notice_value,等于公告值,20251107,20251107,0.11,0.11,changed_to_notice_value_on_observation_date,参数核对日变为公告值,339,339,more_than_60_days_to_expiry,距到期超过60天,official_exchange_daily_raw,交易所官方日度原始值
t20251104_829423,t20251104_829423,20251107,20251107,20251110,20251110,AO,AO,ao2610,ao2610,spec_short_margin_ratio,一般持仓空头保证金比例,0.09,0.09,0.09,0.09,equal_to_notice_value,等于公告值,20251107,20251107,0.11,0.11,changed_to_notice_value_on_observation_date,参数核对日变为公告值,339,339,more_than_60_days_to_expiry,距到期超过60天,official_exchange_daily_raw,交易所官方日度原始值
t20251104_829423,t20251104_829423,20251107,20251107,20251110,20251110,AO,AO,ao2610,ao2610,upper_limit_ratio,涨停板比例,0.07,0.07,0.07,0.07,equal_to_notice_value,等于公告值,20251107,20251107,0.09,0.09,changed_to_notice_value_on_observation_date,参数核对日变为公告值,339,339,more_than_60_days_to_expiry,距到期超过60天,official_exchange_daily_raw,交易所官方日度原始值
t20251205_829720,t20251205_829720,20251209,20251209,20251210,20251210,BU,BU,bu2512,bu2512,hedge_long_margin_ratio,套保持仓多头保证金比例,0.08,0.08,0.15,0.15,above_notice_value,高于公告值,20251209,20251209,0.15,0.15,preexisting_value_at_or_above_notice_level,参数此前已达到或高于公告值,5,5,days_0_10_to_expiry,距到期0至10天,official_exchange_daily_raw,交易所官方日度原始值
t20251205_829720,t20251205_829720,20251209,20251209,20251210,20251210,BU,BU,bu2512,bu2512,hedge_short_margin_ratio,套保持仓空头保证金比例,0.08,0.08,0.15,0.15,above_notice_value,高于公告值,20251209,20251209,0.15,0.15,preexisting_value_at_or_above_notice_level,参数此前已达到或高于公告值,5,5,days_0_10_to_expiry,距到期0至10天,official_exchange_daily_raw,交易所官方日度原始值
t20251205_829720,t20251205_829720,20251209,20251209,20251210,20251210,BU,BU,bu2512,bu2512,lower_limit_ratio,跌停板比例,0.07,0.07,0.07,0.07,equal_to_notice_value,等于公告值,20251209,20251209,0.09,0.09,changed_to_notice_value_on_observation_date,参数核对日变为公告值,5,5,days_0_10_to_expiry,距到期0至10天,official_exchange_daily_raw,交易所官方日度原始值
t20251205_829720,t20251205_829720,20251209,20251209,20251210,20251210,BU,BU,bu2512,bu2512,spec_long_margin_ratio,一般持仓多头保证金比例,0.09,0.09,0.15,0.15,above_notice_value,高于公告值,20251209,20251209,0.15,0.15,preexisting_value_at_or_above_notice_level,参数此前已达到或高于公告值,5,5,days_0_10_to_expiry,距到期0至10天,official_exchange_daily_raw,交易所官方日度原始值
t20251205_829720,t20251205_829720,20251209,20251209,20251210,20251210,BU,BU,bu2512,bu2512,spec_short_margin_ratio,一般持仓空头保证金比例,0.09,0.09,0.15,0.15,above_notice_value,高于公告值,20251209,20251209,0.15,0.15,preexisting_value_at_or_above_notice_level,参数此前已达到或高于公告值,5,5,days_0_10_to_expiry,距到期0至10天,official_exchange_daily_raw,交易所官方日度原始值
t20251205_829720,t20251205_829720,20251209,20251209,20251210,20251210,BU,BU,bu2512,bu2512,upper_limit_ratio,涨停板比例,0.07,0.07,0.07,0.07,equal_to_notice_value,等于公告值,20251209,20251209,0.09,0.09,changed_to_notice_value_on_observation_date,参数核对日变为公告值,5,5,days_0_10_to_expiry,距到期0至10天,official_exchange_daily_raw,交易所官方日度原始值
t20251205_829720,t20251205_829720,20251209,20251209,20251210,20251210,BU,BU,bu2601,bu2601,hedge_long_margin_ratio,套保持仓多头保证金比例,0.08,0.08,0.1,0.1,above_notice_value,高于公告值,20251209,20251209,0.1,0.1,preexisting_value_at_or_above_notice_level,参数此前已达到或高于公告值,36,36,days_31_60_to_expiry,距到期31至60天,official_exchange_daily_raw,交易所官方日度原始值
t20251205_829720,t20251205_829720,20251209,20251209,20251210,20251210,BU,BU,bu2601,bu2601,hedge_short_margin_ratio,套保持仓空头保证金比例,0.08,0.08,0.1,0.1,above_notice_value,高于公告值,20251209,20251209,0.1,0.1,preexisting_value_at_or_above_notice_level,参数此前已达到或高于公告值,36,36,days_31_60_to_expiry,距到期31至60天,official_exchange_daily_raw,交易所官方日度原始值
t20251205_829720,t20251205_829720,20251209,20251209,20251210,20251210,BU,BU,bu2601,bu2601,lower_limit_ratio,跌停板比例,0.07,0.07,0.07,0.07,equal_to_notice_value,等于公告值,20251209,20251209,0.09,0.09,changed_to_notice_value_on_observation_date,参数核对日变为公告值,36,36,days_31_60_to_expiry,距到期31至60天,official_exchange_daily_raw,交易所官方日度原始值
t20251205_829720,t20251205_829720,20251209,20251209,20251210,20251210,BU,BU,bu2601,bu2601,spec_long_margin_ratio,一般持仓多头保证金比例,0.09,0.09,0.1,0.1,above_notice_value,高于公告值,20251209,20251209,0.11,0.11,changed_to_value_above_notice_level_on_observation_date,参数核对日变为高于公告值的从高适用值,36,36,days_31_60_to_expiry,距到期31至60天,official_exchange_daily_raw,交易所官方日度原始值
t20251205_829720,t20251205_829720,20251209,20251209,20251210,20251210,BU,BU,bu2601,bu2601,spec_short_margin_ratio,一般持仓空头保证金比例,0.09,0.09,0.1,0.1,above_notice_value,高于公告值,20251209,20251209,0.11,0.11,changed_to_value_above_notice_level_on_observation_date,参数核对日变为高于公告值的从高适用值,36,36,days_31_60_to_expiry,距到期31至60天,official_exchange_daily_raw,交易所官方日度原始值
t20251205_829720,t20251205_829720,20251209,20251209,20251210,20251210,BU,BU,bu2601,bu2601,upper_limit_ratio,涨停板比例,0.07,0.07,0.07,0.07,equal_to_notice_value,等于公告值,20251209,20251209,0.09,0.09,changed_to_notice_value_on_observation_date,参数核对日变为公告值,36,36,days_31_60_to_expiry,距到期31至60天,official_exchange_daily_raw,交易所官方日度原始值
t20251205_829720,t20251205_829720,20251209,20251209,20251210,20251210,BU,BU,bu2602,bu2602,hedge_long_margin_ratio,套保持仓多头保证金比例,0.08,0.08,0.08,0.08,equal_to_notice_value,等于公告值,20251209,20251209,0.1,0.1,changed_to_notice_value_on_observation_date,参数核对日变为公告值,76,76,more_than_60_days_to_expiry,距到期超过60天,official_exchange_daily_raw,交易所官方日度原始值
t20251205_829720,t20251205_829720,20251209,20251209,20251210,20251210,BU,BU,bu2602,bu2602,hedge_short_margin_ratio,套保持仓空头保证金比例,0.08,0.08,0.08,0.08,equal_to_notice_value,等于公告值,20251209,20251209,0.1,0.1,changed_to_notice_value_on_observation_date,参数核对日变为公告值,76,76,more_than_60_days_to_expiry,距到期超过60天,official_exchange_daily_raw,交易所官方日度原始值
t20251205_829720,t20251205_829720,20251209,20251209,20251210,20251210,BU,BU,bu2602,bu2602,lower_limit_ratio,跌停板比例,0.07,0.07,0.07,0.07,equal_to_notice_value,等于公告值,20251209,20251209,0.09,0.09,changed_to_notice_value_on_observation_date,参数核对日变为公告值,76,76,more_than_60_days_to_expiry,距到期超过60天,official_exchange_daily_raw,交易所官方日度原始值
t20251205_829720,t20251205_829720,20251209,20251209,20251210,20251210,BU,BU,bu2602,bu2602,spec_long_margin_ratio,一般持仓多头保证金比例,0.09,0.09,0.09,0.09,equal_to_notice_value,等于公告值,20251209,20251209,0.11,0.11,changed_to_notice_value_on_observation_date,参数核对日变为公告值,76,76,more_than_60_days_to_expiry,距到期超过60天,official_exchange_daily_raw,交易所官方日度原始值
t20251205_829720,t20251205_829720,20251209,20251209,20251210,20251210,BU,BU,bu2602,bu2602,spec_short_margin_ratio,一般持仓空头保证金比例,0.09,0.09,0.09,0.09,equal_to_notice_value,等于公告值,20251209,20251209,0.11,0.11,changed_to_notice_value_on_observation_date,参数核对日变为公告值,76,76,more_than_60_days_to_expiry,距到期超过60天,official_exchange_daily_raw,交易所官方日度原始值
t20251205_829720,t20251205_829720,20251209,20251209,20251210,20251210,BU,BU,bu2602,bu2602,upper_limit_ratio,涨停板比例,0.07,0.07,0.07,0.07,equal_to_notice_value,等于公告值,20251209,20251209,0.09,0.09,changed_to_notice_value_on_observation_date,参数核对日变为公告值,76,76,more_than_60_days_to_expiry,距到期超过60天,official_exchange_daily_raw,交易所官方日度原始值
t20251205_829720,t20251205_829720,20251209,20251209,20251210,20251210,BU,BU,bu2603,bu2603,hedge_long_margin_ratio,套保持仓多头保证金比例,0.08,0.08,0.08,0.08,equal_to_notice_value,等于公告值,20251209,20251209,0.1,0.1,changed_to_notice_value_on_observation_date,参数核对日变为公告值,96,96,more_than_60_days_to_expiry,距到期超过60天,official_exchange_daily_raw,交易所官方日度原始值
t20251205_829720,t20251205_829720,20251209,20251209,20251210,20251210,BU,BU,bu2603,bu2603,hedge_short_margin_ratio,套保持仓空头保证金比例,0.08,0.08,0.08,0.08,equal_to_notice_value,等于公告值,20251209,20251209,0.1,0.1,changed_to_notice_value_on_observation_date,参数核对日变为公告值,96,96,more_than_60_days_to_expiry,距到期超过60天,official_exchange_daily_raw,交易所官方日度原始值
t20251205_829720,t20251205_829720,20251209,20251209,20251210,20251210,BU,BU,bu2603,bu2603,lower_limit_ratio,跌停板比例,0.07,0.07,0.07,0.07,equal_to_notice_value,等于公告值,20251209,20251209,0.09,0.09,changed_to_notice_value_on_observation_date,参数核对日变为公告值,96,96,more_than_60_days_to_expiry,距到期超过60天,official_exchange_daily_raw,交易所官方日度原始值
t20251205_829720,t20251205_829720,20251209,20251209,20251210,20251210,BU,BU,bu2603,bu2603,spec_long_margin_ratio,一般持仓多头保证金比例,0.09,0.09,0.09,0.09,equal_to_notice_value,等于公告值,20251209,20251209,0.11,0.11,changed_to_notice_value_on_observation_date,参数核对日变为公告值,96,96,more_than_60_days_to_expiry,距到期超过60天,official_exchange_daily_raw,交易所官方日度原始值
t20251205_829720,t20251205_829720,20251209,20251209,20251210,20251210,BU,BU,bu2603,bu2603,spec_short_margin_ratio,一般持仓空头保证金比例,0.09,0.09,0.09,0.09,equal_to_notice_value,等于公告值,20251209,20251209,0.11,0.11,changed_to_notice_value_on_observation_date,参数核对日变为公告值,96,96,more_than_60_days_to_expiry,距到期超过60天,official_exchange_daily_raw,交易所官方日度原始值
t20251205_829720,t20251205_829720,20251209,20251209,20251210,20251210,BU,BU,bu2603,bu2603,upper_limit_ratio,涨停板比例,0.07,0.07,0.07,0.07,equal_to_notice_value,等于公告值,20251209,20251209,0.09,0.09,changed_to_notice_value_on_observation_date,参数核对日变为公告值,96,96,more_than_60_days_to_expiry,距到期超过60天,official_exchange_daily_raw,交易所官方日度原始值
t20251205_829720,t20251205_829720,20251209,20251209,20251210,20251210,BU,BU,bu2604,bu2604,hedge_long_margin_ratio,套保持仓多头保证金比例,0.08,0.08,0.08,0.08,equal_to_notice_value,等于公告值,20251209,20251209,0.1,0.1,changed_to_notice_value_on_observation_date,参数核对日变为公告值,126,126,more_than_60_days_to_expiry,距到期超过60天,official_exchange_daily_raw,交易所官方日度原始值
t20251205_829720,t20251205_829720,20251209,20251209,20251210,20251210,BU,BU,bu2604,bu2604,hedge_short_margin_ratio,套保持仓空头保证金比例,0.08,0.08,0.08,0.08,equal_to_notice_value,等于公告值,20251209,20251209,0.1,0.1,changed_to_notice_value_on_observation_date,参数核对日变为公告值,126,126,more_than_60_days_to_expiry,距到期超过60天,official_exchange_daily_raw,交易所官方日度原始值
t20251205_829720,t20251205_829720,20251209,20251209,20251210,20251210,BU,BU,bu2604,bu2604,lower_limit_ratio,跌停板比例,0.07,0.07,0.07,0.07,equal_to_notice_value,等于公告值,20251209,20251209,0.09,0.09,changed_to_notice_value_on_observation_date,参数核对日变为公告值,126,126,more_than_60_days_to_expiry,距到期超过60天,official_exchange_daily_raw,交易所官方日度原始值
t20251205_829720,t20251205_829720,20251209,20251209,20251210,20251210,BU,BU,bu2604,bu2604,spec_long_margin_ratio,一般持仓多头保证金比例,0.09,0.09,0.09,0.09,equal_to_notice_value,等于公告值,20251209,20251209,0.11,0.11,changed_to_notice_value_on_observation_date,参数核对日变为公告值,126,126,more_than_60_days_to_expiry,距到期超过60天,official_exchange_daily_raw,交易所官方日度原始值
t20251205_829720,t20251205_829720,20251209,20251209,20251210,20251210,BU,BU,bu2604,bu2604,spec_short_margin_ratio,一般持仓空头保证金比例,0.09,0.09,0.09,0.09,equal_to_notice_value,等于公告值,20251209,20251209,0.11,0.11,changed_to_notice_value_on_observation_date,参数核对日变为公告值,126,126,more_than_60_days_to_expiry,距到期超过60天,official_exchange_daily_raw,交易所官方日度原始值
t20251205_829720,t20251205_829720,20251209,20251209,20251210,20251210,BU,BU,bu2604,bu2604,upper_limit_ratio,涨停板比例,0.07,0.07,0.07,0.07,equal_to_notice_value,等于公告值,20251209,20251209,0.09,0.09,changed_to_notice_value_on_observation_date,参数核对日变为公告值,126,126,more_than_60_days_to_expiry,距到期超过60天,official_exchange_daily_raw,交易所官方日度原始值
t20251205_829720,t20251205_829720,20251209,20251209,20251210,20251210,BU,BU,bu2605,bu2605,hedge_long_margin_ratio,套保持仓多头保证金比例,0.08,0.08,0.08,0.08,equal_to_notice_value,等于公告值,20251209,20251209,0.1,0.1,changed_to_notice_value_on_observation_date,参数核对日变为公告值,156,156,more_than_60_days_to_expiry,距到期超过60天,official_exchange_daily_raw,交易所官方日度原始值
t20251205_829720,t20251205_829720,20251209,20251209,20251210,20251210,BU,BU,bu2605,bu2605,hedge_short_margin_ratio,套保持仓空头保证金比例,0.08,0.08,0.08,0.08,equal_to_notice_value,等于公告值,20251209,20251209,0.1,0.1,changed_to_notice_value_on_observation_date,参数核对日变为公告值,156,156,more_than_60_days_to_expiry,距到期超过60天,official_exchange_daily_raw,交易所官方日度原始值
t20251205_829720,t20251205_829720,20251209,20251209,20251210,20251210,BU,BU,bu2605,bu2605,lower_limit_ratio,跌停板比例,0.07,0.07,0.07,0.07,equal_to_notice_value,等于公告值,20251209,20251209,0.09,0.09,changed_to_notice_value_on_observation_date,参数核对日变为公告值,156,156,more_than_60_days_to_expiry,距到期超过60天,official_exchange_daily_raw,交易所官方日度原始值
t20251205_829720,t20251205_829720,20251209,20251209,20251210,20251210,BU,BU,bu2605,bu2605,spec_long_margin_ratio,一般持仓多头保证金比例,0.09,0.09,0.09,0.09,equal_to_notice_value,等于公告值,20251209,20251209,0.11,0.11,changed_to_notice_value_on_observation_date,参数核对日变为公告值,156,156,more_than_60_days_to_expiry,距到期超过60天,official_exchange_daily_raw,交易所官方日度原始值
t20251205_829720,t20251205_829720,20251209,20251209,20251210,20251210,BU,BU,bu2605,bu2605,spec_short_margin_ratio,一般持仓空头保证金比例,0.09,0.09,0.09,0.09,equal_to_notice_value,等于公告值,20251209,20251209,0.11,0.11,changed_to_notice_value_on_observation_date,参数核对日变为公告值,156,156,more_than_60_days_to_expiry,距到期超过60天,official_exchange_daily_raw,交易所官方日度原始值
t20251205_829720,t20251205_829720,20251209,20251209,20251210,20251210,BU,BU,bu2605,bu2605,upper_limit_ratio,涨停板比例,0.07,0.07,0.07,0.07,equal_to_notice_value,等于公告值,20251209,20251209,0.09,0.09,changed_to_notice_value_on_observation_date,参数核对日变为公告值,156,156,more_than_60_days_to_expiry,距到期超过60天,official_exchange_daily_raw,交易所官方日度原始值
t20251205_829720,t20251205_829720,20251209,20251209,20251210,20251210,BU,BU,bu2606,bu2606,hedge_long_margin_ratio,套保持仓多头保证金比例,0.08,0.08,0.08,0.08,equal_to_notice_value,等于公告值,20251209,20251209,0.1,0.1,changed_to_notice_value_on_observation_date,参数核对日变为公告值,187,187,more_than_60_days_to_expiry,距到期超过60天,official_exchange_daily_raw,交易所官方日度原始值
t20251205_829720,t20251205_829720,20251209,20251209,20251210,20251210,BU,BU,bu2606,bu2606,hedge_short_margin_ratio,套保持仓空头保证金比例,0.08,0.08,0.08,0.08,equal_to_notice_value,等于公告值,20251209,20251209,0.1,0.1,changed_to_notice_value_on_observation_date,参数核对日变为公告值,187,187,more_than_60_days_to_expiry,距到期超过60天,official_exchange_daily_raw,交易所官方日度原始值
t20251205_829720,t20251205_829720,20251209,20251209,20251210,20251210,BU,BU,bu2606,bu2606,lower_limit_ratio,跌停板比例,0.07,0.07,0.07,0.07,equal_to_notice_value,等于公告值,20251209,20251209,0.09,0.09,changed_to_notice_value_on_observation_date,参数核对日变为公告值,187,187,more_than_60_days_to_expiry,距到期超过60天,official_exchange_daily_raw,交易所官方日度原始值
t20251205_829720,t20251205_829720,20251209,20251209,20251210,20251210,BU,BU,bu2606,bu2606,spec_long_margin_ratio,一般持仓多头保证金比例,0.09,0.09,0.09,0.09,equal_to_notice_value,等于公告值,20251209,20251209,0.11,0.11,changed_to_notice_value_on_observation_date,参数核对日变为公告值,187,187,more_than_60_days_to_expiry,距到期超过60天,official_exchange_daily_raw,交易所官方日度原始值
t20251205_829720,t20251205_829720,20251209,20251209,20251210,20251210,BU,BU,bu2606,bu2606,spec_short_margin_ratio,一般持仓空头保证金比例,0.09,0.09,0.09,0.09,equal_to_notice_value,等于公告值,20251209,20251209,0.11,0.11,changed_to_notice_value_on_observation_date,参数核对日变为公告值,187,187,more_than_60_days_to_expiry,距到期超过60天,official_exchange_daily_raw,交易所官方日度原始值
t20251205_829720,t20251205_829720,20251209,20251209,20251210,20251210,BU,BU,bu2606,bu2606,upper_limit_ratio,涨停板比例,0.07,0.07,0.07,0.07,equal_to_notice_value,等于公告值,20251209,20251209,0.09,0.09,changed_to_notice_value_on_observation_date,参数核对日变为公告值,187,187,more_than_60_days_to_expiry,距到期超过60天,official_exchange_daily_raw,交易所官方日度原始值
t20251205_829720,t20251205_829720,20251209,20251209,20251210,20251210,BU,BU,bu2607,bu2607,hedge_long_margin_ratio,套保持仓多头保证金比例,0.08,0.08,0.08,0.08,equal_to_notice_value,等于公告值,20251209,20251209,0.1,0.1,changed_to_notice_value_on_observation_date,参数核对日变为公告值,217,217,more_than_60_days_to_expiry,距到期超过60天,official_exchange_daily_raw,交易所官方日度原始值
t20251205_829720,t20251205_829720,20251209,20251209,20251210,20251210,BU,BU,bu2607,bu2607,hedge_short_margin_ratio,套保持仓空头保证金比例,0.08,0.08,0.08,0.08,equal_to_notice_value,等于公告值,20251209,20251209,0.1,0.1,changed_to_notice_value_on_observation_date,参数核对日变为公告值,217,217,more_than_60_days_to_expiry,距到期超过60天,official_exchange_daily_raw,交易所官方日度原始值
t20251205_829720,t20251205_829720,20251209,20251209,20251210,20251210,BU,BU,bu2607,bu2607,lower_limit_ratio,跌停板比例,0.07,0.07,0.07,0.07,equal_to_notice_value,等于公告值,20251209,20251209,0.09,0.09,changed_to_notice_value_on_observation_date,参数核对日变为公告值,217,217,more_than_60_days_to_expiry,距到期超过60天,official_exchange_daily_raw,交易所官方日度原始值
t20251205_829720,t20251205_829720,20251209,20251209,20251210,20251210,BU,BU,bu2607,bu2607,spec_long_margin_ratio,一般持仓多头保证金比例,0.09,0.09,0.09,0.09,equal_to_notice_value,等于公告值,20251209,20251209,0.11,0.11,changed_to_notice_value_on_observation_date,参数核对日变为公告值,217,217,more_than_60_days_to_expiry,距到期超过60天,official_exchange_daily_raw,交易所官方日度原始值
t20251205_829720,t20251205_829720,20251209,20251209,20251210,20251210,BU,BU,bu2607,bu2607,spec_short_margin_ratio,一般持仓空头保证金比例,0.09,0.09,0.09,0.09,equal_to_notice_value,等于公告值,20251209,20251209,0.11,0.11,changed_to_notice_value_on_observation_date,参数核对日变为公告值,217,217,more_than_60_days_to_expiry,距到期超过60天,official_exchange_daily_raw,交易所官方日度原始值
t20251205_829720,t20251205_829720,20251209,20251209,20251210,20251210,BU,BU,bu2607,bu2607,upper_limit_ratio,涨停板比例,0.07,0.07,0.07,0.07,equal_to_notice_value,等于公告值,20251209,20251209,0.09,0.09,changed_to_notice_value_on_observation_date,参数核对日变为公告值,217,217,more_than_60_days_to_expiry,距到期超过60天,official_exchange_daily_raw,交易所官方日度原始值
t20251205_829720,t20251205_829720,20251209,20251209,20251210,20251210,BU,BU,bu2608,bu2608,hedge_long_margin_ratio,套保持仓多头保证金比例,0.08,0.08,0.08,0.08,equal_to_notice_value,等于公告值,20251209,20251209,0.1,0.1,changed_to_notice_value_on_observation_date,参数核对日变为公告值,250,250,more_than_60_days_to_expiry,距到期超过60天,official_exchange_daily_raw,交易所官方日度原始值
t20251205_829720,t20251205_829720,20251209,20251209,20251210,20251210,BU,BU,bu2608,bu2608,hedge_short_margin_ratio,套保持仓空头保证金比例,0.08,0.08,0.08,0.08,equal_to_notice_value,等于公告值,20251209,20251209,0.1,0.1,changed_to_notice_value_on_observation_date,参数核对日变为公告值,250,250,more_than_60_days_to_expiry,距到期超过60天,official_exchange_daily_raw,交易所官方日度原始值
t20251205_829720,t20251205_829720,20251209,20251209,20251210,20251210,BU,BU,bu2608,bu2608,lower_limit_ratio,跌停板比例,0.07,0.07,0.07,0.07,equal_to_notice_value,等于公告值,20251209,20251209,0.09,0.09,changed_to_notice_value_on_observation_date,参数核对日变为公告值,250,250,more_than_60_days_to_expiry,距到期超过60天,official_exchange_daily_raw,交易所官方日度原始值
t20251205_829720,t20251205_829720,20251209,20251209,20251210,20251210,BU,BU,bu2608,bu2608,spec_long_margin_ratio,一般持仓多头保证金比例,0.09,0.09,0.09,0.09,equal_to_notice_value,等于公告值,20251209,20251209,0.11,0.11,changed_to_notice_value_on_observation_date,参数核对日变为公告值,250,250,more_than_60_days_to_expiry,距到期超过60天,official_exchange_daily_raw,交易所官方日度原始值
t20251205_829720,t20251205_829720,20251209,20251209,20251210,20251210,BU,BU,bu2608,bu2608,spec_short_margin_ratio,一般持仓空头保证金比例,0.09,0.09,0.09,0.09,equal_to_notice_value,等于公告值,20251209,20251209,0.11,0.11,changed_to_notice_value_on_observation_date,参数核对日变为公告值,250,250,more_than_60_days_to_expiry,距到期超过60天,official_exchange_daily_raw,交易所官方日度原始值
t20251205_829720,t20251205_829720,20251209,20251209,20251210,20251210,BU,BU,bu2608,bu2608,upper_limit_ratio,涨停板比例,0.07,0.07,0.07,0.07,equal_to_notice_value,等于公告值,20251209,20251209,0.09,0.09,changed_to_notice_value_on_observation_date,参数核对日变为公告值,250,250,more_than_60_days_to_expiry,距到期超过60天,official_exchange_daily_raw,交易所官方日度原始值
t20251205_829720,t20251205_829720,20251209,20251209,20251210,20251210,BU,BU,bu2609,bu2609,hedge_long_margin_ratio,套保持仓多头保证金比例,0.08,0.08,0.08,0.08,equal_to_notice_value,等于公告值,20251209,20251209,0.1,0.1,changed_to_notice_value_on_observation_date,参数核对日变为公告值,279,279,more_than_60_days_to_expiry,距到期超过60天,official_exchange_daily_raw,交易所官方日度原始值
t20251205_829720,t20251205_829720,20251209,20251209,20251210,20251210,BU,BU,bu2609,bu2609,hedge_short_margin_ratio,套保持仓空头保证金比例,0.08,0.08,0.08,0.08,equal_to_notice_value,等于公告值,20251209,20251209,0.1,0.1,changed_to_notice_value_on_observation_date,参数核对日变为公告值,279,279,more_than_60_days_to_expiry,距到期超过60天,official_exchange_daily_raw,交易所官方日度原始值
t20251205_829720,t20251205_829720,20251209,20251209,20251210,20251210,BU,BU,bu2609,bu2609,lower_limit_ratio,跌停板比例,0.07,0.07,0.07,0.07,equal_to_notice_value,等于公告值,20251209,20251209,0.09,0.09,changed_to_notice_value_on_observation_date,参数核对日变为公告值,279,279,more_than_60_days_to_expiry,距到期超过60天,official_exchange_daily_raw,交易所官方日度原始值
t20251205_829720,t20251205_829720,20251209,20251209,20251210,20251210,BU,BU,bu2609,bu2609,spec_long_margin_ratio,一般持仓多头保证金比例,0.09,0.09,0.09,0.09,equal_to_notice_value,等于公告值,20251209,20251209,0.11,0.11,changed_to_notice_value_on_observation_date,参数核对日变为公告值,279,279,more_than_60_days_to_expiry,距到期超过60天,official_exchange_daily_raw,交易所官方日度原始值
t20251205_829720,t20251205_829720,20251209,20251209,20251210,20251210,BU,BU,bu2609,bu2609,spec_short_margin_ratio,一般持仓空头保证金比例,0.09,0.09,0.09,0.09,equal_to_notice_value,等于公告值,20251209,20251209,0.11,0.11,changed_to_notice_value_on_observation_date,参数核对日变为公告值,279,279,more_than_60_days_to_expiry,距到期超过60天,official_exchange_daily_raw,交易所官方日度原始值
t20251205_829720,t20251205_829720,20251209,20251209,20251210,20251210,BU,BU,bu2609,bu2609,upper_limit_ratio,涨停板比例,0.07,0.07,0.07,0.07,equal_to_notice_value,等于公告值,20251209,20251209,0.09,0.09,changed_to_notice_value_on_observation_date,参数核对日变为公告值,279,279,more_than_60_days_to_expiry,距到期超过60天,official_exchange_daily_raw,交易所官方日度原始值
t20251205_829720,t20251205_829720,20251209,20251209,20251210,20251210,BU,BU,bu2610,bu2610,hedge_long_margin_ratio,套保持仓多头保证金比例,0.08,0.08,0.08,0.08,equal_to_notice_value,等于公告值,20251209,20251209,0.1,0.1,changed_to_notice_value_on_observation_date,参数核对日变为公告值,309,309,more_than_60_days_to_expiry,距到期超过60天,official_exchange_daily_raw,交易所官方日度原始值
t20251205_829720,t20251205_829720,20251209,20251209,20251210,20251210,BU,BU,bu2610,bu2610,hedge_short_margin_ratio,套保持仓空头保证金比例,0.08,0.08,0.08,0.08,equal_to_notice_value,等于公告值,20251209,20251209,0.1,0.1,changed_to_notice_value_on_observation_date,参数核对日变为公告值,309,309,more_than_60_days_to_expiry,距到期超过60天,official_exchange_daily_raw,交易所官方日度原始值
t20251205_829720,t20251205_829720,20251209,20251209,20251210,20251210,BU,BU,bu2610,bu2610,lower_limit_ratio,跌停板比例,0.07,0.07,0.07,0.07,equal_to_notice_value,等于公告值,20251209,20251209,0.09,0.09,changed_to_notice_value_on_observation_date,参数核对日变为公告值,309,309,more_than_60_days_to_expiry,距到期超过60天,official_exchange_daily_raw,交易所官方日度原始值
t20251205_829720,t20251205_829720,20251209,20251209,20251210,20251210,BU,BU,bu2610,bu2610,spec_long_margin_ratio,一般持仓多头保证金比例,0.09,0.09,0.09,0.09,equal_to_notice_value,等于公告值,20251209,20251209,0.11,0.11,changed_to_notice_value_on_observation_date,参数核对日变为公告值,309,309,more_than_60_days_to_expiry,距到期超过60天,official_exchange_daily_raw,交易所官方日度原始值
t20251205_829720,t20251205_829720,20251209,20251209,20251210,20251210,BU,BU,bu2610,bu2610,spec_short_margin_ratio,一般持仓空头保证金比例,0.09,0.09,0.09,0.09,equal_to_notice_value,等于公告值,20251209,20251209,0.11,0.11,changed_to_notice_value_on_observation_date,参数核对日变为公告值,309,309,more_than_60_days_to_expiry,距到期超过60天,official_exchange_daily_raw,交易所官方日度原始值
t20251205_829720,t20251205_829720,20251209,20251209,20251210,20251210,BU,BU,bu2610,bu2610,upper_limit_ratio,涨停板比例,0.07,0.07,0.07,0.07,equal_to_notice_value,等于公告值,20251209,20251209,0.09,0.09,changed_to_notice_value_on_observation_date,参数核对日变为公告值,309,309,more_than_60_days_to_expiry,距到期超过60天,official_exchange_daily_raw,交易所官方日度原始值
t20251205_829720,t20251205_829720,20251209,20251209,20251210,20251210,BU,BU,bu2611,bu2611,hedge_long_margin_ratio,套保持仓多头保证金比例,0.08,0.08,0.08,0.08,equal_to_notice_value,等于公告值,20251209,20251209,0.1,0.1,changed_to_notice_value_on_observation_date,参数核对日变为公告值,341,341,more_than_60_days_to_expiry,距到期超过60天,official_exchange_daily_raw,交易所官方日度原始值
t20251205_829720,t20251205_829720,20251209,20251209,20251210,20251210,BU,BU,bu2611,bu2611,hedge_short_margin_ratio,套保持仓空头保证金比例,0.08,0.08,0.08,0.08,equal_to_notice_value,等于公告值,20251209,20251209,0.1,0.1,changed_to_notice_value_on_observation_date,参数核对日变为公告值,341,341,more_than_60_days_to_expiry,距到期超过60天,official_exchange_daily_raw,交易所官方日度原始值
t20251205_829720,t20251205_829720,20251209,20251209,20251210,20251210,BU,BU,bu2611,bu2611,lower_limit_ratio,跌停板比例,0.07,0.07,0.07,0.07,equal_to_notice_value,等于公告值,20251209,20251209,0.09,0.09,changed_to_notice_value_on_observation_date,参数核对日变为公告值,341,341,more_than_60_days_to_expiry,距到期超过60天,official_exchange_daily_raw,交易所官方日度原始值
t20251205_829720,t20251205_829720,20251209,20251209,20251210,20251210,BU,BU,bu2611,bu2611,spec_long_margin_ratio,一般持仓多头保证金比例,0.09,0.09,0.09,0.09,equal_to_notice_value,等于公告值,20251209,20251209,0.11,0.11,changed_to_notice_value_on_observation_date,参数核对日变为公告值,341,341,more_than_60_days_to_expiry,距到期超过60天,official_exchange_daily_raw,交易所官方日度原始值
t20251205_829720,t20251205_829720,20251209,20251209,20251210,20251210,BU,BU,bu2611,bu2611,spec_short_margin_ratio,一般持仓空头保证金比例,0.09,0.09,0.09,0.09,equal_to_notice_value,等于公告值,20251209,20251209,0.11,0.11,changed_to_notice_value_on_observation_date,参数核对日变为公告值,341,341,more_than_60_days_to_expiry,距到期超过60天,official_exchange_daily_raw,交易所官方日度原始值
t20251205_829720,t20251205_829720,20251209,20251209,20251210,20251210,BU,BU,bu2611,bu2611,upper_limit_ratio,涨停板比例,0.07,0.07,0.07,0.07,equal_to_notice_value,等于公告值,20251209,20251209,0.09,0.09,changed_to_notice_value_on_observation_date,参数核对日变为公告值,341,341,more_than_60_days_to_expiry,距到期超过60天,official_exchange_daily_raw,交易所官方日度原始值
t20251205_829720,t20251205_829720,20251209,20251209,20251210,20251210,BU,BU,bu2612,bu2612,hedge_long_margin_ratio,套保持仓多头保证金比例,0.08,0.08,0.08,0.08,equal_to_notice_value,等于公告值,20251209,20251209,0.1,0.1,changed_to_notice_value_on_observation_date,参数核对日变为公告值,370,370,more_than_60_days_to_expiry,距到期超过60天,official_exchange_daily_raw,交易所官方日度原始值
t20251205_829720,t20251205_829720,20251209,20251209,20251210,20251210,BU,BU,bu2612,bu2612,hedge_short_margin_ratio,套保持仓空头保证金比例,0.08,0.08,0.08,0.08,equal_to_notice_value,等于公告值,20251209,20251209,0.1,0.1,changed_to_notice_value_on_observation_date,参数核对日变为公告值,370,370,more_than_60_days_to_expiry,距到期超过60天,official_exchange_daily_raw,交易所官方日度原始值
t20251205_829720,t20251205_829720,20251209,20251209,20251210,20251210,BU,BU,bu2612,bu2612,lower_limit_ratio,跌停板比例,0.07,0.07,0.07,0.07,equal_to_notice_value,等于公告值,20251209,20251209,0.09,0.09,changed_to_notice_value_on_observation_date,参数核对日变为公告值,370,370,more_than_60_days_to_expiry,距到期超过60天,official_exchange_daily_raw,交易所官方日度原始值
t20251205_829720,t20251205_829720,20251209,20251209,20251210,20251210,BU,BU,bu2612,bu2612,spec_long_margin_ratio,一般持仓多头保证金比例,0.09,0.09,0.09,0.09,equal_to_notice_value,等于公告值,20251209,20251209,0.11,0.11,changed_to_notice_value_on_observation_date,参数核对日变为公告值,370,370,more_than_60_days_to_expiry,距到期超过60天,official_exchange_daily_raw,交易所官方日度原始值
t20251205_829720,t20251205_829720,20251209,20251209,20251210,20251210,BU,BU,bu2612,bu2612,spec_short_margin_ratio,一般持仓空头保证金比例,0.09,0.09,0.09,0.09,equal_to_notice_value,等于公告值,20251209,20251209,0.11,0.11,changed_to_notice_value_on_observation_date,参数核对日变为公告值,370,370,more_than_60_days_to_expiry,距到期超过60天,official_exchange_daily_raw,交易所官方日度原始值
t20251205_829720,t20251205_829720,20251209,20251209,20251210,20251210,BU,BU,bu2612,bu2612,upper_limit_ratio,涨停板比例,0.07,0.07,0.07,0.07,equal_to_notice_value,等于公告值,20251209,20251209,0.09,0.09,changed_to_notice_value_on_observation_date,参数核对日变为公告值,370,370,more_than_60_days_to_expiry,距到期超过60天,official_exchange_daily_raw,交易所官方日度原始值
t20251205_829720,t20251205_829720,20251209,20251209,20251210,20251210,BU,BU,bu2703,bu2703,hedge_long_margin_ratio,套保持仓多头保证金比例,0.08,0.08,0.08,0.08,equal_to_notice_value,等于公告值,20251209,20251209,0.1,0.1,changed_to_notice_value_on_observation_date,参数核对日变为公告值,460,460,more_than_60_days_to_expiry,距到期超过60天,official_exchange_daily_raw,交易所官方日度原始值
t20251205_829720,t20251205_829720,20251209,20251209,20251210,20251210,BU,BU,bu2703,bu2703,hedge_short_margin_ratio,套保持仓空头保证金比例,0.08,0.08,0.08,0.08,equal_to_notice_value,等于公告值,20251209,20251209,0.1,0.1,changed_to_notice_value_on_observation_date,参数核对日变为公告值,460,460,more_than_60_days_to_expiry,距到期超过60天,official_exchange_daily_raw,交易所官方日度原始值
t20251205_829720,t20251205_829720,20251209,20251209,20251210,20251210,BU,BU,bu2703,bu2703,lower_limit_ratio,跌停板比例,0.07,0.07,0.07,0.07,equal_to_notice_value,等于公告值,20251209,20251209,0.09,0.09,changed_to_notice_value_on_observation_date,参数核对日变为公告值,460,460,more_than_60_days_to_expiry,距到期超过60天,official_exchange_daily_raw,交易所官方日度原始值
t20251205_829720,t20251205_829720,20251209,20251209,20251210,20251210,BU,BU,bu2703,bu2703,spec_long_margin_ratio,一般持仓多头保证金比例,0.09,0.09,0.09,0.09,equal_to_notice_value,等于公告值,20251209,20251209,0.11,0.11,changed_to_notice_value_on_observation_date,参数核对日变为公告值,460,460,more_than_60_days_to_expiry,距到期超过60天,official_exchange_daily_raw,交易所官方日度原始值
t20251205_829720,t20251205_829720,20251209,20251209,20251210,20251210,BU,BU,bu2703,bu2703,spec_short_margin_ratio,一般持仓空头保证金比例,0.09,0.09,0.09,0.09,equal_to_notice_value,等于公告值,20251209,20251209,0.11,0.11,changed_to_notice_value_on_observation_date,参数核对日变为公告值,460,460,more_than_60_days_to_expiry,距到期超过60天,official_exchange_daily_raw,交易所官方日度原始值
t20251205_829720,t20251205_829720,20251209,20251209,20251210,20251210,BU,BU,bu2703,bu2703,upper_limit_ratio,涨停板比例,0.07,0.07,0.07,0.07,equal_to_notice_value,等于公告值,20251209,20251209,0.09,0.09,changed_to_notice_value_on_observation_date,参数核对日变为公告值,460,460,more_than_60_days_to_expiry,距到期超过60天,official_exchange_daily_raw,交易所官方日度原始值
t20251205_829720,t20251205_829720,20251209,20251209,20251210,20251210,BU,BU,bu2706,bu2706,hedge_long_margin_ratio,套保持仓多头保证金比例,0.08,0.08,0.08,0.08,equal_to_notice_value,等于公告值,20251209,20251209,0.1,0.1,changed_to_notice_value_on_observation_date,参数核对日变为公告值,552,552,more_than_60_days_to_expiry,距到期超过60天,official_exchange_daily_raw,交易所官方日度原始值
t20251205_829720,t20251205_829720,20251209,20251209,20251210,20251210,BU,BU,bu2706,bu2706,hedge_short_margin_ratio,套保持仓空头保证金比例,0.08,0.08,0.08,0.08,equal_to_notice_value,等于公告值,20251209,20251209,0.1,0.1,changed_to_notice_value_on_observation_date,参数核对日变为公告值,552,552,more_than_60_days_to_expiry,距到期超过60天,official_exchange_daily_raw,交易所官方日度原始值
t20251205_829720,t20251205_829720,20251209,20251209,20251210,20251210,BU,BU,bu2706,bu2706,lower_limit_ratio,跌停板比例,0.07,0.07,0.07,0.07,equal_to_notice_value,等于公告值,20251209,20251209,0.09,0.09,changed_to_notice_value_on_observation_date,参数核对日变为公告值,552,552,more_than_60_days_to_expiry,距到期超过60天,official_exchange_daily_raw,交易所官方日度原始值
t20251205_829720,t20251205_829720,20251209,20251209,20251210,20251210,BU,BU,bu2706,bu2706,spec_long_margin_ratio,一般持仓多头保证金比例,0.09,0.09,0.09,0.09,equal_to_notice_value,等于公告值,20251209,20251209,0.11,0.11,changed_to_notice_value_on_observation_date,参数核对日变为公告值,552,552,more_than_60_days_to_expiry,距到期超过60天,official_exchange_daily_raw,交易所官方日度原始值
t20251205_829720,t20251205_829720,20251209,20251209,20251210,20251210,BU,BU,bu2706,bu2706,spec_short_margin_ratio,一般持仓空头保证金比例,0.09,0.09,0.09,0.09,equal_to_notice_value,等于公告值,20251209,20251209,0.11,0.11,changed_to_notice_value_on_observation_date,参数核对日变为公告值,552,552,more_than_60_days_to_expiry,距到期超过60天,official_exchange_daily_raw,交易所官方日度原始值
t20251205_829720,t20251205_829720,20251209,20251209,20251210,20251210,BU,BU,bu2706,bu2706,upper_limit_ratio,涨停板比例,0.07,0.07,0.07,0.07,equal_to_notice_value,等于公告值,20251209,20251209,0.09,0.09,changed_to_notice_value_on_observation_date,参数核对日变为公告值,552,552,more_than_60_days_to_expiry,距到期超过60天,official_exchange_daily_raw,交易所官方日度原始值
t20251205_829720,t20251205_829720,20251209,20251209,20251210,20251210,BU,BU,bu2709,bu2709,hedge_long_margin_ratio,套保持仓多头保证金比例,0.08,0.08,0.08,0.08,equal_to_notice_value,等于公告值,20251209,20251209,0.1,0.1,changed_to_notice_value_on_observation_date,参数核对日变为公告值,644,644,more_than_60_days_to_expiry,距到期超过60天,official_exchange_daily_raw,交易所官方日度原始值
t20251205_829720,t20251205_829720,20251209,20251209,20251210,20251210,BU,BU,bu2709,bu2709,hedge_short_margin_ratio,套保持仓空头保证金比例,0.08,0.08,0.08,0.08,equal_to_notice_value,等于公告值,20251209,20251209,0.1,0.1,changed_to_notice_value_on_observation_date,参数核对日变为公告值,644,644,more_than_60_days_to_expiry,距到期超过60天,official_exchange_daily_raw,交易所官方日度原始值
t20251205_829720,t20251205_829720,20251209,20251209,20251210,20251210,BU,BU,bu2709,bu2709,lower_limit_ratio,跌停板比例,0.07,0.07,0.07,0.07,equal_to_notice_value,等于公告值,20251209,20251209,0.09,0.09,changed_to_notice_value_on_observation_date,参数核对日变为公告值,644,644,more_than_60_days_to_expiry,距到期超过60天,official_exchange_daily_raw,交易所官方日度原始值
t20251205_829720,t20251205_829720,20251209,20251209,20251210,20251210,BU,BU,bu2709,bu2709,spec_long_margin_ratio,一般持仓多头保证金比例,0.09,0.09,0.09,0.09,equal_to_notice_value,等于公告值,20251209,20251209,0.11,0.11,changed_to_notice_value_on_observation_date,参数核对日变为公告值,644,644,more_than_60_days_to_expiry,距到期超过60天,official_exchange_daily_raw,交易所官方日度原始值
t20251205_829720,t20251205_829720,20251209,20251209,20251210,20251210,BU,BU,bu2709,bu2709,spec_short_margin_ratio,一般持仓空头保证金比例,0.09,0.09,0.09,0.09,equal_to_notice_value,等于公告值,20251209,20251209,0.11,0.11,changed_to_notice_value_on_observation_date,参数核对日变为公告值,644,644,more_than_60_days_to_expiry,距到期超过60天,official_exchange_daily_raw,交易所官方日度原始值
t20251205_829720,t20251205_829720,20251209,20251209,20251210,20251210,BU,BU,bu2709,bu2709,upper_limit_ratio,涨停板比例,0.07,0.07,0.07,0.07,equal_to_notice_value,等于公告值,20251209,20251209,0.09,0.09,changed_to_notice_value_on_observation_date,参数核对日变为公告值,644,644,more_than_60_days_to_expiry,距到期超过60天,official_exchange_daily_raw,交易所官方日度原始值
t20260123_830226,t20260123_830226,20260127,20260127,20260128,20260128,AO,AO,ao2602,ao2602,hedge_long_margin_ratio,套保持仓多头保证金比例,0.09,0.09,0.1,0.1,above_notice_value,高于公告值,20260127,20260127,0.1,0.1,preexisting_value_at_or_above_notice_level,参数此前已达到或高于公告值,27,27,days_11_30_to_expiry,距到期11至30天,official_exchange_daily_raw,交易所官方日度原始值
t20260123_830226,t20260123_830226,20260127,20260127,20260128,20260128,AO,AO,ao2602,ao2602,hedge_short_margin_ratio,套保持仓空头保证金比例,0.09,0.09,0.1,0.1,above_notice_value,高于公告值,20260127,20260127,0.1,0.1,preexisting_value_at_or_above_notice_level,参数此前已达到或高于公告值,27,27,days_11_30_to_expiry,距到期11至30天,official_exchange_daily_raw,交易所官方日度原始值
t20260123_830226,t20260123_830226,20260127,20260127,20260128,20260128,AO,AO,ao2602,ao2602,lower_limit_ratio,跌停板比例,0.08,0.08,0.08,0.08,equal_to_notice_value,等于公告值,20260127,20260127,0.07,0.07,changed_to_notice_value_on_observation_date,参数核对日变为公告值,27,27,days_11_30_to_expiry,距到期11至30天,official_exchange_daily_raw,交易所官方日度原始值
t20260123_830226,t20260123_830226,20260127,20260127,20260128,20260128,AO,AO,ao2602,ao2602,spec_long_margin_ratio,一般持仓多头保证金比例,0.1,0.1,0.1,0.1,equal_to_notice_value,等于公告值,20260127,20260127,0.1,0.1,preexisting_value_at_or_above_notice_level,参数此前已达到或高于公告值,27,27,days_11_30_to_expiry,距到期11至30天,official_exchange_daily_raw,交易所官方日度原始值
t20260123_830226,t20260123_830226,20260127,20260127,20260128,20260128,AO,AO,ao2602,ao2602,spec_short_margin_ratio,一般持仓空头保证金比例,0.1,0.1,0.1,0.1,equal_to_notice_value,等于公告值,20260127,20260127,0.1,0.1,preexisting_value_at_or_above_notice_level,参数此前已达到或高于公告值,27,27,days_11_30_to_expiry,距到期11至30天,official_exchange_daily_raw,交易所官方日度原始值
t20260123_830226,t20260123_830226,20260127,20260127,20260128,20260128,AO,AO,ao2602,ao2602,upper_limit_ratio,涨停板比例,0.08,0.08,0.08,0.08,equal_to_notice_value,等于公告值,20260127,20260127,0.07,0.07,changed_to_notice_value_on_observation_date,参数核对日变为公告值,27,27,days_11_30_to_expiry,距到期11至30天,official_exchange_daily_raw,交易所官方日度原始值
t20260123_830226,t20260123_830226,20260127,20260127,20260128,20260128,AO,AO,ao2603,ao2603,hedge_long_margin_ratio,套保持仓多头保证金比例,0.09,0.09,0.09,0.09,equal_to_notice_value,等于公告值,20260127,20260127,0.08,0.08,changed_to_notice_value_on_observation_date,参数核对日变为公告值,47,47,days_31_60_to_expiry,距到期31至60天,official_exchange_daily_raw,交易所官方日度原始值
t20260123_830226,t20260123_830226,20260127,20260127,20260128,20260128,AO,AO,ao2603,ao2603,hedge_short_margin_ratio,套保持仓空头保证金比例,0.09,0.09,0.09,0.09,equal_to_notice_value,等于公告值,20260127,20260127,0.08,0.08,changed_to_notice_value_on_observation_date,参数核对日变为公告值,47,47,days_31_60_to_expiry,距到期31至60天,official_exchange_daily_raw,交易所官方日度原始值
t20260123_830226,t20260123_830226,20260127,20260127,20260128,20260128,AO,AO,ao2603,ao2603,lower_limit_ratio,跌停板比例,0.08,0.08,0.08,0.08,equal_to_notice_value,等于公告值,20260127,20260127,0.07,0.07,changed_to_notice_value_on_observation_date,参数核对日变为公告值,47,47,days_31_60_to_expiry,距到期31至60天,official_exchange_daily_raw,交易所官方日度原始值
t20260123_830226,t20260123_830226,20260127,20260127,20260128,20260128,AO,AO,ao2603,ao2603,spec_long_margin_ratio,一般持仓多头保证金比例,0.1,0.1,0.1,0.1,equal_to_notice_value,等于公告值,20260127,20260127,0.09,0.09,changed_to_notice_value_on_observation_date,参数核对日变为公告值,47,47,days_31_60_to_expiry,距到期31至60天,official_exchange_daily_raw,交易所官方日度原始值
t20260123_830226,t20260123_830226,20260127,20260127,20260128,20260128,AO,AO,ao2603,ao2603,spec_short_margin_ratio,一般持仓空头保证金比例,0.1,0.1,0.1,0.1,equal_to_notice_value,等于公告值,20260127,20260127,0.09,0.09,changed_to_notice_value_on_observation_date,参数核对日变为公告值,47,47,days_31_60_to_expiry,距到期31至60天,official_exchange_daily_raw,交易所官方日度原始值
t20260123_830226,t20260123_830226,20260127,20260127,20260128,20260128,AO,AO,ao2603,ao2603,upper_limit_ratio,涨停板比例,0.08,0.08,0.08,0.08,equal_to_notice_value,等于公告值,20260127,20260127,0.07,0.07,changed_to_notice_value_on_observation_date,参数核对日变为公告值,47,47,days_31_60_to_expiry,距到期31至60天,official_exchange_daily_raw,交易所官方日度原始值
t20260123_830226,t20260123_830226,20260127,20260127,20260128,20260128,AO,AO,ao2604,ao2604,hedge_long_margin_ratio,套保持仓多头保证金比例,0.09,0.09,0.09,0.09,equal_to_notice_value,等于公告值,20260127,20260127,0.08,0.08,changed_to_notice_value_on_observation_date,参数核对日变为公告值,77,77,more_than_60_days_to_expiry,距到期超过60天,official_exchange_daily_raw,交易所官方日度原始值
t20260123_830226,t20260123_830226,20260127,20260127,20260128,20260128,AO,AO,ao2604,ao2604,hedge_short_margin_ratio,套保持仓空头保证金比例,0.09,0.09,0.09,0.09,equal_to_notice_value,等于公告值,20260127,20260127,0.08,0.08,changed_to_notice_value_on_observation_date,参数核对日变为公告值,77,77,more_than_60_days_to_expiry,距到期超过60天,official_exchange_daily_raw,交易所官方日度原始值
t20260123_830226,t20260123_830226,20260127,20260127,20260128,20260128,AO,AO,ao2604,ao2604,lower_limit_ratio,跌停板比例,0.08,0.08,0.08,0.08,equal_to_notice_value,等于公告值,20260127,20260127,0.07,0.07,changed_to_notice_value_on_observation_date,参数核对日变为公告值,77,77,more_than_60_days_to_expiry,距到期超过60天,official_exchange_daily_raw,交易所官方日度原始值
t20260123_830226,t20260123_830226,20260127,20260127,20260128,20260128,AO,AO,ao2604,ao2604,spec_long_margin_ratio,一般持仓多头保证金比例,0.1,0.1,0.1,0.1,equal_to_notice_value,等于公告值,20260127,20260127,0.09,0.09,changed_to_notice_value_on_observation_date,参数核对日变为公告值,77,77,more_than_60_days_to_expiry,距到期超过60天,official_exchange_daily_raw,交易所官方日度原始值
t20260123_830226,t20260123_830226,20260127,20260127,20260128,20260128,AO,AO,ao2604,ao2604,spec_short_margin_ratio,一般持仓空头保证金比例,0.1,0.1,0.1,0.1,equal_to_notice_value,等于公告值,20260127,20260127,0.09,0.09,changed_to_notice_value_on_observation_date,参数核对日变为公告值,77,77,more_than_60_days_to_expiry,距到期超过60天,official_exchange_daily_raw,交易所官方日度原始值
t20260123_830226,t20260123_830226,20260127,20260127,20260128,20260128,AO,AO,ao2604,ao2604,upper_limit_ratio,涨停板比例,0.08,0.08,0.08,0.08,equal_to_notice_value,等于公告值,20260127,20260127,0.07,0.07,changed_to_notice_value_on_observation_date,参数核对日变为公告值,77,77,more_than_60_days_to_expiry,距到期超过60天,official_exchange_daily_raw,交易所官方日度原始值
t20260123_830226,t20260123_830226,20260127,20260127,20260128,20260128,AO,AO,ao2605,ao2605,hedge_long_margin_ratio,套保持仓多头保证金比例,0.09,0.09,0.09,0.09,equal_to_notice_value,等于公告值,20260127,20260127,0.08,0.08,changed_to_notice_value_on_observation_date,参数核对日变为公告值,107,107,more_than_60_days_to_expiry,距到期超过60天,official_exchange_daily_raw,交易所官方日度原始值
t20260123_830226,t20260123_830226,20260127,20260127,20260128,20260128,AO,AO,ao2605,ao2605,hedge_short_margin_ratio,套保持仓空头保证金比例,0.09,0.09,0.09,0.09,equal_to_notice_value,等于公告值,20260127,20260127,0.08,0.08,changed_to_notice_value_on_observation_date,参数核对日变为公告值,107,107,more_than_60_days_to_expiry,距到期超过60天,official_exchange_daily_raw,交易所官方日度原始值
t20260123_830226,t20260123_830226,20260127,20260127,20260128,20260128,AO,AO,ao2605,ao2605,lower_limit_ratio,跌停板比例,0.08,0.08,0.08,0.08,equal_to_notice_value,等于公告值,20260127,20260127,0.07,0.07,changed_to_notice_value_on_observation_date,参数核对日变为公告值,107,107,more_than_60_days_to_expiry,距到期超过60天,official_exchange_daily_raw,交易所官方日度原始值
t20260123_830226,t20260123_830226,20260127,20260127,20260128,20260128,AO,AO,ao2605,ao2605,spec_long_margin_ratio,一般持仓多头保证金比例,0.1,0.1,0.1,0.1,equal_to_notice_value,等于公告值,20260127,20260127,0.09,0.09,changed_to_notice_value_on_observation_date,参数核对日变为公告值,107,107,more_than_60_days_to_expiry,距到期超过60天,official_exchange_daily_raw,交易所官方日度原始值
t20260123_830226,t20260123_830226,20260127,20260127,20260128,20260128,AO,AO,ao2605,ao2605,spec_short_margin_ratio,一般持仓空头保证金比例,0.1,0.1,0.1,0.1,equal_to_notice_value,等于公告值,20260127,20260127,0.09,0.09,changed_to_notice_value_on_observation_date,参数核对日变为公告值,107,107,more_than_60_days_to_expiry,距到期超过60天,official_exchange_daily_raw,交易所官方日度原始值
t20260123_830226,t20260123_830226,20260127,20260127,20260128,20260128,AO,AO,ao2605,ao2605,upper_limit_ratio,涨停板比例,0.08,0.08,0.08,0.08,equal_to_notice_value,等于公告值,20260127,20260127,0.07,0.07,changed_to_notice_value_on_observation_date,参数核对日变为公告值,107,107,more_than_60_days_to_expiry,距到期超过60天,official_exchange_daily_raw,交易所官方日度原始值
t20260123_830226,t20260123_830226,20260127,20260127,20260128,20260128,AO,AO,ao2606,ao2606,hedge_long_margin_ratio,套保持仓多头保证金比例,0.09,0.09,0.09,0.09,equal_to_notice_value,等于公告值,20260127,20260127,0.08,0.08,changed_to_notice_value_on_observation_date,参数核对日变为公告值,138,138,more_than_60_days_to_expiry,距到期超过60天,official_exchange_daily_raw,交易所官方日度原始值
t20260123_830226,t20260123_830226,20260127,20260127,20260128,20260128,AO,AO,ao2606,ao2606,hedge_short_margin_ratio,套保持仓空头保证金比例,0.09,0.09,0.09,0.09,equal_to_notice_value,等于公告值,20260127,20260127,0.08,0.08,changed_to_notice_value_on_observation_date,参数核对日变为公告值,138,138,more_than_60_days_to_expiry,距到期超过60天,official_exchange_daily_raw,交易所官方日度原始值
t20260123_830226,t20260123_830226,20260127,20260127,20260128,20260128,AO,AO,ao2606,ao2606,lower_limit_ratio,跌停板比例,0.08,0.08,0.08,0.08,equal_to_notice_value,等于公告值,20260127,20260127,0.07,0.07,changed_to_notice_value_on_observation_date,参数核对日变为公告值,138,138,more_than_60_days_to_expiry,距到期超过60天,official_exchange_daily_raw,交易所官方日度原始值
t20260123_830226,t20260123_830226,20260127,20260127,20260128,20260128,AO,AO,ao2606,ao2606,spec_long_margin_ratio,一般持仓多头保证金比例,0.1,0.1,0.1,0.1,equal_to_notice_value,等于公告值,20260127,20260127,0.09,0.09,changed_to_notice_value_on_observation_date,参数核对日变为公告值,138,138,more_than_60_days_to_expiry,距到期超过60天,official_exchange_daily_raw,交易所官方日度原始值
t20260123_830226,t20260123_830226,20260127,20260127,20260128,20260128,AO,AO,ao2606,ao2606,spec_short_margin_ratio,一般持仓空头保证金比例,0.1,0.1,0.1,0.1,equal_to_notice_value,等于公告值,20260127,20260127,0.09,0.09,changed_to_notice_value_on_observation_date,参数核对日变为公告值,138,138,more_than_60_days_to_expiry,距到期超过60天,official_exchange_daily_raw,交易所官方日度原始值
t20260123_830226,t20260123_830226,20260127,20260127,20260128,20260128,AO,AO,ao2606,ao2606,upper_limit_ratio,涨停板比例,0.08,0.08,0.08,0.08,equal_to_notice_value,等于公告值,20260127,20260127,0.07,0.07,changed_to_notice_value_on_observation_date,参数核对日变为公告值,138,138,more_than_60_days_to_expiry,距到期超过60天,official_exchange_daily_raw,交易所官方日度原始值
t20260123_830226,t20260123_830226,20260127,20260127,20260128,20260128,AO,AO,ao2607,ao2607,hedge_long_margin_ratio,套保持仓多头保证金比例,0.09,0.09,0.09,0.09,equal_to_notice_value,等于公告值,20260127,20260127,0.08,0.08,changed_to_notice_value_on_observation_date,参数核对日变为公告值,168,168,more_than_60_days_to_expiry,距到期超过60天,official_exchange_daily_raw,交易所官方日度原始值
t20260123_830226,t20260123_830226,20260127,20260127,20260128,20260128,AO,AO,ao2607,ao2607,hedge_short_margin_ratio,套保持仓空头保证金比例,0.09,0.09,0.09,0.09,equal_to_notice_value,等于公告值,20260127,20260127,0.08,0.08,changed_to_notice_value_on_observation_date,参数核对日变为公告值,168,168,more_than_60_days_to_expiry,距到期超过60天,official_exchange_daily_raw,交易所官方日度原始值
t20260123_830226,t20260123_830226,20260127,20260127,20260128,20260128,AO,AO,ao2607,ao2607,lower_limit_ratio,跌停板比例,0.08,0.08,0.08,0.08,equal_to_notice_value,等于公告值,20260127,20260127,0.07,0.07,changed_to_notice_value_on_observation_date,参数核对日变为公告值,168,168,more_than_60_days_to_expiry,距到期超过60天,official_exchange_daily_raw,交易所官方日度原始值
t20260123_830226,t20260123_830226,20260127,20260127,20260128,20260128,AO,AO,ao2607,ao2607,spec_long_margin_ratio,一般持仓多头保证金比例,0.1,0.1,0.1,0.1,equal_to_notice_value,等于公告值,20260127,20260127,0.09,0.09,changed_to_notice_value_on_observation_date,参数核对日变为公告值,168,168,more_than_60_days_to_expiry,距到期超过60天,official_exchange_daily_raw,交易所官方日度原始值
t20260123_830226,t20260123_830226,20260127,20260127,20260128,20260128,AO,AO,ao2607,ao2607,spec_short_margin_ratio,一般持仓空头保证金比例,0.1,0.1,0.1,0.1,equal_to_notice_value,等于公告值,20260127,20260127,0.09,0.09,changed_to_notice_value_on_observation_date,参数核对日变为公告值,168,168,more_than_60_days_to_expiry,距到期超过60天,official_exchange_daily_raw,交易所官方日度原始值
t20260123_830226,t20260123_830226,20260127,20260127,20260128,20260128,AO,AO,ao2607,ao2607,upper_limit_ratio,涨停板比例,0.08,0.08,0.08,0.08,equal_to_notice_value,等于公告值,20260127,20260127,0.07,0.07,changed_to_notice_value_on_observation_date,参数核对日变为公告值,168,168,more_than_60_days_to_expiry,距到期超过60天,official_exchange_daily_raw,交易所官方日度原始值
t20260123_830226,t20260123_830226,20260127,20260127,20260128,20260128,AO,AO,ao2608,ao2608,hedge_long_margin_ratio,套保持仓多头保证金比例,0.09,0.09,0.09,0.09,equal_to_notice_value,等于公告值,20260127,20260127,0.08,0.08,changed_to_notice_value_on_observation_date,参数核对日变为公告值,201,201,more_than_60_days_to_expiry,距到期超过60天,official_exchange_daily_raw,交易所官方日度原始值
t20260123_830226,t20260123_830226,20260127,20260127,20260128,20260128,AO,AO,ao2608,ao2608,hedge_short_margin_ratio,套保持仓空头保证金比例,0.09,0.09,0.09,0.09,equal_to_notice_value,等于公告值,20260127,20260127,0.08,0.08,changed_to_notice_value_on_observation_date,参数核对日变为公告值,201,201,more_than_60_days_to_expiry,距到期超过60天,official_exchange_daily_raw,交易所官方日度原始值
t20260123_830226,t20260123_830226,20260127,20260127,20260128,20260128,AO,AO,ao2608,ao2608,lower_limit_ratio,跌停板比例,0.08,0.08,0.08,0.08,equal_to_notice_value,等于公告值,20260127,20260127,0.07,0.07,changed_to_notice_value_on_observation_date,参数核对日变为公告值,201,201,more_than_60_days_to_expiry,距到期超过60天,official_exchange_daily_raw,交易所官方日度原始值
t20260123_830226,t20260123_830226,20260127,20260127,20260128,20260128,AO,AO,ao2608,ao2608,spec_long_margin_ratio,一般持仓多头保证金比例,0.1,0.1,0.1,0.1,equal_to_notice_value,等于公告值,20260127,20260127,0.09,0.09,changed_to_notice_value_on_observation_date,参数核对日变为公告值,201,201,more_than_60_days_to_expiry,距到期超过60天,official_exchange_daily_raw,交易所官方日度原始值
t20260123_830226,t20260123_830226,20260127,20260127,20260128,20260128,AO,AO,ao2608,ao2608,spec_short_margin_ratio,一般持仓空头保证金比例,0.1,0.1,0.1,0.1,equal_to_notice_value,等于公告值,20260127,20260127,0.09,0.09,changed_to_notice_value_on_observation_date,参数核对日变为公告值,201,201,more_than_60_days_to_expiry,距到期超过60天,official_exchange_daily_raw,交易所官方日度原始值
t20260123_830226,t20260123_830226,20260127,20260127,20260128,20260128,AO,AO,ao2608,ao2608,upper_limit_ratio,涨停板比例,0.08,0.08,0.08,0.08,equal_to_notice_value,等于公告值,20260127,20260127,0.07,0.07,changed_to_notice_value_on_observation_date,参数核对日变为公告值,201,201,more_than_60_days_to_expiry,距到期超过60天,official_exchange_daily_raw,交易所官方日度原始值
t20260123_830226,t20260123_830226,20260127,20260127,20260128,20260128,AO,AO,ao2609,ao2609,hedge_long_margin_ratio,套保持仓多头保证金比例,0.09,0.09,0.09,0.09,equal_to_notice_value,等于公告值,20260127,20260127,0.08,0.08,changed_to_notice_value_on_observation_date,参数核对日变为公告值,230,230,more_than_60_days_to_expiry,距到期超过60天,official_exchange_daily_raw,交易所官方日度原始值
t20260123_830226,t20260123_830226,20260127,20260127,20260128,20260128,AO,AO,ao2609,ao2609,hedge_short_margin_ratio,套保持仓空头保证金比例,0.09,0.09,0.09,0.09,equal_to_notice_value,等于公告值,20260127,20260127,0.08,0.08,changed_to_notice_value_on_observation_date,参数核对日变为公告值,230,230,more_than_60_days_to_expiry,距到期超过60天,official_exchange_daily_raw,交易所官方日度原始值
t20260123_830226,t20260123_830226,20260127,20260127,20260128,20260128,AO,AO,ao2609,ao2609,lower_limit_ratio,跌停板比例,0.08,0.08,0.08,0.08,equal_to_notice_value,等于公告值,20260127,20260127,0.07,0.07,changed_to_notice_value_on_observation_date,参数核对日变为公告值,230,230,more_than_60_days_to_expiry,距到期超过60天,official_exchange_daily_raw,交易所官方日度原始值
t20260123_830226,t20260123_830226,20260127,20260127,20260128,20260128,AO,AO,ao2609,ao2609,spec_long_margin_ratio,一般持仓多头保证金比例,0.1,0.1,0.1,0.1,equal_to_notice_value,等于公告值,20260127,20260127,0.09,0.09,changed_to_notice_value_on_observation_date,参数核对日变为公告值,230,230,more_than_60_days_to_expiry,距到期超过60天,official_exchange_daily_raw,交易所官方日度原始值
t20260123_830226,t20260123_830226,20260127,20260127,20260128,20260128,AO,AO,ao2609,ao2609,spec_short_margin_ratio,一般持仓空头保证金比例,0.1,0.1,0.1,0.1,equal_to_notice_value,等于公告值,20260127,20260127,0.09,0.09,changed_to_notice_value_on_observation_date,参数核对日变为公告值,230,230,more_than_60_days_to_expiry,距到期超过60天,official_exchange_daily_raw,交易所官方日度原始值
t20260123_830226,t20260123_830226,20260127,20260127,20260128,20260128,AO,AO,ao2609,ao2609,upper_limit_ratio,涨停板比例,0.08,0.08,0.08,0.08,equal_to_notice_value,等于公告值,20260127,20260127,0.07,0.07,changed_to_notice_value_on_observation_date,参数核对日变为公告值,230,230,more_than_60_days_to_expiry,距到期超过60天,official_exchange_daily_raw,交易所官方日度原始值
t20260123_830226,t20260123_830226,20260127,20260127,20260128,20260128,AO,AO,ao2610,ao2610,hedge_long_margin_ratio,套保持仓多头保证金比例,0.09,0.09,0.09,0.09,equal_to_notice_value,等于公告值,20260127,20260127,0.08,0.08,changed_to_notice_value_on_observation_date,参数核对日变为公告值,260,260,more_than_60_days_to_expiry,距到期超过60天,official_exchange_daily_raw,交易所官方日度原始值
t20260123_830226,t20260123_830226,20260127,20260127,20260128,20260128,AO,AO,ao2610,ao2610,hedge_short_margin_ratio,套保持仓空头保证金比例,0.09,0.09,0.09,0.09,equal_to_notice_value,等于公告值,20260127,20260127,0.08,0.08,changed_to_notice_value_on_observation_date,参数核对日变为公告值,260,260,more_than_60_days_to_expiry,距到期超过60天,official_exchange_daily_raw,交易所官方日度原始值
t20260123_830226,t20260123_830226,20260127,20260127,20260128,20260128,AO,AO,ao2610,ao2610,lower_limit_ratio,跌停板比例,0.08,0.08,0.08,0.08,equal_to_notice_value,等于公告值,20260127,20260127,0.07,0.07,changed_to_notice_value_on_observation_date,参数核对日变为公告值,260,260,more_than_60_days_to_expiry,距到期超过60天,official_exchange_daily_raw,交易所官方日度原始值
t20260123_830226,t20260123_830226,20260127,20260127,20260128,20260128,AO,AO,ao2610,ao2610,spec_long_margin_ratio,一般持仓多头保证金比例,0.1,0.1,0.1,0.1,equal_to_notice_value,等于公告值,20260127,20260127,0.09,0.09,changed_to_notice_value_on_observation_date,参数核对日变为公告值,260,260,more_than_60_days_to_expiry,距到期超过60天,official_exchange_daily_raw,交易所官方日度原始值
t20260123_830226,t20260123_830226,20260127,20260127,20260128,20260128,AO,AO,ao2610,ao2610,spec_short_margin_ratio,一般持仓空头保证金比例,0.1,0.1,0.1,0.1,equal_to_notice_value,等于公告值,20260127,20260127,0.09,0.09,changed_to_notice_value_on_observation_date,参数核对日变为公告值,260,260,more_than_60_days_to_expiry,距到期超过60天,official_exchange_daily_raw,交易所官方日度原始值
t20260123_830226,t20260123_830226,20260127,20260127,20260128,20260128,AO,AO,ao2610,ao2610,upper_limit_ratio,涨停板比例,0.08,0.08,0.08,0.08,equal_to_notice_value,等于公告值,20260127,20260127,0.07,0.07,changed_to_notice_value_on_observation_date,参数核对日变为公告值,260,260,more_than_60_days_to_expiry,距到期超过60天,official_exchange_daily_raw,交易所官方日度原始值
t20260123_830226,t20260123_830226,20260127,20260127,20260128,20260128,AO,AO,ao2611,ao2611,hedge_long_margin_ratio,套保持仓多头保证金比例,0.09,0.09,0.09,0.09,equal_to_notice_value,等于公告值,20260127,20260127,0.08,0.08,changed_to_notice_value_on_observation_date,参数核对日变为公告值,292,292,more_than_60_days_to_expiry,距到期超过60天,official_exchange_daily_raw,交易所官方日度原始值
t20260123_830226,t20260123_830226,20260127,20260127,20260128,20260128,AO,AO,ao2611,ao2611,hedge_short_margin_ratio,套保持仓空头保证金比例,0.09,0.09,0.09,0.09,equal_to_notice_value,等于公告值,20260127,20260127,0.08,0.08,changed_to_notice_value_on_observation_date,参数核对日变为公告值,292,292,more_than_60_days_to_expiry,距到期超过60天,official_exchange_daily_raw,交易所官方日度原始值
t20260123_830226,t20260123_830226,20260127,20260127,20260128,20260128,AO,AO,ao2611,ao2611,lower_limit_ratio,跌停板比例,0.08,0.08,0.08,0.08,equal_to_notice_value,等于公告值,20260127,20260127,0.07,0.07,changed_to_notice_value_on_observation_date,参数核对日变为公告值,292,292,more_than_60_days_to_expiry,距到期超过60天,official_exchange_daily_raw,交易所官方日度原始值
t20260123_830226,t20260123_830226,20260127,20260127,20260128,20260128,AO,AO,ao2611,ao2611,spec_long_margin_ratio,一般持仓多头保证金比例,0.1,0.1,0.1,0.1,equal_to_notice_value,等于公告值,20260127,20260127,0.09,0.09,changed_to_notice_value_on_observation_date,参数核对日变为公告值,292,292,more_than_60_days_to_expiry,距到期超过60天,official_exchange_daily_raw,交易所官方日度原始值
t20260123_830226,t20260123_830226,20260127,20260127,20260128,20260128,AO,AO,ao2611,ao2611,spec_short_margin_ratio,一般持仓空头保证金比例,0.1,0.1,0.1,0.1,equal_to_notice_value,等于公告值,20260127,20260127,0.09,0.09,changed_to_notice_value_on_observation_date,参数核对日变为公告值,292,292,more_than_60_days_to_expiry,距到期超过60天,official_exchange_daily_raw,交易所官方日度原始值
t20260123_830226,t20260123_830226,20260127,20260127,20260128,20260128,AO,AO,ao2611,ao2611,upper_limit_ratio,涨停板比例,0.08,0.08,0.08,0.08,equal_to_notice_value,等于公告值,20260127,20260127,0.07,0.07,changed_to_notice_value_on_observation_date,参数核对日变为公告值,292,292,more_than_60_days_to_expiry,距到期超过60天,official_exchange_daily_raw,交易所官方日度原始值
t20260123_830226,t20260123_830226,20260127,20260127,20260128,20260128,AO,AO,ao2612,ao2612,hedge_long_margin_ratio,套保持仓多头保证金比例,0.09,0.09,0.09,0.09,equal_to_notice_value,等于公告值,20260127,20260127,0.08,0.08,changed_to_notice_value_on_observation_date,参数核对日变为公告值,321,321,more_than_60_days_to_expiry,距到期超过60天,official_exchange_daily_raw,交易所官方日度原始值
t20260123_830226,t20260123_830226,20260127,20260127,20260128,20260128,AO,AO,ao2612,ao2612,hedge_short_margin_ratio,套保持仓空头保证金比例,0.09,0.09,0.09,0.09,equal_to_notice_value,等于公告值,20260127,20260127,0.08,0.08,changed_to_notice_value_on_observation_date,参数核对日变为公告值,321,321,more_than_60_days_to_expiry,距到期超过60天,official_exchange_daily_raw,交易所官方日度原始值
t20260123_830226,t20260123_830226,20260127,20260127,20260128,20260128,AO,AO,ao2612,ao2612,lower_limit_ratio,跌停板比例,0.08,0.08,0.08,0.08,equal_to_notice_value,等于公告值,20260127,20260127,0.07,0.07,changed_to_notice_value_on_observation_date,参数核对日变为公告值,321,321,more_than_60_days_to_expiry,距到期超过60天,official_exchange_daily_raw,交易所官方日度原始值
t20260123_830226,t20260123_830226,20260127,20260127,20260128,20260128,AO,AO,ao2612,ao2612,spec_long_margin_ratio,一般持仓多头保证金比例,0.1,0.1,0.1,0.1,equal_to_notice_value,等于公告值,20260127,20260127,0.09,0.09,changed_to_notice_value_on_observation_date,参数核对日变为公告值,321,321,more_than_60_days_to_expiry,距到期超过60天,official_exchange_daily_raw,交易所官方日度原始值
t20260123_830226,t20260123_830226,20260127,20260127,20260128,20260128,AO,AO,ao2612,ao2612,spec_short_margin_ratio,一般持仓空头保证金比例,0.1,0.1,0.1,0.1,equal_to_notice_value,等于公告值,20260127,20260127,0.09,0.09,changed_to_notice_value_on_observation_date,参数核对日变为公告值,321,321,more_than_60_days_to_expiry,距到期超过60天,official_exchange_daily_raw,交易所官方日度原始值
t20260123_830226,t20260123_830226,20260127,20260127,20260128,20260128,AO,AO,ao2612,ao2612,upper_limit_ratio,涨停板比例,0.08,0.08,0.08,0.08,equal_to_notice_value,等于公告值,20260127,20260127,0.07,0.07,changed_to_notice_value_on_observation_date,参数核对日变为公告值,321,321,more_than_60_days_to_expiry,距到期超过60天,official_exchange_daily_raw,交易所官方日度原始值
t20260123_830226,t20260123_830226,20260127,20260127,20260128,20260128,AO,AO,ao2701,ao2701,hedge_long_margin_ratio,套保持仓多头保证金比例,0.09,0.09,0.09,0.09,equal_to_notice_value,等于公告值,20260127,20260127,0.08,0.08,changed_to_notice_value_on_observation_date,参数核对日变为公告值,352,352,more_than_60_days_to_expiry,距到期超过60天,official_exchange_daily_raw,交易所官方日度原始值
t20260123_830226,t20260123_830226,20260127,20260127,20260128,20260128,AO,AO,ao2701,ao2701,hedge_short_margin_ratio,套保持仓空头保证金比例,0.09,0.09,0.09,0.09,equal_to_notice_value,等于公告值,20260127,20260127,0.08,0.08,changed_to_notice_value_on_observation_date,参数核对日变为公告值,352,352,more_than_60_days_to_expiry,距到期超过60天,official_exchange_daily_raw,交易所官方日度原始值
t20260123_830226,t20260123_830226,20260127,20260127,20260128,20260128,AO,AO,ao2701,ao2701,lower_limit_ratio,跌停板比例,0.08,0.08,0.08,0.08,equal_to_notice_value,等于公告值,20260127,20260127,0.07,0.07,changed_to_notice_value_on_observation_date,参数核对日变为公告值,352,352,more_than_60_days_to_expiry,距到期超过60天,official_exchange_daily_raw,交易所官方日度原始值
t20260123_830226,t20260123_830226,20260127,20260127,20260128,20260128,AO,AO,ao2701,ao2701,spec_long_margin_ratio,一般持仓多头保证金比例,0.1,0.1,0.1,0.1,equal_to_notice_value,等于公告值,20260127,20260127,0.09,0.09,changed_to_notice_value_on_observation_date,参数核对日变为公告值,352,352,more_than_60_days_to_expiry,距到期超过60天,official_exchange_daily_raw,交易所官方日度原始值
t20260123_830226,t20260123_830226,20260127,20260127,20260128,20260128,AO,AO,ao2701,ao2701,spec_short_margin_ratio,一般持仓空头保证金比例,0.1,0.1,0.1,0.1,equal_to_notice_value,等于公告值,20260127,20260127,0.09,0.09,changed_to_notice_value_on_observation_date,参数核对日变为公告值,352,352,more_than_60_days_to_expiry,距到期超过60天,official_exchange_daily_raw,交易所官方日度原始值
t20260123_830226,t20260123_830226,20260127,20260127,20260128,20260128,AO,AO,ao2701,ao2701,upper_limit_ratio,涨停板比例,0.08,0.08,0.08,0.08,equal_to_notice_value,等于公告值,20260127,20260127,0.07,0.07,changed_to_notice_value_on_observation_date,参数核对日变为公告值,352,352,more_than_60_days_to_expiry,距到期超过60天,official_exchange_daily_raw,交易所官方日度原始值
t20260128_830274,t20260128_830274,20260130,20260130,20260202,20260202,AO,AO,ao2602,ao2602,hedge_long_margin_ratio,套保持仓多头保证金比例,0.1,0.1,0.15,0.15,above_notice_value,高于公告值,20260130,20260130,0.1,0.1,changed_to_value_above_notice_level_on_observation_date,参数核对日变为高于公告值的从高适用值,22,22,days_11_30_to_expiry,距到期11至30天,official_exchange_daily_raw,交易所官方日度原始值
t20260128_830274,t20260128_830274,20260130,20260130,20260202,20260202,AO,AO,ao2602,ao2602,hedge_short_margin_ratio,套保持仓空头保证金比例,0.1,0.1,0.15,0.15,above_notice_value,高于公告值,20260130,20260130,0.1,0.1,changed_to_value_above_notice_level_on_observation_date,参数核对日变为高于公告值的从高适用值,22,22,days_11_30_to_expiry,距到期11至30天,official_exchange_daily_raw,交易所官方日度原始值
t20260128_830274,t20260128_830274,20260130,20260130,20260202,20260202,AO,AO,ao2602,ao2602,lower_limit_ratio,跌停板比例,0.09,0.09,0.09,0.09,equal_to_notice_value,等于公告值,20260130,20260130,0.08,0.08,changed_to_notice_value_on_observation_date,参数核对日变为公告值,22,22,days_11_30_to_expiry,距到期11至30天,official_exchange_daily_raw,交易所官方日度原始值
t20260128_830274,t20260128_830274,20260130,20260130,20260202,20260202,AO,AO,ao2602,ao2602,spec_long_margin_ratio,一般持仓多头保证金比例,0.11,0.11,0.15,0.15,above_notice_value,高于公告值,20260130,20260130,0.1,0.1,changed_to_value_above_notice_level_on_observation_date,参数核对日变为高于公告值的从高适用值,22,22,days_11_30_to_expiry,距到期11至30天,official_exchange_daily_raw,交易所官方日度原始值
t20260128_830274,t20260128_830274,20260130,20260130,20260202,20260202,AO,AO,ao2602,ao2602,spec_short_margin_ratio,一般持仓空头保证金比例,0.11,0.11,0.15,0.15,above_notice_value,高于公告值,20260130,20260130,0.1,0.1,changed_to_value_above_notice_level_on_observation_date,参数核对日变为高于公告值的从高适用值,22,22,days_11_30_to_expiry,距到期11至30天,official_exchange_daily_raw,交易所官方日度原始值
t20260128_830274,t20260128_830274,20260130,20260130,20260202,20260202,AO,AO,ao2602,ao2602,upper_limit_ratio,涨停板比例,0.09,0.09,0.09,0.09,equal_to_notice_value,等于公告值,20260130,20260130,0.08,0.08,changed_to_notice_value_on_observation_date,参数核对日变为公告值,22,22,days_11_30_to_expiry,距到期11至30天,official_exchange_daily_raw,交易所官方日度原始值
t20260128_830274,t20260128_830274,20260130,20260130,20260202,20260202,AO,AO,ao2603,ao2603,hedge_long_margin_ratio,套保持仓多头保证金比例,0.1,0.1,0.1,0.1,equal_to_notice_value,等于公告值,20260130,20260130,0.09,0.09,changed_to_notice_value_on_observation_date,参数核对日变为公告值,42,42,days_31_60_to_expiry,距到期31至60天,official_exchange_daily_raw,交易所官方日度原始值
t20260128_830274,t20260128_830274,20260130,20260130,20260202,20260202,AO,AO,ao2603,ao2603,hedge_short_margin_ratio,套保持仓空头保证金比例,0.1,0.1,0.1,0.1,equal_to_notice_value,等于公告值,20260130,20260130,0.09,0.09,changed_to_notice_value_on_observation_date,参数核对日变为公告值,42,42,days_31_60_to_expiry,距到期31至60天,official_exchange_daily_raw,交易所官方日度原始值
t20260128_830274,t20260128_830274,20260130,20260130,20260202,20260202,AO,AO,ao2603,ao2603,lower_limit_ratio,跌停板比例,0.09,0.09,0.09,0.09,equal_to_notice_value,等于公告值,20260130,20260130,0.08,0.08,changed_to_notice_value_on_observation_date,参数核对日变为公告值,42,42,days_31_60_to_expiry,距到期31至60天,official_exchange_daily_raw,交易所官方日度原始值
t20260128_830274,t20260128_830274,20260130,20260130,20260202,20260202,AO,AO,ao2603,ao2603,spec_long_margin_ratio,一般持仓多头保证金比例,0.11,0.11,0.11,0.11,equal_to_notice_value,等于公告值,20260130,20260130,0.1,0.1,changed_to_notice_value_on_observation_date,参数核对日变为公告值,42,42,days_31_60_to_expiry,距到期31至60天,official_exchange_daily_raw,交易所官方日度原始值
t20260128_830274,t20260128_830274,20260130,20260130,20260202,20260202,AO,AO,ao2603,ao2603,spec_short_margin_ratio,一般持仓空头保证金比例,0.11,0.11,0.11,0.11,equal_to_notice_value,等于公告值,20260130,20260130,0.1,0.1,changed_to_notice_value_on_observation_date,参数核对日变为公告值,42,42,days_31_60_to_expiry,距到期31至60天,official_exchange_daily_raw,交易所官方日度原始值
t20260128_830274,t20260128_830274,20260130,20260130,20260202,20260202,AO,AO,ao2603,ao2603,upper_limit_ratio,涨停板比例,0.09,0.09,0.09,0.09,equal_to_notice_value,等于公告值,20260130,20260130,0.08,0.08,changed_to_notice_value_on_observation_date,参数核对日变为公告值,42,42,days_31_60_to_expiry,距到期31至60天,official_exchange_daily_raw,交易所官方日度原始值
t20260128_830274,t20260128_830274,20260130,20260130,20260202,20260202,AO,AO,ao2604,ao2604,hedge_long_margin_ratio,套保持仓多头保证金比例,0.1,0.1,0.1,0.1,equal_to_notice_value,等于公告值,20260130,20260130,0.09,0.09,changed_to_notice_value_on_observation_date,参数核对日变为公告值,72,72,more_than_60_days_to_expiry,距到期超过60天,official_exchange_daily_raw,交易所官方日度原始值
t20260128_830274,t20260128_830274,20260130,20260130,20260202,20260202,AO,AO,ao2604,ao2604,hedge_short_margin_ratio,套保持仓空头保证金比例,0.1,0.1,0.1,0.1,equal_to_notice_value,等于公告值,20260130,20260130,0.09,0.09,changed_to_notice_value_on_observation_date,参数核对日变为公告值,72,72,more_than_60_days_to_expiry,距到期超过60天,official_exchange_daily_raw,交易所官方日度原始值
t20260128_830274,t20260128_830274,20260130,20260130,20260202,20260202,AO,AO,ao2604,ao2604,lower_limit_ratio,跌停板比例,0.09,0.09,0.09,0.09,equal_to_notice_value,等于公告值,20260130,20260130,0.08,0.08,changed_to_notice_value_on_observation_date,参数核对日变为公告值,72,72,more_than_60_days_to_expiry,距到期超过60天,official_exchange_daily_raw,交易所官方日度原始值
t20260128_830274,t20260128_830274,20260130,20260130,20260202,20260202,AO,AO,ao2604,ao2604,spec_long_margin_ratio,一般持仓多头保证金比例,0.11,0.11,0.11,0.11,equal_to_notice_value,等于公告值,20260130,20260130,0.1,0.1,changed_to_notice_value_on_observation_date,参数核对日变为公告值,72,72,more_than_60_days_to_expiry,距到期超过60天,official_exchange_daily_raw,交易所官方日度原始值
t20260128_830274,t20260128_830274,20260130,20260130,20260202,20260202,AO,AO,ao2604,ao2604,spec_short_margin_ratio,一般持仓空头保证金比例,0.11,0.11,0.11,0.11,equal_to_notice_value,等于公告值,20260130,20260130,0.1,0.1,changed_to_notice_value_on_observation_date,参数核对日变为公告值,72,72,more_than_60_days_to_expiry,距到期超过60天,official_exchange_daily_raw,交易所官方日度原始值
t20260128_830274,t20260128_830274,20260130,20260130,20260202,20260202,AO,AO,ao2604,ao2604,upper_limit_ratio,涨停板比例,0.09,0.09,0.09,0.09,equal_to_notice_value,等于公告值,20260130,20260130,0.08,0.08,changed_to_notice_value_on_observation_date,参数核对日变为公告值,72,72,more_than_60_days_to_expiry,距到期超过60天,official_exchange_daily_raw,交易所官方日度原始值
t20260128_830274,t20260128_830274,20260130,20260130,20260202,20260202,AO,AO,ao2605,ao2605,hedge_long_margin_ratio,套保持仓多头保证金比例,0.1,0.1,0.1,0.1,equal_to_notice_value,等于公告值,20260130,20260130,0.09,0.09,changed_to_notice_value_on_observation_date,参数核对日变为公告值,102,102,more_than_60_days_to_expiry,距到期超过60天,official_exchange_daily_raw,交易所官方日度原始值
t20260128_830274,t20260128_830274,20260130,20260130,20260202,20260202,AO,AO,ao2605,ao2605,hedge_short_margin_ratio,套保持仓空头保证金比例,0.1,0.1,0.1,0.1,equal_to_notice_value,等于公告值,20260130,20260130,0.09,0.09,changed_to_notice_value_on_observation_date,参数核对日变为公告值,102,102,more_than_60_days_to_expiry,距到期超过60天,official_exchange_daily_raw,交易所官方日度原始值
t20260128_830274,t20260128_830274,20260130,20260130,20260202,20260202,AO,AO,ao2605,ao2605,lower_limit_ratio,跌停板比例,0.09,0.09,0.09,0.09,equal_to_notice_value,等于公告值,20260130,20260130,0.08,0.08,changed_to_notice_value_on_observation_date,参数核对日变为公告值,102,102,more_than_60_days_to_expiry,距到期超过60天,official_exchange_daily_raw,交易所官方日度原始值
t20260128_830274,t20260128_830274,20260130,20260130,20260202,20260202,AO,AO,ao2605,ao2605,spec_long_margin_ratio,一般持仓多头保证金比例,0.11,0.11,0.11,0.11,equal_to_notice_value,等于公告值,20260130,20260130,0.1,0.1,changed_to_notice_value_on_observation_date,参数核对日变为公告值,102,102,more_than_60_days_to_expiry,距到期超过60天,official_exchange_daily_raw,交易所官方日度原始值
t20260128_830274,t20260128_830274,20260130,20260130,20260202,20260202,AO,AO,ao2605,ao2605,spec_short_margin_ratio,一般持仓空头保证金比例,0.11,0.11,0.11,0.11,equal_to_notice_value,等于公告值,20260130,20260130,0.1,0.1,changed_to_notice_value_on_observation_date,参数核对日变为公告值,102,102,more_than_60_days_to_expiry,距到期超过60天,official_exchange_daily_raw,交易所官方日度原始值
t20260128_830274,t20260128_830274,20260130,20260130,20260202,20260202,AO,AO,ao2605,ao2605,upper_limit_ratio,涨停板比例,0.09,0.09,0.09,0.09,equal_to_notice_value,等于公告值,20260130,20260130,0.08,0.08,changed_to_notice_value_on_observation_date,参数核对日变为公告值,102,102,more_than_60_days_to_expiry,距到期超过60天,official_exchange_daily_raw,交易所官方日度原始值
t20260128_830274,t20260128_830274,20260130,20260130,20260202,20260202,AO,AO,ao2606,ao2606,hedge_long_margin_ratio,套保持仓多头保证金比例,0.1,0.1,0.1,0.1,equal_to_notice_value,等于公告值,20260130,20260130,0.09,0.09,changed_to_notice_value_on_observation_date,参数核对日变为公告值,133,133,more_than_60_days_to_expiry,距到期超过60天,official_exchange_daily_raw,交易所官方日度原始值
t20260128_830274,t20260128_830274,20260130,20260130,20260202,20260202,AO,AO,ao2606,ao2606,hedge_short_margin_ratio,套保持仓空头保证金比例,0.1,0.1,0.1,0.1,equal_to_notice_value,等于公告值,20260130,20260130,0.09,0.09,changed_to_notice_value_on_observation_date,参数核对日变为公告值,133,133,more_than_60_days_to_expiry,距到期超过60天,official_exchange_daily_raw,交易所官方日度原始值
t20260128_830274,t20260128_830274,20260130,20260130,20260202,20260202,AO,AO,ao2606,ao2606,lower_limit_ratio,跌停板比例,0.09,0.09,0.09,0.09,equal_to_notice_value,等于公告值,20260130,20260130,0.08,0.08,changed_to_notice_value_on_observation_date,参数核对日变为公告值,133,133,more_than_60_days_to_expiry,距到期超过60天,official_exchange_daily_raw,交易所官方日度原始值
t20260128_830274,t20260128_830274,20260130,20260130,20260202,20260202,AO,AO,ao2606,ao2606,spec_long_margin_ratio,一般持仓多头保证金比例,0.11,0.11,0.11,0.11,equal_to_notice_value,等于公告值,20260130,20260130,0.1,0.1,changed_to_notice_value_on_observation_date,参数核对日变为公告值,133,133,more_than_60_days_to_expiry,距到期超过60天,official_exchange_daily_raw,交易所官方日度原始值
t20260128_830274,t20260128_830274,20260130,20260130,20260202,20260202,AO,AO,ao2606,ao2606,spec_short_margin_ratio,一般持仓空头保证金比例,0.11,0.11,0.11,0.11,equal_to_notice_value,等于公告值,20260130,20260130,0.1,0.1,changed_to_notice_value_on_observation_date,参数核对日变为公告值,133,133,more_than_60_days_to_expiry,距到期超过60天,official_exchange_daily_raw,交易所官方日度原始值
t20260128_830274,t20260128_830274,20260130,20260130,20260202,20260202,AO,AO,ao2606,ao2606,upper_limit_ratio,涨停板比例,0.09,0.09,0.09,0.09,equal_to_notice_value,等于公告值,20260130,20260130,0.08,0.08,changed_to_notice_value_on_observation_date,参数核对日变为公告值,133,133,more_than_60_days_to_expiry,距到期超过60天,official_exchange_daily_raw,交易所官方日度原始值
t20260128_830274,t20260128_830274,20260130,20260130,20260202,20260202,AO,AO,ao2607,ao2607,hedge_long_margin_ratio,套保持仓多头保证金比例,0.1,0.1,0.1,0.1,equal_to_notice_value,等于公告值,20260130,20260130,0.09,0.09,changed_to_notice_value_on_observation_date,参数核对日变为公告值,163,163,more_than_60_days_to_expiry,距到期超过60天,official_exchange_daily_raw,交易所官方日度原始值
t20260128_830274,t20260128_830274,20260130,20260130,20260202,20260202,AO,AO,ao2607,ao2607,hedge_short_margin_ratio,套保持仓空头保证金比例,0.1,0.1,0.1,0.1,equal_to_notice_value,等于公告值,20260130,20260130,0.09,0.09,changed_to_notice_value_on_observation_date,参数核对日变为公告值,163,163,more_than_60_days_to_expiry,距到期超过60天,official_exchange_daily_raw,交易所官方日度原始值
t20260128_830274,t20260128_830274,20260130,20260130,20260202,20260202,AO,AO,ao2607,ao2607,lower_limit_ratio,跌停板比例,0.09,0.09,0.09,0.09,equal_to_notice_value,等于公告值,20260130,20260130,0.08,0.08,changed_to_notice_value_on_observation_date,参数核对日变为公告值,163,163,more_than_60_days_to_expiry,距到期超过60天,official_exchange_daily_raw,交易所官方日度原始值
t20260128_830274,t20260128_830274,20260130,20260130,20260202,20260202,AO,AO,ao2607,ao2607,spec_long_margin_ratio,一般持仓多头保证金比例,0.11,0.11,0.11,0.11,equal_to_notice_value,等于公告值,20260130,20260130,0.1,0.1,changed_to_notice_value_on_observation_date,参数核对日变为公告值,163,163,more_than_60_days_to_expiry,距到期超过60天,official_exchange_daily_raw,交易所官方日度原始值
t20260128_830274,t20260128_830274,20260130,20260130,20260202,20260202,AO,AO,ao2607,ao2607,spec_short_margin_ratio,一般持仓空头保证金比例,0.11,0.11,0.11,0.11,equal_to_notice_value,等于公告值,20260130,20260130,0.1,0.1,changed_to_notice_value_on_observation_date,参数核对日变为公告值,163,163,more_than_60_days_to_expiry,距到期超过60天,official_exchange_daily_raw,交易所官方日度原始值
t20260128_830274,t20260128_830274,20260130,20260130,20260202,20260202,AO,AO,ao2607,ao2607,upper_limit_ratio,涨停板比例,0.09,0.09,0.09,0.09,equal_to_notice_value,等于公告值,20260130,20260130,0.08,0.08,changed_to_notice_value_on_observation_date,参数核对日变为公告值,163,163,more_than_60_days_to_expiry,距到期超过60天,official_exchange_daily_raw,交易所官方日度原始值
t20260128_830274,t20260128_830274,20260130,20260130,20260202,20260202,AO,AO,ao2608,ao2608,hedge_long_margin_ratio,套保持仓多头保证金比例,0.1,0.1,0.1,0.1,equal_to_notice_value,等于公告值,20260130,20260130,0.09,0.09,changed_to_notice_value_on_observation_date,参数核对日变为公告值,196,196,more_than_60_days_to_expiry,距到期超过60天,official_exchange_daily_raw,交易所官方日度原始值
t20260128_830274,t20260128_830274,20260130,20260130,20260202,20260202,AO,AO,ao2608,ao2608,hedge_short_margin_ratio,套保持仓空头保证金比例,0.1,0.1,0.1,0.1,equal_to_notice_value,等于公告值,20260130,20260130,0.09,0.09,changed_to_notice_value_on_observation_date,参数核对日变为公告值,196,196,more_than_60_days_to_expiry,距到期超过60天,official_exchange_daily_raw,交易所官方日度原始值
t20260128_830274,t20260128_830274,20260130,20260130,20260202,20260202,AO,AO,ao2608,ao2608,lower_limit_ratio,跌停板比例,0.09,0.09,0.09,0.09,equal_to_notice_value,等于公告值,20260130,20260130,0.08,0.08,changed_to_notice_value_on_observation_date,参数核对日变为公告值,196,196,more_than_60_days_to_expiry,距到期超过60天,official_exchange_daily_raw,交易所官方日度原始值
t20260128_830274,t20260128_830274,20260130,20260130,20260202,20260202,AO,AO,ao2608,ao2608,spec_long_margin_ratio,一般持仓多头保证金比例,0.11,0.11,0.11,0.11,equal_to_notice_value,等于公告值,20260130,20260130,0.1,0.1,changed_to_notice_value_on_observation_date,参数核对日变为公告值,196,196,more_than_60_days_to_expiry,距到期超过60天,official_exchange_daily_raw,交易所官方日度原始值
t20260128_830274,t20260128_830274,20260130,20260130,20260202,20260202,AO,AO,ao2608,ao2608,spec_short_margin_ratio,一般持仓空头保证金比例,0.11,0.11,0.11,0.11,equal_to_notice_value,等于公告值,20260130,20260130,0.1,0.1,changed_to_notice_value_on_observation_date,参数核对日变为公告值,196,196,more_than_60_days_to_expiry,距到期超过60天,official_exchange_daily_raw,交易所官方日度原始值
t20260128_830274,t20260128_830274,20260130,20260130,20260202,20260202,AO,AO,ao2608,ao2608,upper_limit_ratio,涨停板比例,0.09,0.09,0.09,0.09,equal_to_notice_value,等于公告值,20260130,20260130,0.08,0.08,changed_to_notice_value_on_observation_date,参数核对日变为公告值,196,196,more_than_60_days_to_expiry,距到期超过60天,official_exchange_daily_raw,交易所官方日度原始值
t20260128_830274,t20260128_830274,20260130,20260130,20260202,20260202,AO,AO,ao2609,ao2609,hedge_long_margin_ratio,套保持仓多头保证金比例,0.1,0.1,0.1,0.1,equal_to_notice_value,等于公告值,20260130,20260130,0.09,0.09,changed_to_notice_value_on_observation_date,参数核对日变为公告值,225,225,more_than_60_days_to_expiry,距到期超过60天,official_exchange_daily_raw,交易所官方日度原始值
t20260128_830274,t20260128_830274,20260130,20260130,20260202,20260202,AO,AO,ao2609,ao2609,hedge_short_margin_ratio,套保持仓空头保证金比例,0.1,0.1,0.1,0.1,equal_to_notice_value,等于公告值,20260130,20260130,0.09,0.09,changed_to_notice_value_on_observation_date,参数核对日变为公告值,225,225,more_than_60_days_to_expiry,距到期超过60天,official_exchange_daily_raw,交易所官方日度原始值
t20260128_830274,t20260128_830274,20260130,20260130,20260202,20260202,AO,AO,ao2609,ao2609,lower_limit_ratio,跌停板比例,0.09,0.09,0.09,0.09,equal_to_notice_value,等于公告值,20260130,20260130,0.08,0.08,changed_to_notice_value_on_observation_date,参数核对日变为公告值,225,225,more_than_60_days_to_expiry,距到期超过60天,official_exchange_daily_raw,交易所官方日度原始值
t20260128_830274,t20260128_830274,20260130,20260130,20260202,20260202,AO,AO,ao2609,ao2609,spec_long_margin_ratio,一般持仓多头保证金比例,0.11,0.11,0.11,0.11,equal_to_notice_value,等于公告值,20260130,20260130,0.1,0.1,changed_to_notice_value_on_observation_date,参数核对日变为公告值,225,225,more_than_60_days_to_expiry,距到期超过60天,official_exchange_daily_raw,交易所官方日度原始值
t20260128_830274,t20260128_830274,20260130,20260130,20260202,20260202,AO,AO,ao2609,ao2609,spec_short_margin_ratio,一般持仓空头保证金比例,0.11,0.11,0.11,0.11,equal_to_notice_value,等于公告值,20260130,20260130,0.1,0.1,changed_to_notice_value_on_observation_date,参数核对日变为公告值,225,225,more_than_60_days_to_expiry,距到期超过60天,official_exchange_daily_raw,交易所官方日度原始值
t20260128_830274,t20260128_830274,20260130,20260130,20260202,20260202,AO,AO,ao2609,ao2609,upper_limit_ratio,涨停板比例,0.09,0.09,0.09,0.09,equal_to_notice_value,等于公告值,20260130,20260130,0.08,0.08,changed_to_notice_value_on_observation_date,参数核对日变为公告值,225,225,more_than_60_days_to_expiry,距到期超过60天,official_exchange_daily_raw,交易所官方日度原始值
t20260128_830274,t20260128_830274,20260130,20260130,20260202,20260202,AO,AO,ao2610,ao2610,hedge_long_margin_ratio,套保持仓多头保证金比例,0.1,0.1,0.1,0.1,equal_to_notice_value,等于公告值,20260130,20260130,0.09,0.09,changed_to_notice_value_on_observation_date,参数核对日变为公告值,255,255,more_than_60_days_to_expiry,距到期超过60天,official_exchange_daily_raw,交易所官方日度原始值
t20260128_830274,t20260128_830274,20260130,20260130,20260202,20260202,AO,AO,ao2610,ao2610,hedge_short_margin_ratio,套保持仓空头保证金比例,0.1,0.1,0.1,0.1,equal_to_notice_value,等于公告值,20260130,20260130,0.09,0.09,changed_to_notice_value_on_observation_date,参数核对日变为公告值,255,255,more_than_60_days_to_expiry,距到期超过60天,official_exchange_daily_raw,交易所官方日度原始值
t20260128_830274,t20260128_830274,20260130,20260130,20260202,20260202,AO,AO,ao2610,ao2610,lower_limit_ratio,跌停板比例,0.09,0.09,0.09,0.09,equal_to_notice_value,等于公告值,20260130,20260130,0.08,0.08,changed_to_notice_value_on_observation_date,参数核对日变为公告值,255,255,more_than_60_days_to_expiry,距到期超过60天,official_exchange_daily_raw,交易所官方日度原始值
t20260128_830274,t20260128_830274,20260130,20260130,20260202,20260202,AO,AO,ao2610,ao2610,spec_long_margin_ratio,一般持仓多头保证金比例,0.11,0.11,0.11,0.11,equal_to_notice_value,等于公告值,20260130,20260130,0.1,0.1,changed_to_notice_value_on_observation_date,参数核对日变为公告值,255,255,more_than_60_days_to_expiry,距到期超过60天,official_exchange_daily_raw,交易所官方日度原始值
t20260128_830274,t20260128_830274,20260130,20260130,20260202,20260202,AO,AO,ao2610,ao2610,spec_short_margin_ratio,一般持仓空头保证金比例,0.11,0.11,0.11,0.11,equal_to_notice_value,等于公告值,20260130,20260130,0.1,0.1,changed_to_notice_value_on_observation_date,参数核对日变为公告值,255,255,more_than_60_days_to_expiry,距到期超过60天,official_exchange_daily_raw,交易所官方日度原始值
t20260128_830274,t20260128_830274,20260130,20260130,20260202,20260202,AO,AO,ao2610,ao2610,upper_limit_ratio,涨停板比例,0.09,0.09,0.09,0.09,equal_to_notice_value,等于公告值,20260130,20260130,0.08,0.08,changed_to_notice_value_on_observation_date,参数核对日变为公告值,255,255,more_than_60_days_to_expiry,距到期超过60天,official_exchange_daily_raw,交易所官方日度原始值
t20260128_830274,t20260128_830274,20260130,20260130,20260202,20260202,AO,AO,ao2611,ao2611,hedge_long_margin_ratio,套保持仓多头保证金比例,0.1,0.1,0.1,0.1,equal_to_notice_value,等于公告值,20260130,20260130,0.09,0.09,changed_to_notice_value_on_observation_date,参数核对日变为公告值,287,287,more_than_60_days_to_expiry,距到期超过60天,official_exchange_daily_raw,交易所官方日度原始值
t20260128_830274,t20260128_830274,20260130,20260130,20260202,20260202,AO,AO,ao2611,ao2611,hedge_short_margin_ratio,套保持仓空头保证金比例,0.1,0.1,0.1,0.1,equal_to_notice_value,等于公告值,20260130,20260130,0.09,0.09,changed_to_notice_value_on_observation_date,参数核对日变为公告值,287,287,more_than_60_days_to_expiry,距到期超过60天,official_exchange_daily_raw,交易所官方日度原始值
t20260128_830274,t20260128_830274,20260130,20260130,20260202,20260202,AO,AO,ao2611,ao2611,lower_limit_ratio,跌停板比例,0.09,0.09,0.09,0.09,equal_to_notice_value,等于公告值,20260130,20260130,0.08,0.08,changed_to_notice_value_on_observation_date,参数核对日变为公告值,287,287,more_than_60_days_to_expiry,距到期超过60天,official_exchange_daily_raw,交易所官方日度原始值
t20260128_830274,t20260128_830274,20260130,20260130,20260202,20260202,AO,AO,ao2611,ao2611,spec_long_margin_ratio,一般持仓多头保证金比例,0.11,0.11,0.11,0.11,equal_to_notice_value,等于公告值,20260130,20260130,0.1,0.1,changed_to_notice_value_on_observation_date,参数核对日变为公告值,287,287,more_than_60_days_to_expiry,距到期超过60天,official_exchange_daily_raw,交易所官方日度原始值
t20260128_830274,t20260128_830274,20260130,20260130,20260202,20260202,AO,AO,ao2611,ao2611,spec_short_margin_ratio,一般持仓空头保证金比例,0.11,0.11,0.11,0.11,equal_to_notice_value,等于公告值,20260130,20260130,0.1,0.1,changed_to_notice_value_on_observation_date,参数核对日变为公告值,287,287,more_than_60_days_to_expiry,距到期超过60天,official_exchange_daily_raw,交易所官方日度原始值
t20260128_830274,t20260128_830274,20260130,20260130,20260202,20260202,AO,AO,ao2611,ao2611,upper_limit_ratio,涨停板比例,0.09,0.09,0.09,0.09,equal_to_notice_value,等于公告值,20260130,20260130,0.08,0.08,changed_to_notice_value_on_observation_date,参数核对日变为公告值,287,287,more_than_60_days_to_expiry,距到期超过60天,official_exchange_daily_raw,交易所官方日度原始值
t20260128_830274,t20260128_830274,20260130,20260130,20260202,20260202,AO,AO,ao2612,ao2612,hedge_long_margin_ratio,套保持仓多头保证金比例,0.1,0.1,0.1,0.1,equal_to_notice_value,等于公告值,20260130,20260130,0.09,0.09,changed_to_notice_value_on_observation_date,参数核对日变为公告值,316,316,more_than_60_days_to_expiry,距到期超过60天,official_exchange_daily_raw,交易所官方日度原始值
t20260128_830274,t20260128_830274,20260130,20260130,20260202,20260202,AO,AO,ao2612,ao2612,hedge_short_margin_ratio,套保持仓空头保证金比例,0.1,0.1,0.1,0.1,equal_to_notice_value,等于公告值,20260130,20260130,0.09,0.09,changed_to_notice_value_on_observation_date,参数核对日变为公告值,316,316,more_than_60_days_to_expiry,距到期超过60天,official_exchange_daily_raw,交易所官方日度原始值
t20260128_830274,t20260128_830274,20260130,20260130,20260202,20260202,AO,AO,ao2612,ao2612,lower_limit_ratio,跌停板比例,0.09,0.09,0.09,0.09,equal_to_notice_value,等于公告值,20260130,20260130,0.08,0.08,changed_to_notice_value_on_observation_date,参数核对日变为公告值,316,316,more_than_60_days_to_expiry,距到期超过60天,official_exchange_daily_raw,交易所官方日度原始值
t20260128_830274,t20260128_830274,20260130,20260130,20260202,20260202,AO,AO,ao2612,ao2612,spec_long_margin_ratio,一般持仓多头保证金比例,0.11,0.11,0.11,0.11,equal_to_notice_value,等于公告值,20260130,20260130,0.1,0.1,changed_to_notice_value_on_observation_date,参数核对日变为公告值,316,316,more_than_60_days_to_expiry,距到期超过60天,official_exchange_daily_raw,交易所官方日度原始值
t20260128_830274,t20260128_830274,20260130,20260130,20260202,20260202,AO,AO,ao2612,ao2612,spec_short_margin_ratio,一般持仓空头保证金比例,0.11,0.11,0.11,0.11,equal_to_notice_value,等于公告值,20260130,20260130,0.1,0.1,changed_to_notice_value_on_observation_date,参数核对日变为公告值,316,316,more_than_60_days_to_expiry,距到期超过60天,official_exchange_daily_raw,交易所官方日度原始值
t20260128_830274,t20260128_830274,20260130,20260130,20260202,20260202,AO,AO,ao2612,ao2612,upper_limit_ratio,涨停板比例,0.09,0.09,0.09,0.09,equal_to_notice_value,等于公告值,20260130,20260130,0.08,0.08,changed_to_notice_value_on_observation_date,参数核对日变为公告值,316,316,more_than_60_days_to_expiry,距到期超过60天,official_exchange_daily_raw,交易所官方日度原始值
t20260128_830274,t20260128_830274,20260130,20260130,20260202,20260202,AO,AO,ao2701,ao2701,hedge_long_margin_ratio,套保持仓多头保证金比例,0.1,0.1,0.1,0.1,equal_to_notice_value,等于公告值,20260130,20260130,0.09,0.09,changed_to_notice_value_on_observation_date,参数核对日变为公告值,347,347,more_than_60_days_to_expiry,距到期超过60天,official_exchange_daily_raw,交易所官方日度原始值
t20260128_830274,t20260128_830274,20260130,20260130,20260202,20260202,AO,AO,ao2701,ao2701,hedge_short_margin_ratio,套保持仓空头保证金比例,0.1,0.1,0.1,0.1,equal_to_notice_value,等于公告值,20260130,20260130,0.09,0.09,changed_to_notice_value_on_observation_date,参数核对日变为公告值,347,347,more_than_60_days_to_expiry,距到期超过60天,official_exchange_daily_raw,交易所官方日度原始值
t20260128_830274,t20260128_830274,20260130,20260130,20260202,20260202,AO,AO,ao2701,ao2701,lower_limit_ratio,跌停板比例,0.09,0.09,0.09,0.09,equal_to_notice_value,等于公告值,20260130,20260130,0.08,0.08,changed_to_notice_value_on_observation_date,参数核对日变为公告值,347,347,more_than_60_days_to_expiry,距到期超过60天,official_exchange_daily_raw,交易所官方日度原始值
t20260128_830274,t20260128_830274,20260130,20260130,20260202,20260202,AO,AO,ao2701,ao2701,spec_long_margin_ratio,一般持仓多头保证金比例,0.11,0.11,0.11,0.11,equal_to_notice_value,等于公告值,20260130,20260130,0.1,0.1,changed_to_notice_value_on_observation_date,参数核对日变为公告值,347,347,more_than_60_days_to_expiry,距到期超过60天,official_exchange_daily_raw,交易所官方日度原始值
t20260128_830274,t20260128_830274,20260130,20260130,20260202,20260202,AO,AO,ao2701,ao2701,spec_short_margin_ratio,一般持仓空头保证金比例,0.11,0.11,0.11,0.11,equal_to_notice_value,等于公告值,20260130,20260130,0.1,0.1,changed_to_notice_value_on_observation_date,参数核对日变为公告值,347,347,more_than_60_days_to_expiry,距到期超过60天,official_exchange_daily_raw,交易所官方日度原始值
t20260128_830274,t20260128_830274,20260130,20260130,20260202,20260202,AO,AO,ao2701,ao2701,upper_limit_ratio,涨停板比例,0.09,0.09,0.09,0.09,equal_to_notice_value,等于公告值,20260130,20260130,0.08,0.08,changed_to_notice_value_on_observation_date,参数核对日变为公告值,347,347,more_than_60_days_to_expiry,距到期超过60天,official_exchange_daily_raw,交易所官方日度原始值
t20260205_830383,t20260205_830383,20260209,20260209,20260210,20260210,AO,AO,ao2602,ao2602,hedge_long_margin_ratio,套保持仓多头保证金比例,0.11,0.11,0.15,0.15,above_notice_value,高于公告值,20260209,20260209,0.15,0.15,preexisting_value_at_or_above_notice_level,参数此前已达到或高于公告值,14,14,days_11_30_to_expiry,距到期11至30天,official_exchange_daily_raw,交易所官方日度原始值
t20260205_830383,t20260205_830383,20260209,20260209,20260210,20260210,AO,AO,ao2602,ao2602,hedge_short_margin_ratio,套保持仓空头保证金比例,0.11,0.11,0.15,0.15,above_notice_value,高于公告值,20260209,20260209,0.15,0.15,preexisting_value_at_or_above_notice_level,参数此前已达到或高于公告值,14,14,days_11_30_to_expiry,距到期11至30天,official_exchange_daily_raw,交易所官方日度原始值
t20260205_830383,t20260205_830383,20260209,20260209,20260210,20260210,AO,AO,ao2602,ao2602,lower_limit_ratio,跌停板比例,0.1,0.1,0.1,0.1,equal_to_notice_value,等于公告值,20260209,20260209,0.09,0.09,changed_to_notice_value_on_observation_date,参数核对日变为公告值,14,14,days_11_30_to_expiry,距到期11至30天,official_exchange_daily_raw,交易所官方日度原始值
t20260205_830383,t20260205_830383,20260209,20260209,20260210,20260210,AO,AO,ao2602,ao2602,spec_long_margin_ratio,一般持仓多头保证金比例,0.12,0.12,0.15,0.15,above_notice_value,高于公告值,20260209,20260209,0.15,0.15,preexisting_value_at_or_above_notice_level,参数此前已达到或高于公告值,14,14,days_11_30_to_expiry,距到期11至30天,official_exchange_daily_raw,交易所官方日度原始值
t20260205_830383,t20260205_830383,20260209,20260209,20260210,20260210,AO,AO,ao2602,ao2602,spec_short_margin_ratio,一般持仓空头保证金比例,0.12,0.12,0.15,0.15,above_notice_value,高于公告值,20260209,20260209,0.15,0.15,preexisting_value_at_or_above_notice_level,参数此前已达到或高于公告值,14,14,days_11_30_to_expiry,距到期11至30天,official_exchange_daily_raw,交易所官方日度原始值
t20260205_830383,t20260205_830383,20260209,20260209,20260210,20260210,AO,AO,ao2602,ao2602,upper_limit_ratio,涨停板比例,0.1,0.1,0.1,0.1,equal_to_notice_value,等于公告值,20260209,20260209,0.09,0.09,changed_to_notice_value_on_observation_date,参数核对日变为公告值,14,14,days_11_30_to_expiry,距到期11至30天,official_exchange_daily_raw,交易所官方日度原始值
t20260205_830383,t20260205_830383,20260209,20260209,20260210,20260210,AO,AO,ao2603,ao2603,hedge_long_margin_ratio,套保持仓多头保证金比例,0.11,0.11,0.11,0.11,equal_to_notice_value,等于公告值,20260209,20260209,0.1,0.1,changed_to_notice_value_on_observation_date,参数核对日变为公告值,34,34,days_31_60_to_expiry,距到期31至60天,official_exchange_daily_raw,交易所官方日度原始值
t20260205_830383,t20260205_830383,20260209,20260209,20260210,20260210,AO,AO,ao2603,ao2603,hedge_short_margin_ratio,套保持仓空头保证金比例,0.11,0.11,0.11,0.11,equal_to_notice_value,等于公告值,20260209,20260209,0.1,0.1,changed_to_notice_value_on_observation_date,参数核对日变为公告值,34,34,days_31_60_to_expiry,距到期31至60天,official_exchange_daily_raw,交易所官方日度原始值
t20260205_830383,t20260205_830383,20260209,20260209,20260210,20260210,AO,AO,ao2603,ao2603,lower_limit_ratio,跌停板比例,0.1,0.1,0.1,0.1,equal_to_notice_value,等于公告值,20260209,20260209,0.09,0.09,changed_to_notice_value_on_observation_date,参数核对日变为公告值,34,34,days_31_60_to_expiry,距到期31至60天,official_exchange_daily_raw,交易所官方日度原始值
t20260205_830383,t20260205_830383,20260209,20260209,20260210,20260210,AO,AO,ao2603,ao2603,spec_long_margin_ratio,一般持仓多头保证金比例,0.12,0.12,0.12,0.12,equal_to_notice_value,等于公告值,20260209,20260209,0.11,0.11,changed_to_notice_value_on_observation_date,参数核对日变为公告值,34,34,days_31_60_to_expiry,距到期31至60天,official_exchange_daily_raw,交易所官方日度原始值
t20260205_830383,t20260205_830383,20260209,20260209,20260210,20260210,AO,AO,ao2603,ao2603,spec_short_margin_ratio,一般持仓空头保证金比例,0.12,0.12,0.12,0.12,equal_to_notice_value,等于公告值,20260209,20260209,0.11,0.11,changed_to_notice_value_on_observation_date,参数核对日变为公告值,34,34,days_31_60_to_expiry,距到期31至60天,official_exchange_daily_raw,交易所官方日度原始值
t20260205_830383,t20260205_830383,20260209,20260209,20260210,20260210,AO,AO,ao2603,ao2603,upper_limit_ratio,涨停板比例,0.1,0.1,0.1,0.1,equal_to_notice_value,等于公告值,20260209,20260209,0.09,0.09,changed_to_notice_value_on_observation_date,参数核对日变为公告值,34,34,days_31_60_to_expiry,距到期31至60天,official_exchange_daily_raw,交易所官方日度原始值
t20260205_830383,t20260205_830383,20260209,20260209,20260210,20260210,AO,AO,ao2604,ao2604,hedge_long_margin_ratio,套保持仓多头保证金比例,0.11,0.11,0.11,0.11,equal_to_notice_value,等于公告值,20260209,20260209,0.1,0.1,changed_to_notice_value_on_observation_date,参数核对日变为公告值,64,64,more_than_60_days_to_expiry,距到期超过60天,official_exchange_daily_raw,交易所官方日度原始值
t20260205_830383,t20260205_830383,20260209,20260209,20260210,20260210,AO,AO,ao2604,ao2604,hedge_short_margin_ratio,套保持仓空头保证金比例,0.11,0.11,0.11,0.11,equal_to_notice_value,等于公告值,20260209,20260209,0.1,0.1,changed_to_notice_value_on_observation_date,参数核对日变为公告值,64,64,more_than_60_days_to_expiry,距到期超过60天,official_exchange_daily_raw,交易所官方日度原始值
t20260205_830383,t20260205_830383,20260209,20260209,20260210,20260210,AO,AO,ao2604,ao2604,lower_limit_ratio,跌停板比例,0.1,0.1,0.1,0.1,equal_to_notice_value,等于公告值,20260209,20260209,0.09,0.09,changed_to_notice_value_on_observation_date,参数核对日变为公告值,64,64,more_than_60_days_to_expiry,距到期超过60天,official_exchange_daily_raw,交易所官方日度原始值
t20260205_830383,t20260205_830383,20260209,20260209,20260210,20260210,AO,AO,ao2604,ao2604,spec_long_margin_ratio,一般持仓多头保证金比例,0.12,0.12,0.12,0.12,equal_to_notice_value,等于公告值,20260209,20260209,0.11,0.11,changed_to_notice_value_on_observation_date,参数核对日变为公告值,64,64,more_than_60_days_to_expiry,距到期超过60天,official_exchange_daily_raw,交易所官方日度原始值
t20260205_830383,t20260205_830383,20260209,20260209,20260210,20260210,AO,AO,ao2604,ao2604,spec_short_margin_ratio,一般持仓空头保证金比例,0.12,0.12,0.12,0.12,equal_to_notice_value,等于公告值,20260209,20260209,0.11,0.11,changed_to_notice_value_on_observation_date,参数核对日变为公告值,64,64,more_than_60_days_to_expiry,距到期超过60天,official_exchange_daily_raw,交易所官方日度原始值
t20260205_830383,t20260205_830383,20260209,20260209,20260210,20260210,AO,AO,ao2604,ao2604,upper_limit_ratio,涨停板比例,0.1,0.1,0.1,0.1,equal_to_notice_value,等于公告值,20260209,20260209,0.09,0.09,changed_to_notice_value_on_observation_date,参数核对日变为公告值,64,64,more_than_60_days_to_expiry,距到期超过60天,official_exchange_daily_raw,交易所官方日度原始值
t20260205_830383,t20260205_830383,20260209,20260209,20260210,20260210,AO,AO,ao2605,ao2605,hedge_long_margin_ratio,套保持仓多头保证金比例,0.11,0.11,0.11,0.11,equal_to_notice_value,等于公告值,20260209,20260209,0.1,0.1,changed_to_notice_value_on_observation_date,参数核对日变为公告值,94,94,more_than_60_days_to_expiry,距到期超过60天,official_exchange_daily_raw,交易所官方日度原始值
t20260205_830383,t20260205_830383,20260209,20260209,20260210,20260210,AO,AO,ao2605,ao2605,hedge_short_margin_ratio,套保持仓空头保证金比例,0.11,0.11,0.11,0.11,equal_to_notice_value,等于公告值,20260209,20260209,0.1,0.1,changed_to_notice_value_on_observation_date,参数核对日变为公告值,94,94,more_than_60_days_to_expiry,距到期超过60天,official_exchange_daily_raw,交易所官方日度原始值
t20260205_830383,t20260205_830383,20260209,20260209,20260210,20260210,AO,AO,ao2605,ao2605,lower_limit_ratio,跌停板比例,0.1,0.1,0.1,0.1,equal_to_notice_value,等于公告值,20260209,20260209,0.09,0.09,changed_to_notice_value_on_observation_date,参数核对日变为公告值,94,94,more_than_60_days_to_expiry,距到期超过60天,official_exchange_daily_raw,交易所官方日度原始值
t20260205_830383,t20260205_830383,20260209,20260209,20260210,20260210,AO,AO,ao2605,ao2605,spec_long_margin_ratio,一般持仓多头保证金比例,0.12,0.12,0.12,0.12,equal_to_notice_value,等于公告值,20260209,20260209,0.11,0.11,changed_to_notice_value_on_observation_date,参数核对日变为公告值,94,94,more_than_60_days_to_expiry,距到期超过60天,official_exchange_daily_raw,交易所官方日度原始值
t20260205_830383,t20260205_830383,20260209,20260209,20260210,20260210,AO,AO,ao2605,ao2605,spec_short_margin_ratio,一般持仓空头保证金比例,0.12,0.12,0.12,0.12,equal_to_notice_value,等于公告值,20260209,20260209,0.11,0.11,changed_to_notice_value_on_observation_date,参数核对日变为公告值,94,94,more_than_60_days_to_expiry,距到期超过60天,official_exchange_daily_raw,交易所官方日度原始值
t20260205_830383,t20260205_830383,20260209,20260209,20260210,20260210,AO,AO,ao2605,ao2605,upper_limit_ratio,涨停板比例,0.1,0.1,0.1,0.1,equal_to_notice_value,等于公告值,20260209,20260209,0.09,0.09,changed_to_notice_value_on_observation_date,参数核对日变为公告值,94,94,more_than_60_days_to_expiry,距到期超过60天,official_exchange_daily_raw,交易所官方日度原始值
t20260205_830383,t20260205_830383,20260209,20260209,20260210,20260210,AO,AO,ao2606,ao2606,hedge_long_margin_ratio,套保持仓多头保证金比例,0.11,0.11,0.11,0.11,equal_to_notice_value,等于公告值,20260209,20260209,0.1,0.1,changed_to_notice_value_on_observation_date,参数核对日变为公告值,125,125,more_than_60_days_to_expiry,距到期超过60天,official_exchange_daily_raw,交易所官方日度原始值
t20260205_830383,t20260205_830383,20260209,20260209,20260210,20260210,AO,AO,ao2606,ao2606,hedge_short_margin_ratio,套保持仓空头保证金比例,0.11,0.11,0.11,0.11,equal_to_notice_value,等于公告值,20260209,20260209,0.1,0.1,changed_to_notice_value_on_observation_date,参数核对日变为公告值,125,125,more_than_60_days_to_expiry,距到期超过60天,official_exchange_daily_raw,交易所官方日度原始值
t20260205_830383,t20260205_830383,20260209,20260209,20260210,20260210,AO,AO,ao2606,ao2606,lower_limit_ratio,跌停板比例,0.1,0.1,0.1,0.1,equal_to_notice_value,等于公告值,20260209,20260209,0.09,0.09,changed_to_notice_value_on_observation_date,参数核对日变为公告值,125,125,more_than_60_days_to_expiry,距到期超过60天,official_exchange_daily_raw,交易所官方日度原始值
t20260205_830383,t20260205_830383,20260209,20260209,20260210,20260210,AO,AO,ao2606,ao2606,spec_long_margin_ratio,一般持仓多头保证金比例,0.12,0.12,0.12,0.12,equal_to_notice_value,等于公告值,20260209,20260209,0.11,0.11,changed_to_notice_value_on_observation_date,参数核对日变为公告值,125,125,more_than_60_days_to_expiry,距到期超过60天,official_exchange_daily_raw,交易所官方日度原始值
t20260205_830383,t20260205_830383,20260209,20260209,20260210,20260210,AO,AO,ao2606,ao2606,spec_short_margin_ratio,一般持仓空头保证金比例,0.12,0.12,0.12,0.12,equal_to_notice_value,等于公告值,20260209,20260209,0.11,0.11,changed_to_notice_value_on_observation_date,参数核对日变为公告值,125,125,more_than_60_days_to_expiry,距到期超过60天,official_exchange_daily_raw,交易所官方日度原始值
t20260205_830383,t20260205_830383,20260209,20260209,20260210,20260210,AO,AO,ao2606,ao2606,upper_limit_ratio,涨停板比例,0.1,0.1,0.1,0.1,equal_to_notice_value,等于公告值,20260209,20260209,0.09,0.09,changed_to_notice_value_on_observation_date,参数核对日变为公告值,125,125,more_than_60_days_to_expiry,距到期超过60天,official_exchange_daily_raw,交易所官方日度原始值
t20260205_830383,t20260205_830383,20260209,20260209,20260210,20260210,AO,AO,ao2607,ao2607,hedge_long_margin_ratio,套保持仓多头保证金比例,0.11,0.11,0.11,0.11,equal_to_notice_value,等于公告值,20260209,20260209,0.1,0.1,changed_to_notice_value_on_observation_date,参数核对日变为公告值,155,155,more_than_60_days_to_expiry,距到期超过60天,official_exchange_daily_raw,交易所官方日度原始值
t20260205_830383,t20260205_830383,20260209,20260209,20260210,20260210,AO,AO,ao2607,ao2607,hedge_short_margin_ratio,套保持仓空头保证金比例,0.11,0.11,0.11,0.11,equal_to_notice_value,等于公告值,20260209,20260209,0.1,0.1,changed_to_notice_value_on_observation_date,参数核对日变为公告值,155,155,more_than_60_days_to_expiry,距到期超过60天,official_exchange_daily_raw,交易所官方日度原始值
t20260205_830383,t20260205_830383,20260209,20260209,20260210,20260210,AO,AO,ao2607,ao2607,lower_limit_ratio,跌停板比例,0.1,0.1,0.1,0.1,equal_to_notice_value,等于公告值,20260209,20260209,0.09,0.09,changed_to_notice_value_on_observation_date,参数核对日变为公告值,155,155,more_than_60_days_to_expiry,距到期超过60天,official_exchange_daily_raw,交易所官方日度原始值
t20260205_830383,t20260205_830383,20260209,20260209,20260210,20260210,AO,AO,ao2607,ao2607,spec_long_margin_ratio,一般持仓多头保证金比例,0.12,0.12,0.12,0.12,equal_to_notice_value,等于公告值,20260209,20260209,0.11,0.11,changed_to_notice_value_on_observation_date,参数核对日变为公告值,155,155,more_than_60_days_to_expiry,距到期超过60天,official_exchange_daily_raw,交易所官方日度原始值
t20260205_830383,t20260205_830383,20260209,20260209,20260210,20260210,AO,AO,ao2607,ao2607,spec_short_margin_ratio,一般持仓空头保证金比例,0.12,0.12,0.12,0.12,equal_to_notice_value,等于公告值,20260209,20260209,0.11,0.11,changed_to_notice_value_on_observation_date,参数核对日变为公告值,155,155,more_than_60_days_to_expiry,距到期超过60天,official_exchange_daily_raw,交易所官方日度原始值
t20260205_830383,t20260205_830383,20260209,20260209,20260210,20260210,AO,AO,ao2607,ao2607,upper_limit_ratio,涨停板比例,0.1,0.1,0.1,0.1,equal_to_notice_value,等于公告值,20260209,20260209,0.09,0.09,changed_to_notice_value_on_observation_date,参数核对日变为公告值,155,155,more_than_60_days_to_expiry,距到期超过60天,official_exchange_daily_raw,交易所官方日度原始值
t20260205_830383,t20260205_830383,20260209,20260209,20260210,20260210,AO,AO,ao2608,ao2608,hedge_long_margin_ratio,套保持仓多头保证金比例,0.11,0.11,0.11,0.11,equal_to_notice_value,等于公告值,20260209,20260209,0.1,0.1,changed_to_notice_value_on_observation_date,参数核对日变为公告值,188,188,more_than_60_days_to_expiry,距到期超过60天,official_exchange_daily_raw,交易所官方日度原始值
t20260205_830383,t20260205_830383,20260209,20260209,20260210,20260210,AO,AO,ao2608,ao2608,hedge_short_margin_ratio,套保持仓空头保证金比例,0.11,0.11,0.11,0.11,equal_to_notice_value,等于公告值,20260209,20260209,0.1,0.1,changed_to_notice_value_on_observation_date,参数核对日变为公告值,188,188,more_than_60_days_to_expiry,距到期超过60天,official_exchange_daily_raw,交易所官方日度原始值
t20260205_830383,t20260205_830383,20260209,20260209,20260210,20260210,AO,AO,ao2608,ao2608,lower_limit_ratio,跌停板比例,0.1,0.1,0.1,0.1,equal_to_notice_value,等于公告值,20260209,20260209,0.09,0.09,changed_to_notice_value_on_observation_date,参数核对日变为公告值,188,188,more_than_60_days_to_expiry,距到期超过60天,official_exchange_daily_raw,交易所官方日度原始值
t20260205_830383,t20260205_830383,20260209,20260209,20260210,20260210,AO,AO,ao2608,ao2608,spec_long_margin_ratio,一般持仓多头保证金比例,0.12,0.12,0.12,0.12,equal_to_notice_value,等于公告值,20260209,20260209,0.11,0.11,changed_to_notice_value_on_observation_date,参数核对日变为公告值,188,188,more_than_60_days_to_expiry,距到期超过60天,official_exchange_daily_raw,交易所官方日度原始值
t20260205_830383,t20260205_830383,20260209,20260209,20260210,20260210,AO,AO,ao2608,ao2608,spec_short_margin_ratio,一般持仓空头保证金比例,0.12,0.12,0.12,0.12,equal_to_notice_value,等于公告值,20260209,20260209,0.11,0.11,changed_to_notice_value_on_observation_date,参数核对日变为公告值,188,188,more_than_60_days_to_expiry,距到期超过60天,official_exchange_daily_raw,交易所官方日度原始值
t20260205_830383,t20260205_830383,20260209,20260209,20260210,20260210,AO,AO,ao2608,ao2608,upper_limit_ratio,涨停板比例,0.1,0.1,0.1,0.1,equal_to_notice_value,等于公告值,20260209,20260209,0.09,0.09,changed_to_notice_value_on_observation_date,参数核对日变为公告值,188,188,more_than_60_days_to_expiry,距到期超过60天,official_exchange_daily_raw,交易所官方日度原始值
t20260205_830383,t20260205_830383,20260209,20260209,20260210,20260210,AO,AO,ao2609,ao2609,hedge_long_margin_ratio,套保持仓多头保证金比例,0.11,0.11,0.11,0.11,equal_to_notice_value,等于公告值,20260209,20260209,0.1,0.1,changed_to_notice_value_on_observation_date,参数核对日变为公告值,217,217,more_than_60_days_to_expiry,距到期超过60天,official_exchange_daily_raw,交易所官方日度原始值
t20260205_830383,t20260205_830383,20260209,20260209,20260210,20260210,AO,AO,ao2609,ao2609,hedge_short_margin_ratio,套保持仓空头保证金比例,0.11,0.11,0.11,0.11,equal_to_notice_value,等于公告值,20260209,20260209,0.1,0.1,changed_to_notice_value_on_observation_date,参数核对日变为公告值,217,217,more_than_60_days_to_expiry,距到期超过60天,official_exchange_daily_raw,交易所官方日度原始值
t20260205_830383,t20260205_830383,20260209,20260209,20260210,20260210,AO,AO,ao2609,ao2609,lower_limit_ratio,跌停板比例,0.1,0.1,0.1,0.1,equal_to_notice_value,等于公告值,20260209,20260209,0.09,0.09,changed_to_notice_value_on_observation_date,参数核对日变为公告值,217,217,more_than_60_days_to_expiry,距到期超过60天,official_exchange_daily_raw,交易所官方日度原始值
t20260205_830383,t20260205_830383,20260209,20260209,20260210,20260210,AO,AO,ao2609,ao2609,spec_long_margin_ratio,一般持仓多头保证金比例,0.12,0.12,0.12,0.12,equal_to_notice_value,等于公告值,20260209,20260209,0.11,0.11,changed_to_notice_value_on_observation_date,参数核对日变为公告值,217,217,more_than_60_days_to_expiry,距到期超过60天,official_exchange_daily_raw,交易所官方日度原始值
t20260205_830383,t20260205_830383,20260209,20260209,20260210,20260210,AO,AO,ao2609,ao2609,spec_short_margin_ratio,一般持仓空头保证金比例,0.12,0.12,0.12,0.12,equal_to_notice_value,等于公告值,20260209,20260209,0.11,0.11,changed_to_notice_value_on_observation_date,参数核对日变为公告值,217,217,more_than_60_days_to_expiry,距到期超过60天,official_exchange_daily_raw,交易所官方日度原始值
t20260205_830383,t20260205_830383,20260209,20260209,20260210,20260210,AO,AO,ao2609,ao2609,upper_limit_ratio,涨停板比例,0.1,0.1,0.1,0.1,equal_to_notice_value,等于公告值,20260209,20260209,0.09,0.09,changed_to_notice_value_on_observation_date,参数核对日变为公告值,217,217,more_than_60_days_to_expiry,距到期超过60天,official_exchange_daily_raw,交易所官方日度原始值
t20260205_830383,t20260205_830383,20260209,20260209,20260210,20260210,AO,AO,ao2610,ao2610,hedge_long_margin_ratio,套保持仓多头保证金比例,0.11,0.11,0.11,0.11,equal_to_notice_value,等于公告值,20260209,20260209,0.1,0.1,changed_to_notice_value_on_observation_date,参数核对日变为公告值,247,247,more_than_60_days_to_expiry,距到期超过60天,official_exchange_daily_raw,交易所官方日度原始值
t20260205_830383,t20260205_830383,20260209,20260209,20260210,20260210,AO,AO,ao2610,ao2610,hedge_short_margin_ratio,套保持仓空头保证金比例,0.11,0.11,0.11,0.11,equal_to_notice_value,等于公告值,20260209,20260209,0.1,0.1,changed_to_notice_value_on_observation_date,参数核对日变为公告值,247,247,more_than_60_days_to_expiry,距到期超过60天,official_exchange_daily_raw,交易所官方日度原始值
t20260205_830383,t20260205_830383,20260209,20260209,20260210,20260210,AO,AO,ao2610,ao2610,lower_limit_ratio,跌停板比例,0.1,0.1,0.1,0.1,equal_to_notice_value,等于公告值,20260209,20260209,0.09,0.09,changed_to_notice_value_on_observation_date,参数核对日变为公告值,247,247,more_than_60_days_to_expiry,距到期超过60天,official_exchange_daily_raw,交易所官方日度原始值
t20260205_830383,t20260205_830383,20260209,20260209,20260210,20260210,AO,AO,ao2610,ao2610,spec_long_margin_ratio,一般持仓多头保证金比例,0.12,0.12,0.12,0.12,equal_to_notice_value,等于公告值,20260209,20260209,0.11,0.11,changed_to_notice_value_on_observation_date,参数核对日变为公告值,247,247,more_than_60_days_to_expiry,距到期超过60天,official_exchange_daily_raw,交易所官方日度原始值
t20260205_830383,t20260205_830383,20260209,20260209,20260210,20260210,AO,AO,ao2610,ao2610,spec_short_margin_ratio,一般持仓空头保证金比例,0.12,0.12,0.12,0.12,equal_to_notice_value,等于公告值,20260209,20260209,0.11,0.11,changed_to_notice_value_on_observation_date,参数核对日变为公告值,247,247,more_than_60_days_to_expiry,距到期超过60天,official_exchange_daily_raw,交易所官方日度原始值
t20260205_830383,t20260205_830383,20260209,20260209,20260210,20260210,AO,AO,ao2610,ao2610,upper_limit_ratio,涨停板比例,0.1,0.1,0.1,0.1,equal_to_notice_value,等于公告值,20260209,20260209,0.09,0.09,changed_to_notice_value_on_observation_date,参数核对日变为公告值,247,247,more_than_60_days_to_expiry,距到期超过60天,official_exchange_daily_raw,交易所官方日度原始值
t20260205_830383,t20260205_830383,20260209,20260209,20260210,20260210,AO,AO,ao2611,ao2611,hedge_long_margin_ratio,套保持仓多头保证金比例,0.11,0.11,0.11,0.11,equal_to_notice_value,等于公告值,20260209,20260209,0.1,0.1,changed_to_notice_value_on_observation_date,参数核对日变为公告值,279,279,more_than_60_days_to_expiry,距到期超过60天,official_exchange_daily_raw,交易所官方日度原始值
t20260205_830383,t20260205_830383,20260209,20260209,20260210,20260210,AO,AO,ao2611,ao2611,hedge_short_margin_ratio,套保持仓空头保证金比例,0.11,0.11,0.11,0.11,equal_to_notice_value,等于公告值,20260209,20260209,0.1,0.1,changed_to_notice_value_on_observation_date,参数核对日变为公告值,279,279,more_than_60_days_to_expiry,距到期超过60天,official_exchange_daily_raw,交易所官方日度原始值
t20260205_830383,t20260205_830383,20260209,20260209,20260210,20260210,AO,AO,ao2611,ao2611,lower_limit_ratio,跌停板比例,0.1,0.1,0.1,0.1,equal_to_notice_value,等于公告值,20260209,20260209,0.09,0.09,changed_to_notice_value_on_observation_date,参数核对日变为公告值,279,279,more_than_60_days_to_expiry,距到期超过60天,official_exchange_daily_raw,交易所官方日度原始值
t20260205_830383,t20260205_830383,20260209,20260209,20260210,20260210,AO,AO,ao2611,ao2611,spec_long_margin_ratio,一般持仓多头保证金比例,0.12,0.12,0.12,0.12,equal_to_notice_value,等于公告值,20260209,20260209,0.11,0.11,changed_to_notice_value_on_observation_date,参数核对日变为公告值,279,279,more_than_60_days_to_expiry,距到期超过60天,official_exchange_daily_raw,交易所官方日度原始值
t20260205_830383,t20260205_830383,20260209,20260209,20260210,20260210,AO,AO,ao2611,ao2611,spec_short_margin_ratio,一般持仓空头保证金比例,0.12,0.12,0.12,0.12,equal_to_notice_value,等于公告值,20260209,20260209,0.11,0.11,changed_to_notice_value_on_observation_date,参数核对日变为公告值,279,279,more_than_60_days_to_expiry,距到期超过60天,official_exchange_daily_raw,交易所官方日度原始值
t20260205_830383,t20260205_830383,20260209,20260209,20260210,20260210,AO,AO,ao2611,ao2611,upper_limit_ratio,涨停板比例,0.1,0.1,0.1,0.1,equal_to_notice_value,等于公告值,20260209,20260209,0.09,0.09,changed_to_notice_value_on_observation_date,参数核对日变为公告值,279,279,more_than_60_days_to_expiry,距到期超过60天,official_exchange_daily_raw,交易所官方日度原始值
t20260205_830383,t20260205_830383,20260209,20260209,20260210,20260210,AO,AO,ao2612,ao2612,hedge_long_margin_ratio,套保持仓多头保证金比例,0.11,0.11,0.11,0.11,equal_to_notice_value,等于公告值,20260209,20260209,0.1,0.1,changed_to_notice_value_on_observation_date,参数核对日变为公告值,308,308,more_than_60_days_to_expiry,距到期超过60天,official_exchange_daily_raw,交易所官方日度原始值
t20260205_830383,t20260205_830383,20260209,20260209,20260210,20260210,AO,AO,ao2612,ao2612,hedge_short_margin_ratio,套保持仓空头保证金比例,0.11,0.11,0.11,0.11,equal_to_notice_value,等于公告值,20260209,20260209,0.1,0.1,changed_to_notice_value_on_observation_date,参数核对日变为公告值,308,308,more_than_60_days_to_expiry,距到期超过60天,official_exchange_daily_raw,交易所官方日度原始值
t20260205_830383,t20260205_830383,20260209,20260209,20260210,20260210,AO,AO,ao2612,ao2612,lower_limit_ratio,跌停板比例,0.1,0.1,0.1,0.1,equal_to_notice_value,等于公告值,20260209,20260209,0.09,0.09,changed_to_notice_value_on_observation_date,参数核对日变为公告值,308,308,more_than_60_days_to_expiry,距到期超过60天,official_exchange_daily_raw,交易所官方日度原始值
t20260205_830383,t20260205_830383,20260209,20260209,20260210,20260210,AO,AO,ao2612,ao2612,spec_long_margin_ratio,一般持仓多头保证金比例,0.12,0.12,0.12,0.12,equal_to_notice_value,等于公告值,20260209,20260209,0.11,0.11,changed_to_notice_value_on_observation_date,参数核对日变为公告值,308,308,more_than_60_days_to_expiry,距到期超过60天,official_exchange_daily_raw,交易所官方日度原始值
t20260205_830383,t20260205_830383,20260209,20260209,20260210,20260210,AO,AO,ao2612,ao2612,spec_short_margin_ratio,一般持仓空头保证金比例,0.12,0.12,0.12,0.12,equal_to_notice_value,等于公告值,20260209,20260209,0.11,0.11,changed_to_notice_value_on_observation_date,参数核对日变为公告值,308,308,more_than_60_days_to_expiry,距到期超过60天,official_exchange_daily_raw,交易所官方日度原始值
t20260205_830383,t20260205_830383,20260209,20260209,20260210,20260210,AO,AO,ao2612,ao2612,upper_limit_ratio,涨停板比例,0.1,0.1,0.1,0.1,equal_to_notice_value,等于公告值,20260209,20260209,0.09,0.09,changed_to_notice_value_on_observation_date,参数核对日变为公告值,308,308,more_than_60_days_to_expiry,距到期超过60天,official_exchange_daily_raw,交易所官方日度原始值
t20260205_830383,t20260205_830383,20260209,20260209,20260210,20260210,AO,AO,ao2701,ao2701,hedge_long_margin_ratio,套保持仓多头保证金比例,0.11,0.11,0.11,0.11,equal_to_notice_value,等于公告值,20260209,20260209,0.1,0.1,changed_to_notice_value_on_observation_date,参数核对日变为公告值,339,339,more_than_60_days_to_expiry,距到期超过60天,official_exchange_daily_raw,交易所官方日度原始值
t20260205_830383,t20260205_830383,20260209,20260209,20260210,20260210,AO,AO,ao2701,ao2701,hedge_short_margin_ratio,套保持仓空头保证金比例,0.11,0.11,0.11,0.11,equal_to_notice_value,等于公告值,20260209,20260209,0.1,0.1,changed_to_notice_value_on_observation_date,参数核对日变为公告值,339,339,more_than_60_days_to_expiry,距到期超过60天,official_exchange_daily_raw,交易所官方日度原始值
t20260205_830383,t20260205_830383,20260209,20260209,20260210,20260210,AO,AO,ao2701,ao2701,lower_limit_ratio,跌停板比例,0.1,0.1,0.1,0.1,equal_to_notice_value,等于公告值,20260209,20260209,0.09,0.09,changed_to_notice_value_on_observation_date,参数核对日变为公告值,339,339,more_than_60_days_to_expiry,距到期超过60天,official_exchange_daily_raw,交易所官方日度原始值
t20260205_830383,t20260205_830383,20260209,20260209,20260210,20260210,AO,AO,ao2701,ao2701,spec_long_margin_ratio,一般持仓多头保证金比例,0.12,0.12,0.12,0.12,equal_to_notice_value,等于公告值,20260209,20260209,0.11,0.11,changed_to_notice_value_on_observation_date,参数核对日变为公告值,339,339,more_than_60_days_to_expiry,距到期超过60天,official_exchange_daily_raw,交易所官方日度原始值
t20260205_830383,t20260205_830383,20260209,20260209,20260210,20260210,AO,AO,ao2701,ao2701,spec_short_margin_ratio,一般持仓空头保证金比例,0.12,0.12,0.12,0.12,equal_to_notice_value,等于公告值,20260209,20260209,0.11,0.11,changed_to_notice_value_on_observation_date,参数核对日变为公告值,339,339,more_than_60_days_to_expiry,距到期超过60天,official_exchange_daily_raw,交易所官方日度原始值
t20260205_830383,t20260205_830383,20260209,20260209,20260210,20260210,AO,AO,ao2701,ao2701,upper_limit_ratio,涨停板比例,0.1,0.1,0.1,0.1,equal_to_notice_value,等于公告值,20260209,20260209,0.09,0.09,changed_to_notice_value_on_observation_date,参数核对日变为公告值,339,339,more_than_60_days_to_expiry,距到期超过60天,official_exchange_daily_raw,交易所官方日度原始值
t20260209_830422,t20260209_830422,20260225,20260225,20260225,20260225,AO,AO,ao2702,ao2702,hedge_long_margin_ratio,套保持仓多头保证金比例,0.11,0.11,0.11,0.11,equal_to_notice_value,等于公告值,,,,,initial_observation_at_or_above_notice_level,新上市首次观测即达到或高于公告值,355,355,more_than_60_days_to_expiry,距到期超过60天,official_exchange_daily_raw,交易所官方日度原始值
t20260209_830422,t20260209_830422,20260225,20260225,20260225,20260225,AO,AO,ao2702,ao2702,hedge_short_margin_ratio,套保持仓空头保证金比例,0.11,0.11,0.11,0.11,equal_to_notice_value,等于公告值,,,,,initial_observation_at_or_above_notice_level,新上市首次观测即达到或高于公告值,355,355,more_than_60_days_to_expiry,距到期超过60天,official_exchange_daily_raw,交易所官方日度原始值
t20260209_830422,t20260209_830422,20260225,20260225,20260225,20260225,AO,AO,ao2702,ao2702,lower_limit_ratio,跌停板比例,0.1,0.1,0.2,0.2,above_notice_value,高于公告值,,,,,initial_observation_at_or_above_notice_level,新上市首次观测即达到或高于公告值,355,355,more_than_60_days_to_expiry,距到期超过60天,official_exchange_daily_raw,交易所官方日度原始值
t20260209_830422,t20260209_830422,20260225,20260225,20260225,20260225,AO,AO,ao2702,ao2702,spec_long_margin_ratio,一般持仓多头保证金比例,0.12,0.12,0.12,0.12,equal_to_notice_value,等于公告值,,,,,initial_observation_at_or_above_notice_level,新上市首次观测即达到或高于公告值,355,355,more_than_60_days_to_expiry,距到期超过60天,official_exchange_daily_raw,交易所官方日度原始值
t20260209_830422,t20260209_830422,20260225,20260225,20260225,20260225,AO,AO,ao2702,ao2702,spec_short_margin_ratio,一般持仓空头保证金比例,0.12,0.12,0.12,0.12,equal_to_notice_value,等于公告值,,,,,initial_observation_at_or_above_notice_level,新上市首次观测即达到或高于公告值,355,355,more_than_60_days_to_expiry,距到期超过60天,official_exchange_daily_raw,交易所官方日度原始值
t20260209_830422,t20260209_830422,20260225,20260225,20260225,20260225,AO,AO,ao2702,ao2702,upper_limit_ratio,涨停板比例,0.1,0.1,0.2,0.2,above_notice_value,高于公告值,,,,,initial_observation_at_or_above_notice_level,新上市首次观测即达到或高于公告值,355,355,more_than_60_days_to_expiry,距到期超过60天,official_exchange_daily_raw,交易所官方日度原始值
t20260209_830422,t20260209_830422,20260225,20260225,20260225,20260225,BU,BU,bu2702,bu2702,hedge_long_margin_ratio,套保持仓多头保证金比例,0.1,0.1,0.1,0.1,equal_to_notice_value,等于公告值,,,,,initial_observation_at_or_above_notice_level,新上市首次观测即达到或高于公告值,355,355,more_than_60_days_to_expiry,距到期超过60天,official_exchange_daily_raw,交易所官方日度原始值
t20260209_830422,t20260209_830422,20260225,20260225,20260225,20260225,BU,BU,bu2702,bu2702,hedge_short_margin_ratio,套保持仓空头保证金比例,0.1,0.1,0.1,0.1,equal_to_notice_value,等于公告值,,,,,initial_observation_at_or_above_notice_level,新上市首次观测即达到或高于公告值,355,355,more_than_60_days_to_expiry,距到期超过60天,official_exchange_daily_raw,交易所官方日度原始值
t20260209_830422,t20260209_830422,20260225,20260225,20260225,20260225,BU,BU,bu2702,bu2702,lower_limit_ratio,跌停板比例,0.09,0.09,0.18,0.18,above_notice_value,高于公告值,,,,,initial_observation_at_or_above_notice_level,新上市首次观测即达到或高于公告值,355,355,more_than_60_days_to_expiry,距到期超过60天,official_exchange_daily_raw,交易所官方日度原始值
t20260209_830422,t20260209_830422,20260225,20260225,20260225,20260225,BU,BU,bu2702,bu2702,spec_long_margin_ratio,一般持仓多头保证金比例,0.11,0.11,0.11,0.11,equal_to_notice_value,等于公告值,,,,,initial_observation_at_or_above_notice_level,新上市首次观测即达到或高于公告值,355,355,more_than_60_days_to_expiry,距到期超过60天,official_exchange_daily_raw,交易所官方日度原始值
t20260209_830422,t20260209_830422,20260225,20260225,20260225,20260225,BU,BU,bu2702,bu2702,spec_short_margin_ratio,一般持仓空头保证金比例,0.11,0.11,0.11,0.11,equal_to_notice_value,等于公告值,,,,,initial_observation_at_or_above_notice_level,新上市首次观测即达到或高于公告值,355,355,more_than_60_days_to_expiry,距到期超过60天,official_exchange_daily_raw,交易所官方日度原始值
t20260209_830422,t20260209_830422,20260225,20260225,20260225,20260225,BU,BU,bu2702,bu2702,upper_limit_ratio,涨停板比例,0.09,0.09,0.18,0.18,above_notice_value,高于公告值,,,,,initial_observation_at_or_above_notice_level,新上市首次观测即达到或高于公告值,355,355,more_than_60_days_to_expiry,距到期超过60天,official_exchange_daily_raw,交易所官方日度原始值
t20260309_830615,t20260309_830615,20260310,20260310,20260311,20260311,BU,BU,bu2607,bu2607,hedge_long_margin_ratio,套保持仓多头保证金比例,0.13,0.13,0.13,0.13,equal_to_notice_value,等于公告值,20260310,20260310,0.1,0.1,changed_to_notice_value_on_observation_date,参数核对日变为公告值,126,126,more_than_60_days_to_expiry,距到期超过60天,official_exchange_daily_raw,交易所官方日度原始值
t20260309_830615,t20260309_830615,20260310,20260310,20260311,20260311,BU,BU,bu2607,bu2607,hedge_short_margin_ratio,套保持仓空头保证金比例,0.13,0.13,0.13,0.13,equal_to_notice_value,等于公告值,20260310,20260310,0.1,0.1,changed_to_notice_value_on_observation_date,参数核对日变为公告值,126,126,more_than_60_days_to_expiry,距到期超过60天,official_exchange_daily_raw,交易所官方日度原始值
t20260309_830615,t20260309_830615,20260310,20260310,20260311,20260311,BU,BU,bu2607,bu2607,lower_limit_ratio,跌停板比例,0.12,0.12,0.12,0.12,equal_to_notice_value,等于公告值,20260310,20260310,0.09,0.09,changed_to_notice_value_on_observation_date,参数核对日变为公告值,126,126,more_than_60_days_to_expiry,距到期超过60天,official_exchange_daily_raw,交易所官方日度原始值
t20260309_830615,t20260309_830615,20260310,20260310,20260311,20260311,BU,BU,bu2607,bu2607,spec_long_margin_ratio,一般持仓多头保证金比例,0.14,0.14,0.14,0.14,equal_to_notice_value,等于公告值,20260310,20260310,0.11,0.11,changed_to_notice_value_on_observation_date,参数核对日变为公告值,126,126,more_than_60_days_to_expiry,距到期超过60天,official_exchange_daily_raw,交易所官方日度原始值
t20260309_830615,t20260309_830615,20260310,20260310,20260311,20260311,BU,BU,bu2607,bu2607,spec_short_margin_ratio,一般持仓空头保证金比例,0.14,0.14,0.14,0.14,equal_to_notice_value,等于公告值,20260310,20260310,0.11,0.11,changed_to_notice_value_on_observation_date,参数核对日变为公告值,126,126,more_than_60_days_to_expiry,距到期超过60天,official_exchange_daily_raw,交易所官方日度原始值
t20260309_830615,t20260309_830615,20260310,20260310,20260311,20260311,BU,BU,bu2607,bu2607,upper_limit_ratio,涨停板比例,0.12,0.12,0.12,0.12,equal_to_notice_value,等于公告值,20260310,20260310,0.09,0.09,changed_to_notice_value_on_observation_date,参数核对日变为公告值,126,126,more_than_60_days_to_expiry,距到期超过60天,official_exchange_daily_raw,交易所官方日度原始值
t20260309_830615,t20260309_830615,20260310,20260310,20260311,20260311,BU,BU,bu2608,bu2608,hedge_long_margin_ratio,套保持仓多头保证金比例,0.13,0.13,0.13,0.13,equal_to_notice_value,等于公告值,20260310,20260310,0.1,0.1,changed_to_notice_value_on_observation_date,参数核对日变为公告值,159,159,more_than_60_days_to_expiry,距到期超过60天,official_exchange_daily_raw,交易所官方日度原始值
t20260309_830615,t20260309_830615,20260310,20260310,20260311,20260311,BU,BU,bu2608,bu2608,hedge_short_margin_ratio,套保持仓空头保证金比例,0.13,0.13,0.13,0.13,equal_to_notice_value,等于公告值,20260310,20260310,0.1,0.1,changed_to_notice_value_on_observation_date,参数核对日变为公告值,159,159,more_than_60_days_to_expiry,距到期超过60天,official_exchange_daily_raw,交易所官方日度原始值
t20260309_830615,t20260309_830615,20260310,20260310,20260311,20260311,BU,BU,bu2608,bu2608,lower_limit_ratio,跌停板比例,0.12,0.12,0.12,0.12,equal_to_notice_value,等于公告值,20260310,20260310,0.09,0.09,changed_to_notice_value_on_observation_date,参数核对日变为公告值,159,159,more_than_60_days_to_expiry,距到期超过60天,official_exchange_daily_raw,交易所官方日度原始值
t20260309_830615,t20260309_830615,20260310,20260310,20260311,20260311,BU,BU,bu2608,bu2608,spec_long_margin_ratio,一般持仓多头保证金比例,0.14,0.14,0.14,0.14,equal_to_notice_value,等于公告值,20260310,20260310,0.11,0.11,changed_to_notice_value_on_observation_date,参数核对日变为公告值,159,159,more_than_60_days_to_expiry,距到期超过60天,official_exchange_daily_raw,交易所官方日度原始值
t20260309_830615,t20260309_830615,20260310,20260310,20260311,20260311,BU,BU,bu2608,bu2608,spec_short_margin_ratio,一般持仓空头保证金比例,0.14,0.14,0.14,0.14,equal_to_notice_value,等于公告值,20260310,20260310,0.11,0.11,changed_to_notice_value_on_observation_date,参数核对日变为公告值,159,159,more_than_60_days_to_expiry,距到期超过60天,official_exchange_daily_raw,交易所官方日度原始值
t20260309_830615,t20260309_830615,20260310,20260310,20260311,20260311,BU,BU,bu2608,bu2608,upper_limit_ratio,涨停板比例,0.12,0.12,0.12,0.12,equal_to_notice_value,等于公告值,20260310,20260310,0.09,0.09,changed_to_notice_value_on_observation_date,参数核对日变为公告值,159,159,more_than_60_days_to_expiry,距到期超过60天,official_exchange_daily_raw,交易所官方日度原始值
t20260309_830615,t20260309_830615,20260310,20260310,20260311,20260311,BU,BU,bu2609,bu2609,hedge_long_margin_ratio,套保持仓多头保证金比例,0.13,0.13,0.13,0.13,equal_to_notice_value,等于公告值,20260310,20260310,0.1,0.1,changed_to_notice_value_on_observation_date,参数核对日变为公告值,188,188,more_than_60_days_to_expiry,距到期超过60天,official_exchange_daily_raw,交易所官方日度原始值
t20260309_830615,t20260309_830615,20260310,20260310,20260311,20260311,BU,BU,bu2609,bu2609,hedge_short_margin_ratio,套保持仓空头保证金比例,0.13,0.13,0.13,0.13,equal_to_notice_value,等于公告值,20260310,20260310,0.1,0.1,changed_to_notice_value_on_observation_date,参数核对日变为公告值,188,188,more_than_60_days_to_expiry,距到期超过60天,official_exchange_daily_raw,交易所官方日度原始值
t20260309_830615,t20260309_830615,20260310,20260310,20260311,20260311,BU,BU,bu2609,bu2609,lower_limit_ratio,跌停板比例,0.12,0.12,0.12,0.12,equal_to_notice_value,等于公告值,20260310,20260310,0.09,0.09,changed_to_notice_value_on_observation_date,参数核对日变为公告值,188,188,more_than_60_days_to_expiry,距到期超过60天,official_exchange_daily_raw,交易所官方日度原始值
t20260309_830615,t20260309_830615,20260310,20260310,20260311,20260311,BU,BU,bu2609,bu2609,spec_long_margin_ratio,一般持仓多头保证金比例,0.14,0.14,0.14,0.14,equal_to_notice_value,等于公告值,20260310,20260310,0.11,0.11,changed_to_notice_value_on_observation_date,参数核对日变为公告值,188,188,more_than_60_days_to_expiry,距到期超过60天,official_exchange_daily_raw,交易所官方日度原始值
t20260309_830615,t20260309_830615,20260310,20260310,20260311,20260311,BU,BU,bu2609,bu2609,spec_short_margin_ratio,一般持仓空头保证金比例,0.14,0.14,0.14,0.14,equal_to_notice_value,等于公告值,20260310,20260310,0.11,0.11,changed_to_notice_value_on_observation_date,参数核对日变为公告值,188,188,more_than_60_days_to_expiry,距到期超过60天,official_exchange_daily_raw,交易所官方日度原始值
t20260309_830615,t20260309_830615,20260310,20260310,20260311,20260311,BU,BU,bu2609,bu2609,upper_limit_ratio,涨停板比例,0.12,0.12,0.12,0.12,equal_to_notice_value,等于公告值,20260310,20260310,0.09,0.09,changed_to_notice_value_on_observation_date,参数核对日变为公告值,188,188,more_than_60_days_to_expiry,距到期超过60天,official_exchange_daily_raw,交易所官方日度原始值
t20260309_830615,t20260309_830615,20260310,20260310,20260311,20260311,BU,BU,bu2610,bu2610,hedge_long_margin_ratio,套保持仓多头保证金比例,0.13,0.13,0.13,0.13,equal_to_notice_value,等于公告值,20260310,20260310,0.1,0.1,changed_to_notice_value_on_observation_date,参数核对日变为公告值,218,218,more_than_60_days_to_expiry,距到期超过60天,official_exchange_daily_raw,交易所官方日度原始值
t20260309_830615,t20260309_830615,20260310,20260310,20260311,20260311,BU,BU,bu2610,bu2610,hedge_short_margin_ratio,套保持仓空头保证金比例,0.13,0.13,0.13,0.13,equal_to_notice_value,等于公告值,20260310,20260310,0.1,0.1,changed_to_notice_value_on_observation_date,参数核对日变为公告值,218,218,more_than_60_days_to_expiry,距到期超过60天,official_exchange_daily_raw,交易所官方日度原始值
t20260309_830615,t20260309_830615,20260310,20260310,20260311,20260311,BU,BU,bu2610,bu2610,lower_limit_ratio,跌停板比例,0.12,0.12,0.12,0.12,equal_to_notice_value,等于公告值,20260310,20260310,0.09,0.09,changed_to_notice_value_on_observation_date,参数核对日变为公告值,218,218,more_than_60_days_to_expiry,距到期超过60天,official_exchange_daily_raw,交易所官方日度原始值
t20260309_830615,t20260309_830615,20260310,20260310,20260311,20260311,BU,BU,bu2610,bu2610,spec_long_margin_ratio,一般持仓多头保证金比例,0.14,0.14,0.14,0.14,equal_to_notice_value,等于公告值,20260310,20260310,0.11,0.11,changed_to_notice_value_on_observation_date,参数核对日变为公告值,218,218,more_than_60_days_to_expiry,距到期超过60天,official_exchange_daily_raw,交易所官方日度原始值
t20260309_830615,t20260309_830615,20260310,20260310,20260311,20260311,BU,BU,bu2610,bu2610,spec_short_margin_ratio,一般持仓空头保证金比例,0.14,0.14,0.14,0.14,equal_to_notice_value,等于公告值,20260310,20260310,0.11,0.11,changed_to_notice_value_on_observation_date,参数核对日变为公告值,218,218,more_than_60_days_to_expiry,距到期超过60天,official_exchange_daily_raw,交易所官方日度原始值
t20260309_830615,t20260309_830615,20260310,20260310,20260311,20260311,BU,BU,bu2610,bu2610,upper_limit_ratio,涨停板比例,0.12,0.12,0.12,0.12,equal_to_notice_value,等于公告值,20260310,20260310,0.09,0.09,changed_to_notice_value_on_observation_date,参数核对日变为公告值,218,218,more_than_60_days_to_expiry,距到期超过60天,official_exchange_daily_raw,交易所官方日度原始值
t20260309_830615,t20260309_830615,20260310,20260310,20260311,20260311,BU,BU,bu2611,bu2611,hedge_long_margin_ratio,套保持仓多头保证金比例,0.13,0.13,0.13,0.13,equal_to_notice_value,等于公告值,20260310,20260310,0.1,0.1,changed_to_notice_value_on_observation_date,参数核对日变为公告值,250,250,more_than_60_days_to_expiry,距到期超过60天,official_exchange_daily_raw,交易所官方日度原始值
t20260309_830615,t20260309_830615,20260310,20260310,20260311,20260311,BU,BU,bu2611,bu2611,hedge_short_margin_ratio,套保持仓空头保证金比例,0.13,0.13,0.13,0.13,equal_to_notice_value,等于公告值,20260310,20260310,0.1,0.1,changed_to_notice_value_on_observation_date,参数核对日变为公告值,250,250,more_than_60_days_to_expiry,距到期超过60天,official_exchange_daily_raw,交易所官方日度原始值
t20260309_830615,t20260309_830615,20260310,20260310,20260311,20260311,BU,BU,bu2611,bu2611,lower_limit_ratio,跌停板比例,0.12,0.12,0.12,0.12,equal_to_notice_value,等于公告值,20260310,20260310,0.09,0.09,changed_to_notice_value_on_observation_date,参数核对日变为公告值,250,250,more_than_60_days_to_expiry,距到期超过60天,official_exchange_daily_raw,交易所官方日度原始值
t20260309_830615,t20260309_830615,20260310,20260310,20260311,20260311,BU,BU,bu2611,bu2611,spec_long_margin_ratio,一般持仓多头保证金比例,0.14,0.14,0.14,0.14,equal_to_notice_value,等于公告值,20260310,20260310,0.11,0.11,changed_to_notice_value_on_observation_date,参数核对日变为公告值,250,250,more_than_60_days_to_expiry,距到期超过60天,official_exchange_daily_raw,交易所官方日度原始值
t20260309_830615,t20260309_830615,20260310,20260310,20260311,20260311,BU,BU,bu2611,bu2611,spec_short_margin_ratio,一般持仓空头保证金比例,0.14,0.14,0.14,0.14,equal_to_notice_value,等于公告值,20260310,20260310,0.11,0.11,changed_to_notice_value_on_observation_date,参数核对日变为公告值,250,250,more_than_60_days_to_expiry,距到期超过60天,official_exchange_daily_raw,交易所官方日度原始值
t20260309_830615,t20260309_830615,20260310,20260310,20260311,20260311,BU,BU,bu2611,bu2611,upper_limit_ratio,涨停板比例,0.12,0.12,0.12,0.12,equal_to_notice_value,等于公告值,20260310,20260310,0.09,0.09,changed_to_notice_value_on_observation_date,参数核对日变为公告值,250,250,more_than_60_days_to_expiry,距到期超过60天,official_exchange_daily_raw,交易所官方日度原始值
t20260309_830615,t20260309_830615,20260310,20260310,20260311,20260311,BU,BU,bu2612,bu2612,hedge_long_margin_ratio,套保持仓多头保证金比例,0.13,0.13,0.13,0.13,equal_to_notice_value,等于公告值,20260310,20260310,0.1,0.1,changed_to_notice_value_on_observation_date,参数核对日变为公告值,279,279,more_than_60_days_to_expiry,距到期超过60天,official_exchange_daily_raw,交易所官方日度原始值
t20260309_830615,t20260309_830615,20260310,20260310,20260311,20260311,BU,BU,bu2612,bu2612,hedge_short_margin_ratio,套保持仓空头保证金比例,0.13,0.13,0.13,0.13,equal_to_notice_value,等于公告值,20260310,20260310,0.1,0.1,changed_to_notice_value_on_observation_date,参数核对日变为公告值,279,279,more_than_60_days_to_expiry,距到期超过60天,official_exchange_daily_raw,交易所官方日度原始值
t20260309_830615,t20260309_830615,20260310,20260310,20260311,20260311,BU,BU,bu2612,bu2612,lower_limit_ratio,跌停板比例,0.12,0.12,0.12,0.12,equal_to_notice_value,等于公告值,20260310,20260310,0.09,0.09,changed_to_notice_value_on_observation_date,参数核对日变为公告值,279,279,more_than_60_days_to_expiry,距到期超过60天,official_exchange_daily_raw,交易所官方日度原始值
t20260309_830615,t20260309_830615,20260310,20260310,20260311,20260311,BU,BU,bu2612,bu2612,spec_long_margin_ratio,一般持仓多头保证金比例,0.14,0.14,0.14,0.14,equal_to_notice_value,等于公告值,20260310,20260310,0.11,0.11,changed_to_notice_value_on_observation_date,参数核对日变为公告值,279,279,more_than_60_days_to_expiry,距到期超过60天,official_exchange_daily_raw,交易所官方日度原始值
t20260309_830615,t20260309_830615,20260310,20260310,20260311,20260311,BU,BU,bu2612,bu2612,spec_short_margin_ratio,一般持仓空头保证金比例,0.14,0.14,0.14,0.14,equal_to_notice_value,等于公告值,20260310,20260310,0.11,0.11,changed_to_notice_value_on_observation_date,参数核对日变为公告值,279,279,more_than_60_days_to_expiry,距到期超过60天,official_exchange_daily_raw,交易所官方日度原始值
t20260309_830615,t20260309_830615,20260310,20260310,20260311,20260311,BU,BU,bu2612,bu2612,upper_limit_ratio,涨停板比例,0.12,0.12,0.12,0.12,equal_to_notice_value,等于公告值,20260310,20260310,0.09,0.09,changed_to_notice_value_on_observation_date,参数核对日变为公告值,279,279,more_than_60_days_to_expiry,距到期超过60天,official_exchange_daily_raw,交易所官方日度原始值
t20260309_830615,t20260309_830615,20260310,20260310,20260311,20260311,BU,BU,bu2701,bu2701,hedge_long_margin_ratio,套保持仓多头保证金比例,0.13,0.13,0.13,0.13,equal_to_notice_value,等于公告值,20260310,20260310,0.1,0.1,changed_to_notice_value_on_observation_date,参数核对日变为公告值,310,310,more_than_60_days_to_expiry,距到期超过60天,official_exchange_daily_raw,交易所官方日度原始值
t20260309_830615,t20260309_830615,20260310,20260310,20260311,20260311,BU,BU,bu2701,bu2701,hedge_short_margin_ratio,套保持仓空头保证金比例,0.13,0.13,0.13,0.13,equal_to_notice_value,等于公告值,20260310,20260310,0.1,0.1,changed_to_notice_value_on_observation_date,参数核对日变为公告值,310,310,more_than_60_days_to_expiry,距到期超过60天,official_exchange_daily_raw,交易所官方日度原始值
t20260309_830615,t20260309_830615,20260310,20260310,20260311,20260311,BU,BU,bu2701,bu2701,lower_limit_ratio,跌停板比例,0.12,0.12,0.12,0.12,equal_to_notice_value,等于公告值,20260310,20260310,0.09,0.09,changed_to_notice_value_on_observation_date,参数核对日变为公告值,310,310,more_than_60_days_to_expiry,距到期超过60天,official_exchange_daily_raw,交易所官方日度原始值
t20260309_830615,t20260309_830615,20260310,20260310,20260311,20260311,BU,BU,bu2701,bu2701,spec_long_margin_ratio,一般持仓多头保证金比例,0.14,0.14,0.14,0.14,equal_to_notice_value,等于公告值,20260310,20260310,0.11,0.11,changed_to_notice_value_on_observation_date,参数核对日变为公告值,310,310,more_than_60_days_to_expiry,距到期超过60天,official_exchange_daily_raw,交易所官方日度原始值
t20260309_830615,t20260309_830615,20260310,20260310,20260311,20260311,BU,BU,bu2701,bu2701,spec_short_margin_ratio,一般持仓空头保证金比例,0.14,0.14,0.14,0.14,equal_to_notice_value,等于公告值,20260310,20260310,0.11,0.11,changed_to_notice_value_on_observation_date,参数核对日变为公告值,310,310,more_than_60_days_to_expiry,距到期超过60天,official_exchange_daily_raw,交易所官方日度原始值
t20260309_830615,t20260309_830615,20260310,20260310,20260311,20260311,BU,BU,bu2701,bu2701,upper_limit_ratio,涨停板比例,0.12,0.12,0.12,0.12,equal_to_notice_value,等于公告值,20260310,20260310,0.09,0.09,changed_to_notice_value_on_observation_date,参数核对日变为公告值,310,310,more_than_60_days_to_expiry,距到期超过60天,official_exchange_daily_raw,交易所官方日度原始值
t20260309_830615,t20260309_830615,20260310,20260310,20260311,20260311,BU,BU,bu2702,bu2702,hedge_long_margin_ratio,套保持仓多头保证金比例,0.13,0.13,0.13,0.13,equal_to_notice_value,等于公告值,20260310,20260310,0.1,0.1,changed_to_notice_value_on_observation_date,参数核对日变为公告值,341,341,more_than_60_days_to_expiry,距到期超过60天,official_exchange_daily_raw,交易所官方日度原始值
t20260309_830615,t20260309_830615,20260310,20260310,20260311,20260311,BU,BU,bu2702,bu2702,hedge_short_margin_ratio,套保持仓空头保证金比例,0.13,0.13,0.13,0.13,equal_to_notice_value,等于公告值,20260310,20260310,0.1,0.1,changed_to_notice_value_on_observation_date,参数核对日变为公告值,341,341,more_than_60_days_to_expiry,距到期超过60天,official_exchange_daily_raw,交易所官方日度原始值
t20260309_830615,t20260309_830615,20260310,20260310,20260311,20260311,BU,BU,bu2702,bu2702,lower_limit_ratio,跌停板比例,0.12,0.12,0.12,0.12,equal_to_notice_value,等于公告值,20260310,20260310,0.09,0.09,changed_to_notice_value_on_observation_date,参数核对日变为公告值,341,341,more_than_60_days_to_expiry,距到期超过60天,official_exchange_daily_raw,交易所官方日度原始值
t20260309_830615,t20260309_830615,20260310,20260310,20260311,20260311,BU,BU,bu2702,bu2702,spec_long_margin_ratio,一般持仓多头保证金比例,0.14,0.14,0.14,0.14,equal_to_notice_value,等于公告值,20260310,20260310,0.11,0.11,changed_to_notice_value_on_observation_date,参数核对日变为公告值,341,341,more_than_60_days_to_expiry,距到期超过60天,official_exchange_daily_raw,交易所官方日度原始值
t20260309_830615,t20260309_830615,20260310,20260310,20260311,20260311,BU,BU,bu2702,bu2702,spec_short_margin_ratio,一般持仓空头保证金比例,0.14,0.14,0.14,0.14,equal_to_notice_value,等于公告值,20260310,20260310,0.11,0.11,changed_to_notice_value_on_observation_date,参数核对日变为公告值,341,341,more_than_60_days_to_expiry,距到期超过60天,official_exchange_daily_raw,交易所官方日度原始值
t20260309_830615,t20260309_830615,20260310,20260310,20260311,20260311,BU,BU,bu2702,bu2702,upper_limit_ratio,涨停板比例,0.12,0.12,0.12,0.12,equal_to_notice_value,等于公告值,20260310,20260310,0.09,0.09,changed_to_notice_value_on_observation_date,参数核对日变为公告值,341,341,more_than_60_days_to_expiry,距到期超过60天,official_exchange_daily_raw,交易所官方日度原始值
t20260309_830615,t20260309_830615,20260310,20260310,20260311,20260311,BU,BU,bu2703,bu2703,hedge_long_margin_ratio,套保持仓多头保证金比例,0.13,0.13,0.13,0.13,equal_to_notice_value,等于公告值,20260310,20260310,0.1,0.1,changed_to_notice_value_on_observation_date,参数核对日变为公告值,369,369,more_than_60_days_to_expiry,距到期超过60天,official_exchange_daily_raw,交易所官方日度原始值
t20260309_830615,t20260309_830615,20260310,20260310,20260311,20260311,BU,BU,bu2703,bu2703,hedge_short_margin_ratio,套保持仓空头保证金比例,0.13,0.13,0.13,0.13,equal_to_notice_value,等于公告值,20260310,20260310,0.1,0.1,changed_to_notice_value_on_observation_date,参数核对日变为公告值,369,369,more_than_60_days_to_expiry,距到期超过60天,official_exchange_daily_raw,交易所官方日度原始值
t20260309_830615,t20260309_830615,20260310,20260310,20260311,20260311,BU,BU,bu2703,bu2703,lower_limit_ratio,跌停板比例,0.12,0.12,0.12,0.12,equal_to_notice_value,等于公告值,20260310,20260310,0.09,0.09,changed_to_notice_value_on_observation_date,参数核对日变为公告值,369,369,more_than_60_days_to_expiry,距到期超过60天,official_exchange_daily_raw,交易所官方日度原始值
t20260309_830615,t20260309_830615,20260310,20260310,20260311,20260311,BU,BU,bu2703,bu2703,spec_long_margin_ratio,一般持仓多头保证金比例,0.14,0.14,0.14,0.14,equal_to_notice_value,等于公告值,20260310,20260310,0.11,0.11,changed_to_notice_value_on_observation_date,参数核对日变为公告值,369,369,more_than_60_days_to_expiry,距到期超过60天,official_exchange_daily_raw,交易所官方日度原始值
t20260309_830615,t20260309_830615,20260310,20260310,20260311,20260311,BU,BU,bu2703,bu2703,spec_short_margin_ratio,一般持仓空头保证金比例,0.14,0.14,0.14,0.14,equal_to_notice_value,等于公告值,20260310,20260310,0.11,0.11,changed_to_notice_value_on_observation_date,参数核对日变为公告值,369,369,more_than_60_days_to_expiry,距到期超过60天,official_exchange_daily_raw,交易所官方日度原始值
t20260309_830615,t20260309_830615,20260310,20260310,20260311,20260311,BU,BU,bu2703,bu2703,upper_limit_ratio,涨停板比例,0.12,0.12,0.12,0.12,equal_to_notice_value,等于公告值,20260310,20260310,0.09,0.09,changed_to_notice_value_on_observation_date,参数核对日变为公告值,369,369,more_than_60_days_to_expiry,距到期超过60天,official_exchange_daily_raw,交易所官方日度原始值
t20260309_830615,t20260309_830615,20260310,20260310,20260311,20260311,BU,BU,bu2706,bu2706,hedge_long_margin_ratio,套保持仓多头保证金比例,0.13,0.13,0.13,0.13,equal_to_notice_value,等于公告值,20260310,20260310,0.1,0.1,changed_to_notice_value_on_observation_date,参数核对日变为公告值,461,461,more_than_60_days_to_expiry,距到期超过60天,official_exchange_daily_raw,交易所官方日度原始值
t20260309_830615,t20260309_830615,20260310,20260310,20260311,20260311,BU,BU,bu2706,bu2706,hedge_short_margin_ratio,套保持仓空头保证金比例,0.13,0.13,0.13,0.13,equal_to_notice_value,等于公告值,20260310,20260310,0.1,0.1,changed_to_notice_value_on_observation_date,参数核对日变为公告值,461,461,more_than_60_days_to_expiry,距到期超过60天,official_exchange_daily_raw,交易所官方日度原始值
t20260309_830615,t20260309_830615,20260310,20260310,20260311,20260311,BU,BU,bu2706,bu2706,lower_limit_ratio,跌停板比例,0.12,0.12,0.12,0.12,equal_to_notice_value,等于公告值,20260310,20260310,0.09,0.09,changed_to_notice_value_on_observation_date,参数核对日变为公告值,461,461,more_than_60_days_to_expiry,距到期超过60天,official_exchange_daily_raw,交易所官方日度原始值
t20260309_830615,t20260309_830615,20260310,20260310,20260311,20260311,BU,BU,bu2706,bu2706,spec_long_margin_ratio,一般持仓多头保证金比例,0.14,0.14,0.14,0.14,equal_to_notice_value,等于公告值,20260310,20260310,0.11,0.11,changed_to_notice_value_on_observation_date,参数核对日变为公告值,461,461,more_than_60_days_to_expiry,距到期超过60天,official_exchange_daily_raw,交易所官方日度原始值
t20260309_830615,t20260309_830615,20260310,20260310,20260311,20260311,BU,BU,bu2706,bu2706,spec_short_margin_ratio,一般持仓空头保证金比例,0.14,0.14,0.14,0.14,equal_to_notice_value,等于公告值,20260310,20260310,0.11,0.11,changed_to_notice_value_on_observation_date,参数核对日变为公告值,461,461,more_than_60_days_to_expiry,距到期超过60天,official_exchange_daily_raw,交易所官方日度原始值
t20260309_830615,t20260309_830615,20260310,20260310,20260311,20260311,BU,BU,bu2706,bu2706,upper_limit_ratio,涨停板比例,0.12,0.12,0.12,0.12,equal_to_notice_value,等于公告值,20260310,20260310,0.09,0.09,changed_to_notice_value_on_observation_date,参数核对日变为公告值,461,461,more_than_60_days_to_expiry,距到期超过60天,official_exchange_daily_raw,交易所官方日度原始值
t20260309_830615,t20260309_830615,20260310,20260310,20260311,20260311,BU,BU,bu2709,bu2709,hedge_long_margin_ratio,套保持仓多头保证金比例,0.13,0.13,0.13,0.13,equal_to_notice_value,等于公告值,20260310,20260310,0.1,0.1,changed_to_notice_value_on_observation_date,参数核对日变为公告值,553,553,more_than_60_days_to_expiry,距到期超过60天,official_exchange_daily_raw,交易所官方日度原始值
t20260309_830615,t20260309_830615,20260310,20260310,20260311,20260311,BU,BU,bu2709,bu2709,hedge_short_margin_ratio,套保持仓空头保证金比例,0.13,0.13,0.13,0.13,equal_to_notice_value,等于公告值,20260310,20260310,0.1,0.1,changed_to_notice_value_on_observation_date,参数核对日变为公告值,553,553,more_than_60_days_to_expiry,距到期超过60天,official_exchange_daily_raw,交易所官方日度原始值
t20260309_830615,t20260309_830615,20260310,20260310,20260311,20260311,BU,BU,bu2709,bu2709,lower_limit_ratio,跌停板比例,0.12,0.12,0.12,0.12,equal_to_notice_value,等于公告值,20260310,20260310,0.09,0.09,changed_to_notice_value_on_observation_date,参数核对日变为公告值,553,553,more_than_60_days_to_expiry,距到期超过60天,official_exchange_daily_raw,交易所官方日度原始值
t20260309_830615,t20260309_830615,20260310,20260310,20260311,20260311,BU,BU,bu2709,bu2709,spec_long_margin_ratio,一般持仓多头保证金比例,0.14,0.14,0.14,0.14,equal_to_notice_value,等于公告值,20260310,20260310,0.11,0.11,changed_to_notice_value_on_observation_date,参数核对日变为公告值,553,553,more_than_60_days_to_expiry,距到期超过60天,official_exchange_daily_raw,交易所官方日度原始值
t20260309_830615,t20260309_830615,20260310,20260310,20260311,20260311,BU,BU,bu2709,bu2709,spec_short_margin_ratio,一般持仓空头保证金比例,0.14,0.14,0.14,0.14,equal_to_notice_value,等于公告值,20260310,20260310,0.11,0.11,changed_to_notice_value_on_observation_date,参数核对日变为公告值,553,553,more_than_60_days_to_expiry,距到期超过60天,official_exchange_daily_raw,交易所官方日度原始值
t20260309_830615,t20260309_830615,20260310,20260310,20260311,20260311,BU,BU,bu2709,bu2709,upper_limit_ratio,涨停板比例,0.12,0.12,0.12,0.12,equal_to_notice_value,等于公告值,20260310,20260310,0.09,0.09,changed_to_notice_value_on_observation_date,参数核对日变为公告值,553,553,more_than_60_days_to_expiry,距到期超过60天,official_exchange_daily_raw,交易所官方日度原始值
t20260309_830615,t20260309_830615,20260310,20260310,20260311,20260311,BU,BU,bu2712,bu2712,hedge_long_margin_ratio,套保持仓多头保证金比例,0.13,0.13,0.13,0.13,equal_to_notice_value,等于公告值,20260310,20260310,0.1,0.1,changed_to_notice_value_on_observation_date,参数核对日变为公告值,644,644,more_than_60_days_to_expiry,距到期超过60天,official_exchange_daily_raw,交易所官方日度原始值
t20260309_830615,t20260309_830615,20260310,20260310,20260311,20260311,BU,BU,bu2712,bu2712,hedge_short_margin_ratio,套保持仓空头保证金比例,0.13,0.13,0.13,0.13,equal_to_notice_value,等于公告值,20260310,20260310,0.1,0.1,changed_to_notice_value_on_observation_date,参数核对日变为公告值,644,644,more_than_60_days_to_expiry,距到期超过60天,official_exchange_daily_raw,交易所官方日度原始值
t20260309_830615,t20260309_830615,20260310,20260310,20260311,20260311,BU,BU,bu2712,bu2712,lower_limit_ratio,跌停板比例,0.12,0.12,0.12,0.12,equal_to_notice_value,等于公告值,20260310,20260310,0.09,0.09,changed_to_notice_value_on_observation_date,参数核对日变为公告值,644,644,more_than_60_days_to_expiry,距到期超过60天,official_exchange_daily_raw,交易所官方日度原始值
t20260309_830615,t20260309_830615,20260310,20260310,20260311,20260311,BU,BU,bu2712,bu2712,spec_long_margin_ratio,一般持仓多头保证金比例,0.14,0.14,0.14,0.14,equal_to_notice_value,等于公告值,20260310,20260310,0.11,0.11,changed_to_notice_value_on_observation_date,参数核对日变为公告值,644,644,more_than_60_days_to_expiry,距到期超过60天,official_exchange_daily_raw,交易所官方日度原始值
t20260309_830615,t20260309_830615,20260310,20260310,20260311,20260311,BU,BU,bu2712,bu2712,spec_short_margin_ratio,一般持仓空头保证金比例,0.14,0.14,0.14,0.14,equal_to_notice_value,等于公告值,20260310,20260310,0.11,0.11,changed_to_notice_value_on_observation_date,参数核对日变为公告值,644,644,more_than_60_days_to_expiry,距到期超过60天,official_exchange_daily_raw,交易所官方日度原始值
t20260309_830615,t20260309_830615,20260310,20260310,20260311,20260311,BU,BU,bu2712,bu2712,upper_limit_ratio,涨停板比例,0.12,0.12,0.12,0.12,equal_to_notice_value,等于公告值,20260310,20260310,0.09,0.09,changed_to_notice_value_on_observation_date,参数核对日变为公告值,644,644,more_than_60_days_to_expiry,距到期超过60天,official_exchange_daily_raw,交易所官方日度原始值
t20260310_830641,t20260310_830641,20260310,20260310,20260311,20260311,BU,BU,bu2603,bu2603,hedge_long_margin_ratio,套保持仓多头保证金比例,0.13,0.13,0.15,0.15,above_notice_value,高于公告值,20260310,20260310,0.15,0.15,preexisting_value_at_or_above_notice_level,参数此前已达到或高于公告值,5,5,days_0_10_to_expiry,距到期0至10天,official_exchange_daily_raw,交易所官方日度原始值
t20260310_830641,t20260310_830641,20260310,20260310,20260311,20260311,BU,BU,bu2603,bu2603,hedge_short_margin_ratio,套保持仓空头保证金比例,0.13,0.13,0.15,0.15,above_notice_value,高于公告值,20260310,20260310,0.15,0.15,preexisting_value_at_or_above_notice_level,参数此前已达到或高于公告值,5,5,days_0_10_to_expiry,距到期0至10天,official_exchange_daily_raw,交易所官方日度原始值
t20260310_830641,t20260310_830641,20260310,20260310,20260311,20260311,BU,BU,bu2603,bu2603,lower_limit_ratio,跌停板比例,0.12,0.12,0.12,0.12,equal_to_notice_value,等于公告值,20260310,20260310,0.12,0.12,preexisting_value_at_or_above_notice_level,参数此前已达到或高于公告值,5,5,days_0_10_to_expiry,距到期0至10天,official_exchange_daily_raw,交易所官方日度原始值
t20260310_830641,t20260310_830641,20260310,20260310,20260311,20260311,BU,BU,bu2603,bu2603,spec_long_margin_ratio,一般持仓多头保证金比例,0.14,0.14,0.15,0.15,above_notice_value,高于公告值,20260310,20260310,0.15,0.15,preexisting_value_at_or_above_notice_level,参数此前已达到或高于公告值,5,5,days_0_10_to_expiry,距到期0至10天,official_exchange_daily_raw,交易所官方日度原始值
t20260310_830641,t20260310_830641,20260310,20260310,20260311,20260311,BU,BU,bu2603,bu2603,spec_short_margin_ratio,一般持仓空头保证金比例,0.14,0.14,0.15,0.15,above_notice_value,高于公告值,20260310,20260310,0.15,0.15,preexisting_value_at_or_above_notice_level,参数此前已达到或高于公告值,5,5,days_0_10_to_expiry,距到期0至10天,official_exchange_daily_raw,交易所官方日度原始值
t20260310_830641,t20260310_830641,20260310,20260310,20260311,20260311,BU,BU,bu2603,bu2603,upper_limit_ratio,涨停板比例,0.12,0.12,0.12,0.12,equal_to_notice_value,等于公告值,20260310,20260310,0.12,0.12,preexisting_value_at_or_above_notice_level,参数此前已达到或高于公告值,5,5,days_0_10_to_expiry,距到期0至10天,official_exchange_daily_raw,交易所官方日度原始值
t20260310_830641,t20260310_830641,20260310,20260310,20260311,20260311,BU,BU,bu2604,bu2604,hedge_long_margin_ratio,套保持仓多头保证金比例,0.13,0.13,0.13,0.13,equal_to_notice_value,等于公告值,20260310,20260310,0.14,0.14,changed_to_notice_value_on_observation_date,参数核对日变为公告值,35,35,days_31_60_to_expiry,距到期31至60天,official_exchange_daily_raw,交易所官方日度原始值
t20260310_830641,t20260310_830641,20260310,20260310,20260311,20260311,BU,BU,bu2604,bu2604,hedge_short_margin_ratio,套保持仓空头保证金比例,0.13,0.13,0.13,0.13,equal_to_notice_value,等于公告值,20260310,20260310,0.14,0.14,changed_to_notice_value_on_observation_date,参数核对日变为公告值,35,35,days_31_60_to_expiry,距到期31至60天,official_exchange_daily_raw,交易所官方日度原始值
t20260310_830641,t20260310_830641,20260310,20260310,20260311,20260311,BU,BU,bu2604,bu2604,lower_limit_ratio,跌停板比例,0.12,0.12,0.12,0.12,equal_to_notice_value,等于公告值,20260310,20260310,0.12,0.12,preexisting_value_at_or_above_notice_level,参数此前已达到或高于公告值,35,35,days_31_60_to_expiry,距到期31至60天,official_exchange_daily_raw,交易所官方日度原始值
t20260310_830641,t20260310_830641,20260310,20260310,20260311,20260311,BU,BU,bu2604,bu2604,spec_long_margin_ratio,一般持仓多头保证金比例,0.14,0.14,0.14,0.14,equal_to_notice_value,等于公告值,20260310,20260310,0.14,0.14,preexisting_value_at_or_above_notice_level,参数此前已达到或高于公告值,35,35,days_31_60_to_expiry,距到期31至60天,official_exchange_daily_raw,交易所官方日度原始值
t20260310_830641,t20260310_830641,20260310,20260310,20260311,20260311,BU,BU,bu2604,bu2604,spec_short_margin_ratio,一般持仓空头保证金比例,0.14,0.14,0.14,0.14,equal_to_notice_value,等于公告值,20260310,20260310,0.14,0.14,preexisting_value_at_or_above_notice_level,参数此前已达到或高于公告值,35,35,days_31_60_to_expiry,距到期31至60天,official_exchange_daily_raw,交易所官方日度原始值
t20260310_830641,t20260310_830641,20260310,20260310,20260311,20260311,BU,BU,bu2604,bu2604,upper_limit_ratio,涨停板比例,0.12,0.12,0.12,0.12,equal_to_notice_value,等于公告值,20260310,20260310,0.12,0.12,preexisting_value_at_or_above_notice_level,参数此前已达到或高于公告值,35,35,days_31_60_to_expiry,距到期31至60天,official_exchange_daily_raw,交易所官方日度原始值
t20260310_830641,t20260310_830641,20260310,20260310,20260311,20260311,BU,BU,bu2605,bu2605,hedge_long_margin_ratio,套保持仓多头保证金比例,0.13,0.13,0.13,0.13,equal_to_notice_value,等于公告值,20260310,20260310,0.14,0.14,changed_to_notice_value_on_observation_date,参数核对日变为公告值,65,65,more_than_60_days_to_expiry,距到期超过60天,official_exchange_daily_raw,交易所官方日度原始值
t20260310_830641,t20260310_830641,20260310,20260310,20260311,20260311,BU,BU,bu2605,bu2605,hedge_short_margin_ratio,套保持仓空头保证金比例,0.13,0.13,0.13,0.13,equal_to_notice_value,等于公告值,20260310,20260310,0.14,0.14,changed_to_notice_value_on_observation_date,参数核对日变为公告值,65,65,more_than_60_days_to_expiry,距到期超过60天,official_exchange_daily_raw,交易所官方日度原始值
t20260310_830641,t20260310_830641,20260310,20260310,20260311,20260311,BU,BU,bu2605,bu2605,lower_limit_ratio,跌停板比例,0.12,0.12,0.12,0.12,equal_to_notice_value,等于公告值,20260310,20260310,0.12,0.12,preexisting_value_at_or_above_notice_level,参数此前已达到或高于公告值,65,65,more_than_60_days_to_expiry,距到期超过60天,official_exchange_daily_raw,交易所官方日度原始值
t20260310_830641,t20260310_830641,20260310,20260310,20260311,20260311,BU,BU,bu2605,bu2605,spec_long_margin_ratio,一般持仓多头保证金比例,0.14,0.14,0.14,0.14,equal_to_notice_value,等于公告值,20260310,20260310,0.14,0.14,preexisting_value_at_or_above_notice_level,参数此前已达到或高于公告值,65,65,more_than_60_days_to_expiry,距到期超过60天,official_exchange_daily_raw,交易所官方日度原始值
t20260310_830641,t20260310_830641,20260310,20260310,20260311,20260311,BU,BU,bu2605,bu2605,spec_short_margin_ratio,一般持仓空头保证金比例,0.14,0.14,0.14,0.14,equal_to_notice_value,等于公告值,20260310,20260310,0.14,0.14,preexisting_value_at_or_above_notice_level,参数此前已达到或高于公告值,65,65,more_than_60_days_to_expiry,距到期超过60天,official_exchange_daily_raw,交易所官方日度原始值
t20260310_830641,t20260310_830641,20260310,20260310,20260311,20260311,BU,BU,bu2605,bu2605,upper_limit_ratio,涨停板比例,0.12,0.12,0.12,0.12,equal_to_notice_value,等于公告值,20260310,20260310,0.12,0.12,preexisting_value_at_or_above_notice_level,参数此前已达到或高于公告值,65,65,more_than_60_days_to_expiry,距到期超过60天,official_exchange_daily_raw,交易所官方日度原始值
t20260310_830641,t20260310_830641,20260310,20260310,20260311,20260311,BU,BU,bu2606,bu2606,hedge_long_margin_ratio,套保持仓多头保证金比例,0.13,0.13,0.13,0.13,equal_to_notice_value,等于公告值,20260310,20260310,0.14,0.14,changed_to_notice_value_on_observation_date,参数核对日变为公告值,96,96,more_than_60_days_to_expiry,距到期超过60天,official_exchange_daily_raw,交易所官方日度原始值
t20260310_830641,t20260310_830641,20260310,20260310,20260311,20260311,BU,BU,bu2606,bu2606,hedge_short_margin_ratio,套保持仓空头保证金比例,0.13,0.13,0.13,0.13,equal_to_notice_value,等于公告值,20260310,20260310,0.14,0.14,changed_to_notice_value_on_observation_date,参数核对日变为公告值,96,96,more_than_60_days_to_expiry,距到期超过60天,official_exchange_daily_raw,交易所官方日度原始值
t20260310_830641,t20260310_830641,20260310,20260310,20260311,20260311,BU,BU,bu2606,bu2606,lower_limit_ratio,跌停板比例,0.12,0.12,0.12,0.12,equal_to_notice_value,等于公告值,20260310,20260310,0.12,0.12,preexisting_value_at_or_above_notice_level,参数此前已达到或高于公告值,96,96,more_than_60_days_to_expiry,距到期超过60天,official_exchange_daily_raw,交易所官方日度原始值
t20260310_830641,t20260310_830641,20260310,20260310,20260311,20260311,BU,BU,bu2606,bu2606,spec_long_margin_ratio,一般持仓多头保证金比例,0.14,0.14,0.14,0.14,equal_to_notice_value,等于公告值,20260310,20260310,0.14,0.14,preexisting_value_at_or_above_notice_level,参数此前已达到或高于公告值,96,96,more_than_60_days_to_expiry,距到期超过60天,official_exchange_daily_raw,交易所官方日度原始值
t20260310_830641,t20260310_830641,20260310,20260310,20260311,20260311,BU,BU,bu2606,bu2606,spec_short_margin_ratio,一般持仓空头保证金比例,0.14,0.14,0.14,0.14,equal_to_notice_value,等于公告值,20260310,20260310,0.14,0.14,preexisting_value_at_or_above_notice_level,参数此前已达到或高于公告值,96,96,more_than_60_days_to_expiry,距到期超过60天,official_exchange_daily_raw,交易所官方日度原始值
t20260310_830641,t20260310_830641,20260310,20260310,20260311,20260311,BU,BU,bu2606,bu2606,upper_limit_ratio,涨停板比例,0.12,0.12,0.12,0.12,equal_to_notice_value,等于公告值,20260310,20260310,0.12,0.12,preexisting_value_at_or_above_notice_level,参数此前已达到或高于公告值,96,96,more_than_60_days_to_expiry,距到期超过60天,official_exchange_daily_raw,交易所官方日度原始值
t20260427_831528,t20260427_831528,20260429,20260429,20260430,20260430,AO,AO,ao2703,ao2703,hedge_long_margin_ratio,套保持仓多头保证金比例,0.11,0.11,0.11,0.11,equal_to_notice_value,等于公告值,20260429,20260429,0.08,0.08,changed_to_notice_value_on_observation_date,参数核对日变为公告值,319,319,more_than_60_days_to_expiry,距到期超过60天,official_exchange_daily_raw,交易所官方日度原始值
t20260427_831528,t20260427_831528,20260429,20260429,20260430,20260430,AO,AO,ao2703,ao2703,hedge_short_margin_ratio,套保持仓空头保证金比例,0.11,0.11,0.11,0.11,equal_to_notice_value,等于公告值,20260429,20260429,0.08,0.08,changed_to_notice_value_on_observation_date,参数核对日变为公告值,319,319,more_than_60_days_to_expiry,距到期超过60天,official_exchange_daily_raw,交易所官方日度原始值
t20260427_831528,t20260427_831528,20260429,20260429,20260430,20260430,AO,AO,ao2703,ao2703,lower_limit_ratio,跌停板比例,0.1,0.1,0.1,0.1,equal_to_notice_value,等于公告值,20260429,20260429,0.07,0.07,changed_to_notice_value_on_observation_date,参数核对日变为公告值,319,319,more_than_60_days_to_expiry,距到期超过60天,official_exchange_daily_raw,交易所官方日度原始值
t20260427_831528,t20260427_831528,20260429,20260429,20260430,20260430,AO,AO,ao2703,ao2703,spec_long_margin_ratio,一般持仓多头保证金比例,0.12,0.12,0.12,0.12,equal_to_notice_value,等于公告值,20260429,20260429,0.09,0.09,changed_to_notice_value_on_observation_date,参数核对日变为公告值,319,319,more_than_60_days_to_expiry,距到期超过60天,official_exchange_daily_raw,交易所官方日度原始值
t20260427_831528,t20260427_831528,20260429,20260429,20260430,20260430,AO,AO,ao2703,ao2703,spec_short_margin_ratio,一般持仓空头保证金比例,0.12,0.12,0.12,0.12,equal_to_notice_value,等于公告值,20260429,20260429,0.09,0.09,changed_to_notice_value_on_observation_date,参数核对日变为公告值,319,319,more_than_60_days_to_expiry,距到期超过60天,official_exchange_daily_raw,交易所官方日度原始值
t20260427_831528,t20260427_831528,20260429,20260429,20260430,20260430,AO,AO,ao2703,ao2703,upper_limit_ratio,涨停板比例,0.1,0.1,0.1,0.1,equal_to_notice_value,等于公告值,20260429,20260429,0.07,0.07,changed_to_notice_value_on_observation_date,参数核对日变为公告值,319,319,more_than_60_days_to_expiry,距到期超过60天,official_exchange_daily_raw,交易所官方日度原始值
t20260427_831528,t20260427_831528,20260429,20260429,20260430,20260430,AO,AO,ao2704,ao2704,hedge_long_margin_ratio,套保持仓多头保证金比例,0.11,0.11,0.11,0.11,equal_to_notice_value,等于公告值,20260429,20260429,0.08,0.08,changed_to_notice_value_on_observation_date,参数核对日变为公告值,350,350,more_than_60_days_to_expiry,距到期超过60天,official_exchange_daily_raw,交易所官方日度原始值
t20260427_831528,t20260427_831528,20260429,20260429,20260430,20260430,AO,AO,ao2704,ao2704,hedge_short_margin_ratio,套保持仓空头保证金比例,0.11,0.11,0.11,0.11,equal_to_notice_value,等于公告值,20260429,20260429,0.08,0.08,changed_to_notice_value_on_observation_date,参数核对日变为公告值,350,350,more_than_60_days_to_expiry,距到期超过60天,official_exchange_daily_raw,交易所官方日度原始值
t20260427_831528,t20260427_831528,20260429,20260429,20260430,20260430,AO,AO,ao2704,ao2704,lower_limit_ratio,跌停板比例,0.1,0.1,0.1,0.1,equal_to_notice_value,等于公告值,20260429,20260429,0.07,0.07,changed_to_notice_value_on_observation_date,参数核对日变为公告值,350,350,more_than_60_days_to_expiry,距到期超过60天,official_exchange_daily_raw,交易所官方日度原始值
t20260427_831528,t20260427_831528,20260429,20260429,20260430,20260430,AO,AO,ao2704,ao2704,spec_long_margin_ratio,一般持仓多头保证金比例,0.12,0.12,0.12,0.12,equal_to_notice_value,等于公告值,20260429,20260429,0.09,0.09,changed_to_notice_value_on_observation_date,参数核对日变为公告值,350,350,more_than_60_days_to_expiry,距到期超过60天,official_exchange_daily_raw,交易所官方日度原始值
t20260427_831528,t20260427_831528,20260429,20260429,20260430,20260430,AO,AO,ao2704,ao2704,spec_short_margin_ratio,一般持仓空头保证金比例,0.12,0.12,0.12,0.12,equal_to_notice_value,等于公告值,20260429,20260429,0.09,0.09,changed_to_notice_value_on_observation_date,参数核对日变为公告值,350,350,more_than_60_days_to_expiry,距到期超过60天,official_exchange_daily_raw,交易所官方日度原始值
t20260427_831528,t20260427_831528,20260429,20260429,20260430,20260430,AO,AO,ao2704,ao2704,upper_limit_ratio,涨停板比例,0.1,0.1,0.1,0.1,equal_to_notice_value,等于公告值,20260429,20260429,0.07,0.07,changed_to_notice_value_on_observation_date,参数核对日变为公告值,350,350,more_than_60_days_to_expiry,距到期超过60天,official_exchange_daily_raw,交易所官方日度原始值
